Processing EEGMMIDB S001 R01 (baseline_eyes_open)...
  windows written: 11
Processing EEGMMIDB S001 R02 (baseline_eyes_closed)...
  windows written: 11
Processing EEGMMIDB S001 R03 (execute_left_or_right_fist)...
  windows written: 24
Processing EEGMMIDB S001 R04 (imagine_left_or_right_fist)...
  windows written: 24
Processing EEGMMIDB S001 R05 (execute_both_fists_or_both_feet)...
  windows written: 24
Processing EEGMMIDB S001 R06 (imagine_both_fists_or_both_feet)...
  windows written: 24
Processing EEGMMIDB S001 R07 (execute_left_or_right_fist)...
  windows written: 24
Processing EEGMMIDB S001 R08 (imagine_left_or_right_fist)...
  windows written: 24
Processing EEGMMIDB S001 R09 (execute_both_fists_or_both_feet)...
  windows written: 24
Processing EEGMMIDB S001 R10 (imagine_both_fists_or_both_feet)...
  windows written: 24
Processing EEGMMIDB S001 R11 (execute_left_or_right_fist)...
  windows written: 24
Processing EEGMMIDB S001 R12 (imagine_left_or_right_fist)...
  windows written: 24
Processing EEGMMIDB S001 R13 (execute_both_fists_or_both_feet)...
/mnt/aiongpfs/users/pkola/thesis_eeg/BFM2_V6_FLOWMATCHING_STUDY_FULL_PIPELINE/data_preparation/build_eegmmidb_59ch_flow_memmap.py:187: RuntimeWarning: Skipping unreadable EEGMMIDB recording S001 R13: EOFError: Compressed file ended before the end-of-stream marker was reached
  warnings.warn(
Processing EEGMMIDB S001 R14 (imagine_both_fists_or_both_feet)...
  windows written: 24
Processing EEGMMIDB S002 R01 (baseline_eyes_open)...
  windows written: 11
Processing EEGMMIDB S002 R02 (baseline_eyes_closed)...
  windows written: 11
Processing EEGMMIDB S002 R03 (execute_left_or_right_fist)...
  windows written: 23
Processing EEGMMIDB S002 R04 (imagine_left_or_right_fist)...
  windows written: 23
Processing EEGMMIDB S002 R05 (execute_both_fists_or_both_feet)...
  windows written: 23
Processing EEGMMIDB S002 R06 (imagine_both_fists_or_both_feet)...
/mnt/aiongpfs/users/pkola/thesis_eeg/BFM2_V6_FLOWMATCHING_STUDY_FULL_PIPELINE/data_preparation/build_eegmmidb_59ch_flow_memmap.py:187: RuntimeWarning: Skipping unreadable EEGMMIDB recording S002 R06: EOFError: Compressed file ended before the end-of-stream marker was reached
  warnings.warn(
Processing EEGMMIDB S002 R07 (execute_left_or_right_fist)...
/mnt/aiongpfs/users/pkola/thesis_eeg/BFM2_V6_FLOWMATCHING_STUDY_FULL_PIPELINE/data_preparation/build_eegmmidb_59ch_flow_memmap.py:187: RuntimeWarning: Skipping unreadable EEGMMIDB recording S002 R07: EOFError: Compressed file ended before the end-of-stream marker was reached
  warnings.warn(
Processing EEGMMIDB S002 R08 (imagine_left_or_right_fist)...
  windows written: 23
Processing EEGMMIDB S002 R09 (execute_both_fists_or_both_feet)...
  windows written: 23
Processing EEGMMIDB S002 R10 (imagine_both_fists_or_both_feet)...
  windows written: 23
Processing EEGMMIDB S002 R11 (execute_left_or_right_fist)...
  windows written: 23
Processing EEGMMIDB S002 R12 (imagine_left_or_right_fist)...
  windows written: 23
Processing EEGMMIDB S002 R13 (execute_both_fists_or_both_feet)...
  windows written: 23
Processing EEGMMIDB S002 R14 (imagine_both_fists_or_both_feet)...
  windows written: 23
Processing EEGMMIDB S003 R01 (baseline_eyes_open)...
  windows written: 11
Processing EEGMMIDB S003 R02 (baseline_eyes_closed)...
  windows written: 11
Processing EEGMMIDB S003 R03 (execute_left_or_right_fist)...
  windows written: 24
Processing EEGMMIDB S003 R04 (imagine_left_or_right_fist)...
  windows written: 24
Processing EEGMMIDB S003 R05 (execute_both_fists_or_both_feet)...
  windows written: 24
Processing EEGMMIDB S003 R06 (imagine_both_fists_or_both_feet)...
  windows written: 24
Processing EEGMMIDB S003 R07 (execute_left_or_right_fist)...
  windows written: 24
Processing EEGMMIDB S003 R08 (imagine_left_or_right_fist)...
  windows written: 24
Processing EEGMMIDB S003 R09 (execute_both_fists_or_both_feet)...
  windows written: 24
Processing EEGMMIDB S003 R10 (imagine_both_fists_or_both_feet)...
  windows written: 24
Processing EEGMMIDB S003 R11 (execute_left_or_right_fist)...
  windows written: 24
Processing EEGMMIDB S003 R12 (imagine_left_or_right_fist)...
  windows written: 24
Processing EEGMMIDB S003 R13 (execute_both_fists_or_both_feet)...
  windows written: 24
Processing EEGMMIDB S003 R14 (imagine_both_fists_or_both_feet)...
  windows written: 24
Processing EEGMMIDB S004 R01 (baseline_eyes_open)...
  windows written: 11
Processing EEGMMIDB S004 R02 (baseline_eyes_closed)...
  windows written: 11
Processing EEGMMIDB S004 R03 (execute_left_or_right_fist)...
  windows written: 23
Processing EEGMMIDB S004 R04 (imagine_left_or_right_fist)...
  windows written: 23
Processing EEGMMIDB S004 R05 (execute_both_fists_or_both_feet)...
  windows written: 23
Processing EEGMMIDB S004 R06 (imagine_both_fists_or_both_feet)...
  windows written: 23
Processing EEGMMIDB S004 R07 (execute_left_or_right_fist)...
  windows written: 23
Processing EEGMMIDB S004 R08 (imagine_left_or_right_fist)...
  windows written: 23
Processing EEGMMIDB S004 R09 (execute_both_fists_or_both_feet)...
  windows written: 23
Processing EEGMMIDB S004 R10 (imagine_both_fists_or_both_feet)...
  windows written: 23
Processing EEGMMIDB S004 R11 (execute_left_or_right_fist)...
  windows written: 23
Processing EEGMMIDB S004 R12 (imagine_left_or_right_fist)...
  windows written: 23
Processing EEGMMIDB S004 R13 (execute_both_fists_or_both_feet)...
  windows written: 23
Processing EEGMMIDB S004 R14 (imagine_both_fists_or_both_feet)...
  windows written: 23
Processing EEGMMIDB S005 R01 (baseline_eyes_open)...
  windows written: 11
Processing EEGMMIDB S005 R02 (baseline_eyes_closed)...
  windows written: 11
Processing EEGMMIDB S005 R03 (execute_left_or_right_fist)...
  windows written: 23
Processing EEGMMIDB S005 R04 (imagine_left_or_right_fist)...
  windows written: 23
Processing EEGMMIDB S005 R05 (execute_both_fists_or_both_feet)...
  windows written: 23
Processing EEGMMIDB S005 R06 (imagine_both_fists_or_both_feet)...
  windows written: 23
Processing EEGMMIDB S005 R07 (execute_left_or_right_fist)...
  windows written: 23
Processing EEGMMIDB S005 R08 (imagine_left_or_right_fist)...
  windows written: 23
Processing EEGMMIDB S005 R09 (execute_both_fists_or_both_feet)...
  windows written: 23
Processing EEGMMIDB S005 R10 (imagine_both_fists_or_both_feet)...
  windows written: 23
Processing EEGMMIDB S005 R11 (execute_left_or_right_fist)...
  windows written: 23
Processing EEGMMIDB S005 R12 (imagine_left_or_right_fist)...
  windows written: 23
Processing EEGMMIDB S005 R13 (execute_both_fists_or_both_feet)...
  windows written: 23
Processing EEGMMIDB S005 R14 (imagine_both_fists_or_both_feet)...
  windows written: 23
Processing EEGMMIDB S006 R01 (baseline_eyes_open)...
  windows written: 11
Processing EEGMMIDB S006 R02 (baseline_eyes_closed)...
  windows written: 11
Processing EEGMMIDB S006 R03 (execute_left_or_right_fist)...
  windows written: 23
Processing EEGMMIDB S006 R04 (imagine_left_or_right_fist)...
  windows written: 23
Processing EEGMMIDB S006 R05 (execute_both_fists_or_both_feet)...
  windows written: 23
Processing EEGMMIDB S006 R06 (imagine_both_fists_or_both_feet)...
  windows written: 23
Processing EEGMMIDB S006 R07 (execute_left_or_right_fist)...
  windows written: 23
Processing EEGMMIDB S006 R08 (imagine_left_or_right_fist)...
  windows written: 23
Processing EEGMMIDB S006 R09 (execute_both_fists_or_both_feet)...
  windows written: 23
Processing EEGMMIDB S006 R10 (imagine_both_fists_or_both_feet)...
  windows written: 23
Processing EEGMMIDB S006 R11 (execute_left_or_right_fist)...
  windows written: 23
Processing EEGMMIDB S006 R12 (imagine_left_or_right_fist)...
  windows written: 23
Processing EEGMMIDB S006 R13 (execute_both_fists_or_both_feet)...
  windows written: 23
Processing EEGMMIDB S006 R14 (imagine_both_fists_or_both_feet)...
  windows written: 23
Processing EEGMMIDB S007 R01 (baseline_eyes_open)...
  windows written: 11
Processing EEGMMIDB S007 R02 (baseline_eyes_closed)...
  windows written: 11
Processing EEGMMIDB S007 R03 (execute_left_or_right_fist)...
  windows written: 24
Processing EEGMMIDB S007 R04 (imagine_left_or_right_fist)...
  windows written: 24
Processing EEGMMIDB S007 R05 (execute_both_fists_or_both_feet)...
  windows written: 24
Processing EEGMMIDB S007 R06 (imagine_both_fists_or_both_feet)...
  windows written: 24
Processing EEGMMIDB S007 R07 (execute_left_or_right_fist)...
  windows written: 24
Processing EEGMMIDB S007 R08 (imagine_left_or_right_fist)...
  windows written: 24
Processing EEGMMIDB S007 R09 (execute_both_fists_or_both_feet)...
  windows written: 24
Processing EEGMMIDB S007 R10 (imagine_both_fists_or_both_feet)...
  windows written: 24
Processing EEGMMIDB S007 R11 (execute_left_or_right_fist)...
  windows written: 24
Processing EEGMMIDB S007 R12 (imagine_left_or_right_fist)...
  windows written: 24
Processing EEGMMIDB S007 R13 (execute_both_fists_or_both_feet)...
  windows written: 24
Processing EEGMMIDB S007 R14 (imagine_both_fists_or_both_feet)...
  windows written: 24
Processing EEGMMIDB S008 R01 (baseline_eyes_open)...
  windows written: 11
Processing EEGMMIDB S008 R02 (baseline_eyes_closed)...
  windows written: 11
Processing EEGMMIDB S008 R03 (execute_left_or_right_fist)...
  windows written: 23
Processing EEGMMIDB S008 R04 (imagine_left_or_right_fist)...
  windows written: 23
Processing EEGMMIDB S008 R05 (execute_both_fists_or_both_feet)...
  windows written: 23
Processing EEGMMIDB S008 R06 (imagine_both_fists_or_both_feet)...
  windows written: 23
Processing EEGMMIDB S008 R07 (execute_left_or_right_fist)...
  windows written: 23
Processing EEGMMIDB S008 R08 (imagine_left_or_right_fist)...
  windows written: 23
Processing EEGMMIDB S008 R09 (execute_both_fists_or_both_feet)...
  windows written: 23
Processing EEGMMIDB S008 R10 (imagine_both_fists_or_both_feet)...
  windows written: 23
Processing EEGMMIDB S008 R11 (execute_left_or_right_fist)...
  windows written: 23
Processing EEGMMIDB S008 R12 (imagine_left_or_right_fist)...
  windows written: 23
Processing EEGMMIDB S008 R13 (execute_both_fists_or_both_feet)...
  windows written: 23
Processing EEGMMIDB S008 R14 (imagine_both_fists_or_both_feet)...
  windows written: 23
Processing EEGMMIDB S009 R01 (baseline_eyes_open)...
  windows written: 11
Processing EEGMMIDB S009 R02 (baseline_eyes_closed)...
  windows written: 11
Processing EEGMMIDB S009 R03 (execute_left_or_right_fist)...
  windows written: 23
Processing EEGMMIDB S009 R04 (imagine_left_or_right_fist)...
  windows written: 23
Processing EEGMMIDB S009 R05 (execute_both_fists_or_both_feet)...
  windows written: 23
Processing EEGMMIDB S009 R06 (imagine_both_fists_or_both_feet)...
  windows written: 23
Processing EEGMMIDB S009 R07 (execute_left_or_right_fist)...
  windows written: 23
Processing EEGMMIDB S009 R08 (imagine_left_or_right_fist)...
  windows written: 23
Processing EEGMMIDB S009 R09 (execute_both_fists_or_both_feet)...
  windows written: 23
Processing EEGMMIDB S009 R10 (imagine_both_fists_or_both_feet)...
  windows written: 23
Processing EEGMMIDB S009 R11 (execute_left_or_right_fist)...
  windows written: 23
Processing EEGMMIDB S009 R12 (imagine_left_or_right_fist)...
  windows written: 23
Processing EEGMMIDB S009 R13 (execute_both_fists_or_both_feet)...
  windows written: 23
Processing EEGMMIDB S009 R14 (imagine_both_fists_or_both_feet)...
  windows written: 23
Processing EEGMMIDB S010 R01 (baseline_eyes_open)...
  windows written: 11
Processing EEGMMIDB S010 R02 (baseline_eyes_closed)...
  windows written: 11
Processing EEGMMIDB S010 R03 (execute_left_or_right_fist)...
  windows written: 23
Processing EEGMMIDB S010 R04 (imagine_left_or_right_fist)...
  windows written: 23
Processing EEGMMIDB S010 R05 (execute_both_fists_or_both_feet)...
  windows written: 23
Processing EEGMMIDB S010 R06 (imagine_both_fists_or_both_feet)...
  windows written: 23
Processing EEGMMIDB S010 R07 (execute_left_or_right_fist)...
  windows written: 23
Processing EEGMMIDB S010 R08 (imagine_left_or_right_fist)...
  windows written: 23
Processing EEGMMIDB S010 R09 (execute_both_fists_or_both_feet)...
  windows written: 23
Processing EEGMMIDB S010 R10 (imagine_both_fists_or_both_feet)...
  windows written: 23
Processing EEGMMIDB S010 R11 (execute_left_or_right_fist)...
  windows written: 23
Processing EEGMMIDB S010 R12 (imagine_left_or_right_fist)...
  windows written: 23
Processing EEGMMIDB S010 R13 (execute_both_fists_or_both_feet)...
  windows written: 23
Processing EEGMMIDB S010 R14 (imagine_both_fists_or_both_feet)...
  windows written: 23
Processing EEGMMIDB S011 R01 (baseline_eyes_open)...
  windows written: 11
Processing EEGMMIDB S011 R02 (baseline_eyes_closed)...
  windows written: 11
Processing EEGMMIDB S011 R03 (execute_left_or_right_fist)...
  windows written: 23
Processing EEGMMIDB S011 R04 (imagine_left_or_right_fist)...
  windows written: 23
Processing EEGMMIDB S011 R05 (execute_both_fists_or_both_feet)...
  windows written: 23
Processing EEGMMIDB S011 R06 (imagine_both_fists_or_both_feet)...
  windows written: 23
Processing EEGMMIDB S011 R07 (execute_left_or_right_fist)...
  windows written: 23
Processing EEGMMIDB S011 R08 (imagine_left_or_right_fist)...
  windows written: 23
Processing EEGMMIDB S011 R09 (execute_both_fists_or_both_feet)...
  windows written: 23
Processing EEGMMIDB S011 R10 (imagine_both_fists_or_both_feet)...
  windows written: 23
Processing EEGMMIDB S011 R11 (execute_left_or_right_fist)...
  windows written: 23
Processing EEGMMIDB S011 R12 (imagine_left_or_right_fist)...
  windows written: 23
Processing EEGMMIDB S011 R13 (execute_both_fists_or_both_feet)...
  windows written: 23
Processing EEGMMIDB S011 R14 (imagine_both_fists_or_both_feet)...
  windows written: 23
Processing EEGMMIDB S012 R01 (baseline_eyes_open)...
  windows written: 11
Processing EEGMMIDB S012 R02 (baseline_eyes_closed)...
  windows written: 11
Processing EEGMMIDB S012 R03 (execute_left_or_right_fist)...
  windows written: 23
Processing EEGMMIDB S012 R04 (imagine_left_or_right_fist)...
  windows written: 23
Processing EEGMMIDB S012 R05 (execute_both_fists_or_both_feet)...
  windows written: 23
Processing EEGMMIDB S012 R06 (imagine_both_fists_or_both_feet)...
  windows written: 23
Processing EEGMMIDB S012 R07 (execute_left_or_right_fist)...
  windows written: 23
Processing EEGMMIDB S012 R08 (imagine_left_or_right_fist)...
  windows written: 23
Processing EEGMMIDB S012 R09 (execute_both_fists_or_both_feet)...
  windows written: 23
Processing EEGMMIDB S012 R10 (imagine_both_fists_or_both_feet)...
  windows written: 23
Processing EEGMMIDB S012 R11 (execute_left_or_right_fist)...
  windows written: 23
Processing EEGMMIDB S012 R12 (imagine_left_or_right_fist)...
  windows written: 23
Processing EEGMMIDB S012 R13 (execute_both_fists_or_both_feet)...
  windows written: 23
Processing EEGMMIDB S012 R14 (imagine_both_fists_or_both_feet)...
  windows written: 23
Processing EEGMMIDB S013 R01 (baseline_eyes_open)...
  windows written: 11
Processing EEGMMIDB S013 R02 (baseline_eyes_closed)...
  windows written: 11
Processing EEGMMIDB S013 R03 (execute_left_or_right_fist)...
  windows written: 23
Processing EEGMMIDB S013 R04 (imagine_left_or_right_fist)...
  windows written: 23
Processing EEGMMIDB S013 R05 (execute_both_fists_or_both_feet)...
  windows written: 23
Processing EEGMMIDB S013 R06 (imagine_both_fists_or_both_feet)...
  windows written: 23
Processing EEGMMIDB S013 R07 (execute_left_or_right_fist)...
  windows written: 23
Processing EEGMMIDB S013 R08 (imagine_left_or_right_fist)...
  windows written: 23
Processing EEGMMIDB S013 R09 (execute_both_fists_or_both_feet)...
  windows written: 23
Processing EEGMMIDB S013 R10 (imagine_both_fists_or_both_feet)...
  windows written: 23
Processing EEGMMIDB S013 R11 (execute_left_or_right_fist)...
  windows written: 23
Processing EEGMMIDB S013 R12 (imagine_left_or_right_fist)...
  windows written: 23
Processing EEGMMIDB S013 R13 (execute_both_fists_or_both_feet)...
  windows written: 23
Processing EEGMMIDB S013 R14 (imagine_both_fists_or_both_feet)...
  windows written: 23
Processing EEGMMIDB S014 R01 (baseline_eyes_open)...
  windows written: 11
Processing EEGMMIDB S014 R02 (baseline_eyes_closed)...
  windows written: 11
Processing EEGMMIDB S014 R03 (execute_left_or_right_fist)...
  windows written: 23
Processing EEGMMIDB S014 R04 (imagine_left_or_right_fist)...
  windows written: 23
Processing EEGMMIDB S014 R05 (execute_both_fists_or_both_feet)...
  windows written: 23
Processing EEGMMIDB S014 R06 (imagine_both_fists_or_both_feet)...
  windows written: 23
Processing EEGMMIDB S014 R07 (execute_left_or_right_fist)...
  windows written: 23
Processing EEGMMIDB S014 R08 (imagine_left_or_right_fist)...
  windows written: 23
Processing EEGMMIDB S014 R09 (execute_both_fists_or_both_feet)...
  windows written: 23
Processing EEGMMIDB S014 R10 (imagine_both_fists_or_both_feet)...
  windows written: 23
Processing EEGMMIDB S014 R11 (execute_left_or_right_fist)...
  windows written: 23
Processing EEGMMIDB S014 R12 (imagine_left_or_right_fist)...
  windows written: 23
Processing EEGMMIDB S014 R13 (execute_both_fists_or_both_feet)...
  windows written: 23
Processing EEGMMIDB S014 R14 (imagine_both_fists_or_both_feet)...
  windows written: 23
Processing EEGMMIDB S015 R01 (baseline_eyes_open)...
  windows written: 11
Processing EEGMMIDB S015 R02 (baseline_eyes_closed)...
  windows written: 11
Processing EEGMMIDB S015 R03 (execute_left_or_right_fist)...
  windows written: 23
Processing EEGMMIDB S015 R04 (imagine_left_or_right_fist)...
  windows written: 23
Processing EEGMMIDB S015 R05 (execute_both_fists_or_both_feet)...
  windows written: 23
Processing EEGMMIDB S015 R06 (imagine_both_fists_or_both_feet)...
  windows written: 23
Processing EEGMMIDB S015 R07 (execute_left_or_right_fist)...
  windows written: 23
Processing EEGMMIDB S015 R08 (imagine_left_or_right_fist)...
  windows written: 23
Processing EEGMMIDB S015 R09 (execute_both_fists_or_both_feet)...
  windows written: 23
Processing EEGMMIDB S015 R10 (imagine_both_fists_or_both_feet)...
  windows written: 23
Processing EEGMMIDB S015 R11 (execute_left_or_right_fist)...
  windows written: 23
Processing EEGMMIDB S015 R12 (imagine_left_or_right_fist)...
  windows written: 23
Processing EEGMMIDB S015 R13 (execute_both_fists_or_both_feet)...
  windows written: 23
Processing EEGMMIDB S015 R14 (imagine_both_fists_or_both_feet)...
  windows written: 23
Processing EEGMMIDB S016 R01 (baseline_eyes_open)...
  windows written: 11
Processing EEGMMIDB S016 R02 (baseline_eyes_closed)...
  windows written: 11
Processing EEGMMIDB S016 R03 (execute_left_or_right_fist)...
  windows written: 23
Processing EEGMMIDB S016 R04 (imagine_left_or_right_fist)...
  windows written: 23
Processing EEGMMIDB S016 R05 (execute_both_fists_or_both_feet)...
  windows written: 23
Processing EEGMMIDB S016 R06 (imagine_both_fists_or_both_feet)...
  windows written: 23
Processing EEGMMIDB S016 R07 (execute_left_or_right_fist)...
  windows written: 23
Processing EEGMMIDB S016 R08 (imagine_left_or_right_fist)...
  windows written: 23
Processing EEGMMIDB S016 R09 (execute_both_fists_or_both_feet)...
  windows written: 23
Processing EEGMMIDB S016 R10 (imagine_both_fists_or_both_feet)...
  windows written: 23
Processing EEGMMIDB S016 R11 (execute_left_or_right_fist)...
  windows written: 23
Processing EEGMMIDB S016 R12 (imagine_left_or_right_fist)...
  windows written: 23
Processing EEGMMIDB S016 R13 (execute_both_fists_or_both_feet)...
  windows written: 23
Processing EEGMMIDB S016 R14 (imagine_both_fists_or_both_feet)...
  windows written: 23
Processing EEGMMIDB S017 R01 (baseline_eyes_open)...
  windows written: 11
Processing EEGMMIDB S017 R02 (baseline_eyes_closed)...
  windows written: 11
Processing EEGMMIDB S017 R03 (execute_left_or_right_fist)...
  windows written: 23
Processing EEGMMIDB S017 R04 (imagine_left_or_right_fist)...
  windows written: 23
Processing EEGMMIDB S017 R05 (execute_both_fists_or_both_feet)...
  windows written: 23
Processing EEGMMIDB S017 R06 (imagine_both_fists_or_both_feet)...
  windows written: 23
Processing EEGMMIDB S017 R07 (execute_left_or_right_fist)...
  windows written: 23
Processing EEGMMIDB S017 R08 (imagine_left_or_right_fist)...
  windows written: 23
Processing EEGMMIDB S017 R09 (execute_both_fists_or_both_feet)...
  windows written: 23
Processing EEGMMIDB S017 R10 (imagine_both_fists_or_both_feet)...
  windows written: 23
Processing EEGMMIDB S017 R11 (execute_left_or_right_fist)...
  windows written: 23
Processing EEGMMIDB S017 R12 (imagine_left_or_right_fist)...
  windows written: 23
Processing EEGMMIDB S017 R13 (execute_both_fists_or_both_feet)...
  windows written: 23
Processing EEGMMIDB S017 R14 (imagine_both_fists_or_both_feet)...
  windows written: 23
Processing EEGMMIDB S018 R01 (baseline_eyes_open)...
  windows written: 11
Processing EEGMMIDB S018 R02 (baseline_eyes_closed)...
  windows written: 11
Processing EEGMMIDB S018 R03 (execute_left_or_right_fist)...
  windows written: 23
Processing EEGMMIDB S018 R04 (imagine_left_or_right_fist)...
  windows written: 23
Processing EEGMMIDB S018 R05 (execute_both_fists_or_both_feet)...
  windows written: 23
Processing EEGMMIDB S018 R06 (imagine_both_fists_or_both_feet)...
  windows written: 23
Processing EEGMMIDB S018 R07 (execute_left_or_right_fist)...
  windows written: 23
Processing EEGMMIDB S018 R08 (imagine_left_or_right_fist)...
  windows written: 23
Processing EEGMMIDB S018 R09 (execute_both_fists_or_both_feet)...
  windows written: 23
Processing EEGMMIDB S018 R10 (imagine_both_fists_or_both_feet)...
  windows written: 23
Processing EEGMMIDB S018 R11 (execute_left_or_right_fist)...
  windows written: 23
Processing EEGMMIDB S018 R12 (imagine_left_or_right_fist)...
  windows written: 23
Processing EEGMMIDB S018 R13 (execute_both_fists_or_both_feet)...
  windows written: 23
Processing EEGMMIDB S018 R14 (imagine_both_fists_or_both_feet)...
  windows written: 23
Processing EEGMMIDB S019 R01 (baseline_eyes_open)...
  windows written: 11
Processing EEGMMIDB S019 R02 (baseline_eyes_closed)...
  windows written: 11
Processing EEGMMIDB S019 R03 (execute_left_or_right_fist)...
  windows written: 23
Processing EEGMMIDB S019 R04 (imagine_left_or_right_fist)...
  windows written: 23
Processing EEGMMIDB S019 R05 (execute_both_fists_or_both_feet)...
  windows written: 23
Processing EEGMMIDB S019 R06 (imagine_both_fists_or_both_feet)...
  windows written: 23
Processing EEGMMIDB S019 R07 (execute_left_or_right_fist)...
  windows written: 23
Processing EEGMMIDB S019 R08 (imagine_left_or_right_fist)...
  windows written: 23
Processing EEGMMIDB S019 R09 (execute_both_fists_or_both_feet)...
  windows written: 23
Processing EEGMMIDB S019 R10 (imagine_both_fists_or_both_feet)...
  windows written: 23
Processing EEGMMIDB S019 R11 (execute_left_or_right_fist)...
  windows written: 23
Processing EEGMMIDB S019 R12 (imagine_left_or_right_fist)...
  windows written: 23
Processing EEGMMIDB S019 R13 (execute_both_fists_or_both_feet)...
  windows written: 23
Processing EEGMMIDB S019 R14 (imagine_both_fists_or_both_feet)...
  windows written: 23
Processing EEGMMIDB S020 R01 (baseline_eyes_open)...
  windows written: 11
Processing EEGMMIDB S020 R02 (baseline_eyes_closed)...
  windows written: 11
Processing EEGMMIDB S020 R03 (execute_left_or_right_fist)...
  windows written: 23
Processing EEGMMIDB S020 R04 (imagine_left_or_right_fist)...
  windows written: 23
Processing EEGMMIDB S020 R05 (execute_both_fists_or_both_feet)...
  windows written: 23
Processing EEGMMIDB S020 R06 (imagine_both_fists_or_both_feet)...
  windows written: 23
Processing EEGMMIDB S020 R07 (execute_left_or_right_fist)...
  windows written: 23
Processing EEGMMIDB S020 R08 (imagine_left_or_right_fist)...
  windows written: 23
Processing EEGMMIDB S020 R09 (execute_both_fists_or_both_feet)...
  windows written: 23
Processing EEGMMIDB S020 R10 (imagine_both_fists_or_both_feet)...
  windows written: 23
Processing EEGMMIDB S020 R11 (execute_left_or_right_fist)...
  windows written: 23
Processing EEGMMIDB S020 R12 (imagine_left_or_right_fist)...
  windows written: 23
Processing EEGMMIDB S020 R13 (execute_both_fists_or_both_feet)...
  windows written: 23
Processing EEGMMIDB S020 R14 (imagine_both_fists_or_both_feet)...
  windows written: 23
Processing EEGMMIDB S021 R01 (baseline_eyes_open)...
  windows written: 11
Processing EEGMMIDB S021 R02 (baseline_eyes_closed)...
  windows written: 11
Processing EEGMMIDB S021 R03 (execute_left_or_right_fist)...
  windows written: 24
Processing EEGMMIDB S021 R04 (imagine_left_or_right_fist)...
  windows written: 24
Processing EEGMMIDB S021 R05 (execute_both_fists_or_both_feet)...
  windows written: 24
Processing EEGMMIDB S021 R06 (imagine_both_fists_or_both_feet)...
  windows written: 24
Processing EEGMMIDB S021 R07 (execute_left_or_right_fist)...
  windows written: 24
Processing EEGMMIDB S021 R08 (imagine_left_or_right_fist)...
  windows written: 24
Processing EEGMMIDB S021 R09 (execute_both_fists_or_both_feet)...
  windows written: 24
Processing EEGMMIDB S021 R10 (imagine_both_fists_or_both_feet)...
  windows written: 24
Processing EEGMMIDB S021 R11 (execute_left_or_right_fist)...
  windows written: 24
Processing EEGMMIDB S021 R12 (imagine_left_or_right_fist)...
  windows written: 24
Processing EEGMMIDB S021 R13 (execute_both_fists_or_both_feet)...
  windows written: 24
Processing EEGMMIDB S021 R14 (imagine_both_fists_or_both_feet)...
  windows written: 24
Processing EEGMMIDB S022 R01 (baseline_eyes_open)...
  windows written: 11
Processing EEGMMIDB S022 R02 (baseline_eyes_closed)...
  windows written: 11
Processing EEGMMIDB S022 R03 (execute_left_or_right_fist)...
  windows written: 24
Processing EEGMMIDB S022 R04 (imagine_left_or_right_fist)...
  windows written: 24
Processing EEGMMIDB S022 R05 (execute_both_fists_or_both_feet)...
  windows written: 24
Processing EEGMMIDB S022 R06 (imagine_both_fists_or_both_feet)...
  windows written: 24
Processing EEGMMIDB S022 R07 (execute_left_or_right_fist)...
  windows written: 24
Processing EEGMMIDB S022 R08 (imagine_left_or_right_fist)...
  windows written: 24
Processing EEGMMIDB S022 R09 (execute_both_fists_or_both_feet)...
  windows written: 24
Processing EEGMMIDB S022 R10 (imagine_both_fists_or_both_feet)...
  windows written: 24
Processing EEGMMIDB S022 R11 (execute_left_or_right_fist)...
  windows written: 24
Processing EEGMMIDB S022 R12 (imagine_left_or_right_fist)...
  windows written: 24
Processing EEGMMIDB S022 R13 (execute_both_fists_or_both_feet)...
  windows written: 24
Processing EEGMMIDB S022 R14 (imagine_both_fists_or_both_feet)...
  windows written: 24
Processing EEGMMIDB S023 R01 (baseline_eyes_open)...
  windows written: 11
Processing EEGMMIDB S023 R02 (baseline_eyes_closed)...
  windows written: 11
Processing EEGMMIDB S023 R03 (execute_left_or_right_fist)...
  windows written: 23
Processing EEGMMIDB S023 R04 (imagine_left_or_right_fist)...
  windows written: 23
Processing EEGMMIDB S023 R05 (execute_both_fists_or_both_feet)...
  windows written: 23
Processing EEGMMIDB S023 R06 (imagine_both_fists_or_both_feet)...
  windows written: 23
Processing EEGMMIDB S023 R07 (execute_left_or_right_fist)...
  windows written: 23
Processing EEGMMIDB S023 R08 (imagine_left_or_right_fist)...
  windows written: 23
Processing EEGMMIDB S023 R09 (execute_both_fists_or_both_feet)...
  windows written: 23
Processing EEGMMIDB S023 R10 (imagine_both_fists_or_both_feet)...
  windows written: 23
Processing EEGMMIDB S023 R11 (execute_left_or_right_fist)...
  windows written: 23
Processing EEGMMIDB S023 R12 (imagine_left_or_right_fist)...
  windows written: 23
Processing EEGMMIDB S023 R13 (execute_both_fists_or_both_feet)...
  windows written: 23
Processing EEGMMIDB S023 R14 (imagine_both_fists_or_both_feet)...
  windows written: 23
Processing EEGMMIDB S024 R01 (baseline_eyes_open)...
  windows written: 11
Processing EEGMMIDB S024 R02 (baseline_eyes_closed)...
  windows written: 11
Processing EEGMMIDB S024 R03 (execute_left_or_right_fist)...
  windows written: 23
Processing EEGMMIDB S024 R04 (imagine_left_or_right_fist)...
  windows written: 23
Processing EEGMMIDB S024 R05 (execute_both_fists_or_both_feet)...
  windows written: 23
Processing EEGMMIDB S024 R06 (imagine_both_fists_or_both_feet)...
  windows written: 23
Processing EEGMMIDB S024 R07 (execute_left_or_right_fist)...
  windows written: 23
Processing EEGMMIDB S024 R08 (imagine_left_or_right_fist)...
  windows written: 23
Processing EEGMMIDB S024 R09 (execute_both_fists_or_both_feet)...
  windows written: 23
Processing EEGMMIDB S024 R10 (imagine_both_fists_or_both_feet)...
  windows written: 23
Processing EEGMMIDB S024 R11 (execute_left_or_right_fist)...
  windows written: 23
Processing EEGMMIDB S024 R12 (imagine_left_or_right_fist)...
  windows written: 23
Processing EEGMMIDB S024 R13 (execute_both_fists_or_both_feet)...
  windows written: 23
Processing EEGMMIDB S024 R14 (imagine_both_fists_or_both_feet)...
  windows written: 23
Processing EEGMMIDB S025 R01 (baseline_eyes_open)...
  windows written: 11
Processing EEGMMIDB S025 R02 (baseline_eyes_closed)...
  windows written: 11
Processing EEGMMIDB S025 R03 (execute_left_or_right_fist)...
  windows written: 23
Processing EEGMMIDB S025 R04 (imagine_left_or_right_fist)...
  windows written: 23
Processing EEGMMIDB S025 R05 (execute_both_fists_or_both_feet)...
  windows written: 23
Processing EEGMMIDB S025 R06 (imagine_both_fists_or_both_feet)...
  windows written: 23
Processing EEGMMIDB S025 R07 (execute_left_or_right_fist)...
  windows written: 23
Processing EEGMMIDB S025 R08 (imagine_left_or_right_fist)...
  windows written: 23
Processing EEGMMIDB S025 R09 (execute_both_fists_or_both_feet)...
  windows written: 23
Processing EEGMMIDB S025 R10 (imagine_both_fists_or_both_feet)...
  windows written: 23
Processing EEGMMIDB S025 R11 (execute_left_or_right_fist)...
  windows written: 23
Processing EEGMMIDB S025 R12 (imagine_left_or_right_fist)...
  windows written: 23
Processing EEGMMIDB S025 R13 (execute_both_fists_or_both_feet)...
  windows written: 23
Processing EEGMMIDB S025 R14 (imagine_both_fists_or_both_feet)...
  windows written: 23
Processing EEGMMIDB S026 R01 (baseline_eyes_open)...
  windows written: 11
Processing EEGMMIDB S026 R02 (baseline_eyes_closed)...
  windows written: 11
Processing EEGMMIDB S026 R03 (execute_left_or_right_fist)...
  windows written: 23
Processing EEGMMIDB S026 R04 (imagine_left_or_right_fist)...
  windows written: 23
Processing EEGMMIDB S026 R05 (execute_both_fists_or_both_feet)...
  windows written: 23
Processing EEGMMIDB S026 R06 (imagine_both_fists_or_both_feet)...
  windows written: 23
Processing EEGMMIDB S026 R07 (execute_left_or_right_fist)...
  windows written: 23
Processing EEGMMIDB S026 R08 (imagine_left_or_right_fist)...
  windows written: 23
Processing EEGMMIDB S026 R09 (execute_both_fists_or_both_feet)...
  windows written: 23
Processing EEGMMIDB S026 R10 (imagine_both_fists_or_both_feet)...
  windows written: 23
Processing EEGMMIDB S026 R11 (execute_left_or_right_fist)...
  windows written: 23
Processing EEGMMIDB S026 R12 (imagine_left_or_right_fist)...
  windows written: 23
Processing EEGMMIDB S026 R13 (execute_both_fists_or_both_feet)...
  windows written: 23
Processing EEGMMIDB S026 R14 (imagine_both_fists_or_both_feet)...
  windows written: 23
Processing EEGMMIDB S027 R01 (baseline_eyes_open)...
  windows written: 11
Processing EEGMMIDB S027 R02 (baseline_eyes_closed)...
  windows written: 11
Processing EEGMMIDB S027 R03 (execute_left_or_right_fist)...
  windows written: 23
Processing EEGMMIDB S027 R04 (imagine_left_or_right_fist)...
  windows written: 23
Processing EEGMMIDB S027 R05 (execute_both_fists_or_both_feet)...
  windows written: 23
Processing EEGMMIDB S027 R06 (imagine_both_fists_or_both_feet)...
  windows written: 23
Processing EEGMMIDB S027 R07 (execute_left_or_right_fist)...
  windows written: 23
Processing EEGMMIDB S027 R08 (imagine_left_or_right_fist)...
  windows written: 23
Processing EEGMMIDB S027 R09 (execute_both_fists_or_both_feet)...
  windows written: 23
Processing EEGMMIDB S027 R10 (imagine_both_fists_or_both_feet)...
  windows written: 23
Processing EEGMMIDB S027 R11 (execute_left_or_right_fist)...
  windows written: 23
Processing EEGMMIDB S027 R12 (imagine_left_or_right_fist)...
  windows written: 23
Processing EEGMMIDB S027 R13 (execute_both_fists_or_both_feet)...
  windows written: 23
Processing EEGMMIDB S027 R14 (imagine_both_fists_or_both_feet)...
  windows written: 23
Processing EEGMMIDB S028 R01 (baseline_eyes_open)...
  windows written: 11
Processing EEGMMIDB S028 R02 (baseline_eyes_closed)...
  windows written: 11
Processing EEGMMIDB S028 R03 (execute_left_or_right_fist)...
  windows written: 23
Processing EEGMMIDB S028 R04 (imagine_left_or_right_fist)...
  windows written: 23
Processing EEGMMIDB S028 R05 (execute_both_fists_or_both_feet)...
  windows written: 23
Processing EEGMMIDB S028 R06 (imagine_both_fists_or_both_feet)...
  windows written: 23
Processing EEGMMIDB S028 R07 (execute_left_or_right_fist)...
  windows written: 23
Processing EEGMMIDB S028 R08 (imagine_left_or_right_fist)...
  windows written: 23
Processing EEGMMIDB S028 R09 (execute_both_fists_or_both_feet)...
  windows written: 23
Processing EEGMMIDB S028 R10 (imagine_both_fists_or_both_feet)...
  windows written: 23
Processing EEGMMIDB S028 R11 (execute_left_or_right_fist)...
  windows written: 23
Processing EEGMMIDB S028 R12 (imagine_left_or_right_fist)...
  windows written: 23
Processing EEGMMIDB S028 R13 (execute_both_fists_or_both_feet)...
  windows written: 23
Processing EEGMMIDB S028 R14 (imagine_both_fists_or_both_feet)...
  windows written: 23
Processing EEGMMIDB S029 R01 (baseline_eyes_open)...
  windows written: 11
Processing EEGMMIDB S029 R02 (baseline_eyes_closed)...
  windows written: 11
Processing EEGMMIDB S029 R03 (execute_left_or_right_fist)...
  windows written: 23
Processing EEGMMIDB S029 R04 (imagine_left_or_right_fist)...
  windows written: 23
Processing EEGMMIDB S029 R05 (execute_both_fists_or_both_feet)...
  windows written: 23
Processing EEGMMIDB S029 R06 (imagine_both_fists_or_both_feet)...
  windows written: 23
Processing EEGMMIDB S029 R07 (execute_left_or_right_fist)...
  windows written: 23
Processing EEGMMIDB S029 R08 (imagine_left_or_right_fist)...
  windows written: 23
Processing EEGMMIDB S029 R09 (execute_both_fists_or_both_feet)...
  windows written: 23
Processing EEGMMIDB S029 R10 (imagine_both_fists_or_both_feet)...
  windows written: 23
Processing EEGMMIDB S029 R11 (execute_left_or_right_fist)...
  windows written: 23
Processing EEGMMIDB S029 R12 (imagine_left_or_right_fist)...
  windows written: 23
Processing EEGMMIDB S029 R13 (execute_both_fists_or_both_feet)...
  windows written: 23
Processing EEGMMIDB S029 R14 (imagine_both_fists_or_both_feet)...
  windows written: 23
Processing EEGMMIDB S030 R01 (baseline_eyes_open)...
  windows written: 11
Processing EEGMMIDB S030 R02 (baseline_eyes_closed)...
  windows written: 11
Processing EEGMMIDB S030 R03 (execute_left_or_right_fist)...
  windows written: 23
Processing EEGMMIDB S030 R04 (imagine_left_or_right_fist)...
  windows written: 23
Processing EEGMMIDB S030 R05 (execute_both_fists_or_both_feet)...
  windows written: 23
Processing EEGMMIDB S030 R06 (imagine_both_fists_or_both_feet)...
  windows written: 23
Processing EEGMMIDB S030 R07 (execute_left_or_right_fist)...
  windows written: 23
Processing EEGMMIDB S030 R08 (imagine_left_or_right_fist)...
  windows written: 23
Processing EEGMMIDB S030 R09 (execute_both_fists_or_both_feet)...
  windows written: 23
Processing EEGMMIDB S030 R10 (imagine_both_fists_or_both_feet)...
  windows written: 23
Processing EEGMMIDB S030 R11 (execute_left_or_right_fist)...
  windows written: 23
Processing EEGMMIDB S030 R12 (imagine_left_or_right_fist)...
  windows written: 23
Processing EEGMMIDB S030 R13 (execute_both_fists_or_both_feet)...
  windows written: 23
Processing EEGMMIDB S030 R14 (imagine_both_fists_or_both_feet)...
  windows written: 23
Processing EEGMMIDB S031 R01 (baseline_eyes_open)...
  windows written: 11
Processing EEGMMIDB S031 R02 (baseline_eyes_closed)...
  windows written: 11
Processing EEGMMIDB S031 R03 (execute_left_or_right_fist)...
  windows written: 23
Processing EEGMMIDB S031 R04 (imagine_left_or_right_fist)...
  windows written: 23
Processing EEGMMIDB S031 R05 (execute_both_fists_or_both_feet)...
  windows written: 23
Processing EEGMMIDB S031 R06 (imagine_both_fists_or_both_feet)...
  windows written: 23
Processing EEGMMIDB S031 R07 (execute_left_or_right_fist)...
  windows written: 23
Processing EEGMMIDB S031 R08 (imagine_left_or_right_fist)...
  windows written: 23
Processing EEGMMIDB S031 R09 (execute_both_fists_or_both_feet)...
  windows written: 23
Processing EEGMMIDB S031 R10 (imagine_both_fists_or_both_feet)...
  windows written: 23
Processing EEGMMIDB S031 R11 (execute_left_or_right_fist)...
  windows written: 23
Processing EEGMMIDB S031 R12 (imagine_left_or_right_fist)...
  windows written: 23
Processing EEGMMIDB S031 R13 (execute_both_fists_or_both_feet)...
  windows written: 23
Processing EEGMMIDB S031 R14 (imagine_both_fists_or_both_feet)...
  windows written: 23
Processing EEGMMIDB S032 R01 (baseline_eyes_open)...
  windows written: 11
Processing EEGMMIDB S032 R02 (baseline_eyes_closed)...
  windows written: 11
Processing EEGMMIDB S032 R03 (execute_left_or_right_fist)...
  windows written: 24
Processing EEGMMIDB S032 R04 (imagine_left_or_right_fist)...
  windows written: 24
Processing EEGMMIDB S032 R05 (execute_both_fists_or_both_feet)...
  windows written: 24
Processing EEGMMIDB S032 R06 (imagine_both_fists_or_both_feet)...
  windows written: 24
Processing EEGMMIDB S032 R07 (execute_left_or_right_fist)...
  windows written: 24
Processing EEGMMIDB S032 R08 (imagine_left_or_right_fist)...
  windows written: 24
Processing EEGMMIDB S032 R09 (execute_both_fists_or_both_feet)...
  windows written: 24
Processing EEGMMIDB S032 R10 (imagine_both_fists_or_both_feet)...
  windows written: 24
Processing EEGMMIDB S032 R11 (execute_left_or_right_fist)...
  windows written: 24
Processing EEGMMIDB S032 R12 (imagine_left_or_right_fist)...
  windows written: 24
Processing EEGMMIDB S032 R13 (execute_both_fists_or_both_feet)...
  windows written: 24
Processing EEGMMIDB S032 R14 (imagine_both_fists_or_both_feet)...
  windows written: 24
Processing EEGMMIDB S033 R01 (baseline_eyes_open)...
  windows written: 11
Processing EEGMMIDB S033 R02 (baseline_eyes_closed)...
  windows written: 11
Processing EEGMMIDB S033 R03 (execute_left_or_right_fist)...
  windows written: 23
Processing EEGMMIDB S033 R04 (imagine_left_or_right_fist)...
  windows written: 23
Processing EEGMMIDB S033 R05 (execute_both_fists_or_both_feet)...
  windows written: 23
Processing EEGMMIDB S033 R06 (imagine_both_fists_or_both_feet)...
  windows written: 23
Processing EEGMMIDB S033 R07 (execute_left_or_right_fist)...
  windows written: 23
Processing EEGMMIDB S033 R08 (imagine_left_or_right_fist)...
  windows written: 23
Processing EEGMMIDB S033 R09 (execute_both_fists_or_both_feet)...
  windows written: 23
Processing EEGMMIDB S033 R10 (imagine_both_fists_or_both_feet)...
  windows written: 23
Processing EEGMMIDB S033 R11 (execute_left_or_right_fist)...
  windows written: 23
Processing EEGMMIDB S033 R12 (imagine_left_or_right_fist)...
  windows written: 23
Processing EEGMMIDB S033 R13 (execute_both_fists_or_both_feet)...
  windows written: 23
Processing EEGMMIDB S033 R14 (imagine_both_fists_or_both_feet)...
  windows written: 23
Processing EEGMMIDB S034 R01 (baseline_eyes_open)...
  windows written: 11
Processing EEGMMIDB S034 R02 (baseline_eyes_closed)...
  windows written: 11
Processing EEGMMIDB S034 R03 (execute_left_or_right_fist)...
  windows written: 23
Processing EEGMMIDB S034 R04 (imagine_left_or_right_fist)...
  windows written: 23
Processing EEGMMIDB S034 R05 (execute_both_fists_or_both_feet)...
  windows written: 23
Processing EEGMMIDB S034 R06 (imagine_both_fists_or_both_feet)...
  windows written: 23
Processing EEGMMIDB S034 R07 (execute_left_or_right_fist)...
  windows written: 23
Processing EEGMMIDB S034 R08 (imagine_left_or_right_fist)...
  windows written: 23
Processing EEGMMIDB S034 R09 (execute_both_fists_or_both_feet)...
  windows written: 23
Processing EEGMMIDB S034 R10 (imagine_both_fists_or_both_feet)...
  windows written: 23
Processing EEGMMIDB S034 R11 (execute_left_or_right_fist)...
  windows written: 23
Processing EEGMMIDB S034 R12 (imagine_left_or_right_fist)...
  windows written: 23
Processing EEGMMIDB S034 R13 (execute_both_fists_or_both_feet)...
  windows written: 23
Processing EEGMMIDB S034 R14 (imagine_both_fists_or_both_feet)...
  windows written: 23
Processing EEGMMIDB S035 R01 (baseline_eyes_open)...
  windows written: 11
Processing EEGMMIDB S035 R02 (baseline_eyes_closed)...
  windows written: 11
Processing EEGMMIDB S035 R03 (execute_left_or_right_fist)...
  windows written: 24
Processing EEGMMIDB S035 R04 (imagine_left_or_right_fist)...
  windows written: 24
Processing EEGMMIDB S035 R05 (execute_both_fists_or_both_feet)...
  windows written: 24
Processing EEGMMIDB S035 R06 (imagine_both_fists_or_both_feet)...
  windows written: 24
Processing EEGMMIDB S035 R07 (execute_left_or_right_fist)...
  windows written: 24
Processing EEGMMIDB S035 R08 (imagine_left_or_right_fist)...
  windows written: 24
Processing EEGMMIDB S035 R09 (execute_both_fists_or_both_feet)...
  windows written: 24
Processing EEGMMIDB S035 R10 (imagine_both_fists_or_both_feet)...
  windows written: 24
Processing EEGMMIDB S035 R11 (execute_left_or_right_fist)...
  windows written: 24
Processing EEGMMIDB S035 R12 (imagine_left_or_right_fist)...
  windows written: 24
Processing EEGMMIDB S035 R13 (execute_both_fists_or_both_feet)...
  windows written: 24
Processing EEGMMIDB S035 R14 (imagine_both_fists_or_both_feet)...
  windows written: 24
Processing EEGMMIDB S036 R01 (baseline_eyes_open)...
  windows written: 11
Processing EEGMMIDB S036 R02 (baseline_eyes_closed)...
  windows written: 11
Processing EEGMMIDB S036 R03 (execute_left_or_right_fist)...
  windows written: 23
Processing EEGMMIDB S036 R04 (imagine_left_or_right_fist)...
  windows written: 23
Processing EEGMMIDB S036 R05 (execute_both_fists_or_both_feet)...
  windows written: 23
Processing EEGMMIDB S036 R06 (imagine_both_fists_or_both_feet)...
  windows written: 23
Processing EEGMMIDB S036 R07 (execute_left_or_right_fist)...
  windows written: 23
Processing EEGMMIDB S036 R08 (imagine_left_or_right_fist)...
  windows written: 23
Processing EEGMMIDB S036 R09 (execute_both_fists_or_both_feet)...
  windows written: 23
Processing EEGMMIDB S036 R10 (imagine_both_fists_or_both_feet)...
  windows written: 23
Processing EEGMMIDB S036 R11 (execute_left_or_right_fist)...
  windows written: 23
Processing EEGMMIDB S036 R12 (imagine_left_or_right_fist)...
  windows written: 23
Processing EEGMMIDB S036 R13 (execute_both_fists_or_both_feet)...
  windows written: 23
Processing EEGMMIDB S036 R14 (imagine_both_fists_or_both_feet)...
  windows written: 23
Processing EEGMMIDB S037 R01 (baseline_eyes_open)...
  windows written: 11
Processing EEGMMIDB S037 R02 (baseline_eyes_closed)...
  windows written: 11
Processing EEGMMIDB S037 R03 (execute_left_or_right_fist)...
  windows written: 23
Processing EEGMMIDB S037 R04 (imagine_left_or_right_fist)...
  windows written: 23
Processing EEGMMIDB S037 R05 (execute_both_fists_or_both_feet)...
  windows written: 23
Processing EEGMMIDB S037 R06 (imagine_both_fists_or_both_feet)...
  windows written: 23
Processing EEGMMIDB S037 R07 (execute_left_or_right_fist)...
  windows written: 23
Processing EEGMMIDB S037 R08 (imagine_left_or_right_fist)...
  windows written: 23
Processing EEGMMIDB S037 R09 (execute_both_fists_or_both_feet)...
  windows written: 23
Processing EEGMMIDB S037 R10 (imagine_both_fists_or_both_feet)...
  windows written: 23
Processing EEGMMIDB S037 R11 (execute_left_or_right_fist)...
  windows written: 23
Processing EEGMMIDB S037 R12 (imagine_left_or_right_fist)...
  windows written: 23
Processing EEGMMIDB S037 R13 (execute_both_fists_or_both_feet)...
  windows written: 23
Processing EEGMMIDB S037 R14 (imagine_both_fists_or_both_feet)...
  windows written: 23
Processing EEGMMIDB S038 R01 (baseline_eyes_open)...
  windows written: 11
Processing EEGMMIDB S038 R02 (baseline_eyes_closed)...
  windows written: 11
Processing EEGMMIDB S038 R03 (execute_left_or_right_fist)...
  windows written: 23
Processing EEGMMIDB S038 R04 (imagine_left_or_right_fist)...
  windows written: 23
Processing EEGMMIDB S038 R05 (execute_both_fists_or_both_feet)...
  windows written: 23
Processing EEGMMIDB S038 R06 (imagine_both_fists_or_both_feet)...
  windows written: 23
Processing EEGMMIDB S038 R07 (execute_left_or_right_fist)...
  windows written: 23
Processing EEGMMIDB S038 R08 (imagine_left_or_right_fist)...
  windows written: 23
Processing EEGMMIDB S038 R09 (execute_both_fists_or_both_feet)...
  windows written: 23
Processing EEGMMIDB S038 R10 (imagine_both_fists_or_both_feet)...
  windows written: 23
Processing EEGMMIDB S038 R11 (execute_left_or_right_fist)...
  windows written: 23
Processing EEGMMIDB S038 R12 (imagine_left_or_right_fist)...
  windows written: 23
Processing EEGMMIDB S038 R13 (execute_both_fists_or_both_feet)...
  windows written: 23
Processing EEGMMIDB S038 R14 (imagine_both_fists_or_both_feet)...
  windows written: 23
Processing EEGMMIDB S039 R01 (baseline_eyes_open)...
  windows written: 11
Processing EEGMMIDB S039 R02 (baseline_eyes_closed)...
  windows written: 11
Processing EEGMMIDB S039 R03 (execute_left_or_right_fist)...
  windows written: 23
Processing EEGMMIDB S039 R04 (imagine_left_or_right_fist)...
  windows written: 23
Processing EEGMMIDB S039 R05 (execute_both_fists_or_both_feet)...
  windows written: 23
Processing EEGMMIDB S039 R06 (imagine_both_fists_or_both_feet)...
  windows written: 23
Processing EEGMMIDB S039 R07 (execute_left_or_right_fist)...
  windows written: 23
Processing EEGMMIDB S039 R08 (imagine_left_or_right_fist)...
  windows written: 23
Processing EEGMMIDB S039 R09 (execute_both_fists_or_both_feet)...
  windows written: 23
Processing EEGMMIDB S039 R10 (imagine_both_fists_or_both_feet)...
  windows written: 23
Processing EEGMMIDB S039 R11 (execute_left_or_right_fist)...
  windows written: 23
Processing EEGMMIDB S039 R12 (imagine_left_or_right_fist)...
  windows written: 23
Processing EEGMMIDB S039 R13 (execute_both_fists_or_both_feet)...
  windows written: 23
Processing EEGMMIDB S039 R14 (imagine_both_fists_or_both_feet)...
  windows written: 23
Processing EEGMMIDB S040 R01 (baseline_eyes_open)...
  windows written: 11
Processing EEGMMIDB S040 R02 (baseline_eyes_closed)...
  windows written: 11
Processing EEGMMIDB S040 R03 (execute_left_or_right_fist)...
  windows written: 23
Processing EEGMMIDB S040 R04 (imagine_left_or_right_fist)...
  windows written: 23
Processing EEGMMIDB S040 R05 (execute_both_fists_or_both_feet)...
  windows written: 23
Processing EEGMMIDB S040 R06 (imagine_both_fists_or_both_feet)...
  windows written: 23
Processing EEGMMIDB S040 R07 (execute_left_or_right_fist)...
  windows written: 23
Processing EEGMMIDB S040 R08 (imagine_left_or_right_fist)...
  windows written: 23
Processing EEGMMIDB S040 R09 (execute_both_fists_or_both_feet)...
  windows written: 23
Processing EEGMMIDB S040 R10 (imagine_both_fists_or_both_feet)...
  windows written: 23
Processing EEGMMIDB S040 R11 (execute_left_or_right_fist)...
  windows written: 23
Processing EEGMMIDB S040 R12 (imagine_left_or_right_fist)...
  windows written: 23
Processing EEGMMIDB S040 R13 (execute_both_fists_or_both_feet)...
  windows written: 23
Processing EEGMMIDB S040 R14 (imagine_both_fists_or_both_feet)...
  windows written: 23
Processing EEGMMIDB S041 R01 (baseline_eyes_open)...
  windows written: 11
Processing EEGMMIDB S041 R02 (baseline_eyes_closed)...
  windows written: 11
Processing EEGMMIDB S041 R03 (execute_left_or_right_fist)...
  windows written: 23
Processing EEGMMIDB S041 R04 (imagine_left_or_right_fist)...
  windows written: 23
Processing EEGMMIDB S041 R05 (execute_both_fists_or_both_feet)...
  windows written: 23
Processing EEGMMIDB S041 R06 (imagine_both_fists_or_both_feet)...
  windows written: 23
Processing EEGMMIDB S041 R07 (execute_left_or_right_fist)...
  windows written: 23
Processing EEGMMIDB S041 R08 (imagine_left_or_right_fist)...
  windows written: 23
Processing EEGMMIDB S041 R09 (execute_both_fists_or_both_feet)...
  windows written: 23
Processing EEGMMIDB S041 R10 (imagine_both_fists_or_both_feet)...
  windows written: 23
Processing EEGMMIDB S041 R11 (execute_left_or_right_fist)...
  windows written: 23
Processing EEGMMIDB S041 R12 (imagine_left_or_right_fist)...
  windows written: 23
Processing EEGMMIDB S041 R13 (execute_both_fists_or_both_feet)...
  windows written: 23
Processing EEGMMIDB S041 R14 (imagine_both_fists_or_both_feet)...
  windows written: 23
Processing EEGMMIDB S042 R01 (baseline_eyes_open)...
  windows written: 11
Processing EEGMMIDB S042 R02 (baseline_eyes_closed)...
  windows written: 11
Processing EEGMMIDB S042 R03 (execute_left_or_right_fist)...
  windows written: 23
Processing EEGMMIDB S042 R04 (imagine_left_or_right_fist)...
  windows written: 23
Processing EEGMMIDB S042 R05 (execute_both_fists_or_both_feet)...
  windows written: 23
Processing EEGMMIDB S042 R06 (imagine_both_fists_or_both_feet)...
  windows written: 23
Processing EEGMMIDB S042 R07 (execute_left_or_right_fist)...
  windows written: 23
Processing EEGMMIDB S042 R08 (imagine_left_or_right_fist)...
  windows written: 23
Processing EEGMMIDB S042 R09 (execute_both_fists_or_both_feet)...
  windows written: 23
Processing EEGMMIDB S042 R10 (imagine_both_fists_or_both_feet)...
  windows written: 23
Processing EEGMMIDB S042 R11 (execute_left_or_right_fist)...
  windows written: 23
Processing EEGMMIDB S042 R12 (imagine_left_or_right_fist)...
  windows written: 23
Processing EEGMMIDB S042 R13 (execute_both_fists_or_both_feet)...
  windows written: 23
Processing EEGMMIDB S042 R14 (imagine_both_fists_or_both_feet)...
  windows written: 23
Processing EEGMMIDB S043 R01 (baseline_eyes_open)...
  windows written: 11
Processing EEGMMIDB S043 R02 (baseline_eyes_closed)...
  windows written: 11
Processing EEGMMIDB S043 R03 (execute_left_or_right_fist)...
  windows written: 23
Processing EEGMMIDB S043 R04 (imagine_left_or_right_fist)...
  windows written: 23
Processing EEGMMIDB S043 R05 (execute_both_fists_or_both_feet)...
  windows written: 23
Processing EEGMMIDB S043 R06 (imagine_both_fists_or_both_feet)...
  windows written: 23
Processing EEGMMIDB S043 R07 (execute_left_or_right_fist)...
  windows written: 23
Processing EEGMMIDB S043 R08 (imagine_left_or_right_fist)...
  windows written: 23
Processing EEGMMIDB S043 R09 (execute_both_fists_or_both_feet)...
  windows written: 23
Processing EEGMMIDB S043 R10 (imagine_both_fists_or_both_feet)...
  windows written: 23
Processing EEGMMIDB S043 R11 (execute_left_or_right_fist)...
  windows written: 23
Processing EEGMMIDB S043 R12 (imagine_left_or_right_fist)...
  windows written: 23
Processing EEGMMIDB S043 R13 (execute_both_fists_or_both_feet)...
  windows written: 23
Processing EEGMMIDB S043 R14 (imagine_both_fists_or_both_feet)...
  windows written: 23
Processing EEGMMIDB S044 R01 (baseline_eyes_open)...
  windows written: 11
Processing EEGMMIDB S044 R02 (baseline_eyes_closed)...
  windows written: 11
Processing EEGMMIDB S044 R03 (execute_left_or_right_fist)...
  windows written: 23
Processing EEGMMIDB S044 R04 (imagine_left_or_right_fist)...
  windows written: 23
Processing EEGMMIDB S044 R05 (execute_both_fists_or_both_feet)...
  windows written: 23
Processing EEGMMIDB S044 R06 (imagine_both_fists_or_both_feet)...
  windows written: 23
Processing EEGMMIDB S044 R07 (execute_left_or_right_fist)...
  windows written: 23
Processing EEGMMIDB S044 R08 (imagine_left_or_right_fist)...
  windows written: 23
Processing EEGMMIDB S044 R09 (execute_both_fists_or_both_feet)...
  windows written: 23
Processing EEGMMIDB S044 R10 (imagine_both_fists_or_both_feet)...
  windows written: 23
Processing EEGMMIDB S044 R11 (execute_left_or_right_fist)...
  windows written: 23
Processing EEGMMIDB S044 R12 (imagine_left_or_right_fist)...
  windows written: 23
Processing EEGMMIDB S044 R13 (execute_both_fists_or_both_feet)...
  windows written: 23
Processing EEGMMIDB S044 R14 (imagine_both_fists_or_both_feet)...
  windows written: 23
Processing EEGMMIDB S045 R01 (baseline_eyes_open)...
  windows written: 11
Processing EEGMMIDB S045 R02 (baseline_eyes_closed)...
  windows written: 11
Processing EEGMMIDB S045 R03 (execute_left_or_right_fist)...
  windows written: 23
Processing EEGMMIDB S045 R04 (imagine_left_or_right_fist)...
  windows written: 23
Processing EEGMMIDB S045 R05 (execute_both_fists_or_both_feet)...
  windows written: 23
Processing EEGMMIDB S045 R06 (imagine_both_fists_or_both_feet)...
  windows written: 23
Processing EEGMMIDB S045 R07 (execute_left_or_right_fist)...
  windows written: 23
Processing EEGMMIDB S045 R08 (imagine_left_or_right_fist)...
  windows written: 23
Processing EEGMMIDB S045 R09 (execute_both_fists_or_both_feet)...
  windows written: 23
Processing EEGMMIDB S045 R10 (imagine_both_fists_or_both_feet)...
  windows written: 23
Processing EEGMMIDB S045 R11 (execute_left_or_right_fist)...
  windows written: 23
Processing EEGMMIDB S045 R12 (imagine_left_or_right_fist)...
  windows written: 23
Processing EEGMMIDB S045 R13 (execute_both_fists_or_both_feet)...
  windows written: 23
Processing EEGMMIDB S045 R14 (imagine_both_fists_or_both_feet)...
  windows written: 23
Processing EEGMMIDB S046 R01 (baseline_eyes_open)...
  windows written: 11
Processing EEGMMIDB S046 R02 (baseline_eyes_closed)...
  windows written: 11
Processing EEGMMIDB S046 R03 (execute_left_or_right_fist)...
  windows written: 24
Processing EEGMMIDB S046 R04 (imagine_left_or_right_fist)...
  windows written: 24
Processing EEGMMIDB S046 R05 (execute_both_fists_or_both_feet)...
  windows written: 24
Processing EEGMMIDB S046 R06 (imagine_both_fists_or_both_feet)...
  windows written: 24
Processing EEGMMIDB S046 R07 (execute_left_or_right_fist)...
  windows written: 24
Processing EEGMMIDB S046 R08 (imagine_left_or_right_fist)...
  windows written: 24
Processing EEGMMIDB S046 R09 (execute_both_fists_or_both_feet)...
  windows written: 24
Processing EEGMMIDB S046 R10 (imagine_both_fists_or_both_feet)...
  windows written: 24
Processing EEGMMIDB S046 R11 (execute_left_or_right_fist)...
  windows written: 24
Processing EEGMMIDB S046 R12 (imagine_left_or_right_fist)...
  windows written: 24
Processing EEGMMIDB S046 R13 (execute_both_fists_or_both_feet)...
  windows written: 24
Processing EEGMMIDB S046 R14 (imagine_both_fists_or_both_feet)...
  windows written: 24
Processing EEGMMIDB S047 R01 (baseline_eyes_open)...
  windows written: 11
Processing EEGMMIDB S047 R02 (baseline_eyes_closed)...
  windows written: 11
Processing EEGMMIDB S047 R03 (execute_left_or_right_fist)...
  windows written: 23
Processing EEGMMIDB S047 R04 (imagine_left_or_right_fist)...
  windows written: 23
Processing EEGMMIDB S047 R05 (execute_both_fists_or_both_feet)...
  windows written: 23
Processing EEGMMIDB S047 R06 (imagine_both_fists_or_both_feet)...
  windows written: 23
Processing EEGMMIDB S047 R07 (execute_left_or_right_fist)...
  windows written: 23
Processing EEGMMIDB S047 R08 (imagine_left_or_right_fist)...
  windows written: 23
Processing EEGMMIDB S047 R09 (execute_both_fists_or_both_feet)...
  windows written: 23
Processing EEGMMIDB S047 R10 (imagine_both_fists_or_both_feet)...
  windows written: 23
Processing EEGMMIDB S047 R11 (execute_left_or_right_fist)...
  windows written: 23
Processing EEGMMIDB S047 R12 (imagine_left_or_right_fist)...
  windows written: 23
Processing EEGMMIDB S047 R13 (execute_both_fists_or_both_feet)...
  windows written: 23
Processing EEGMMIDB S047 R14 (imagine_both_fists_or_both_feet)...
  windows written: 23
Processing EEGMMIDB S048 R01 (baseline_eyes_open)...
  windows written: 11
Processing EEGMMIDB S048 R02 (baseline_eyes_closed)...
  windows written: 11
Processing EEGMMIDB S048 R03 (execute_left_or_right_fist)...
  windows written: 23
Processing EEGMMIDB S048 R04 (imagine_left_or_right_fist)...
  windows written: 23
Processing EEGMMIDB S048 R05 (execute_both_fists_or_both_feet)...
  windows written: 23
Processing EEGMMIDB S048 R06 (imagine_both_fists_or_both_feet)...
  windows written: 23
Processing EEGMMIDB S048 R07 (execute_left_or_right_fist)...
  windows written: 23
Processing EEGMMIDB S048 R08 (imagine_left_or_right_fist)...
  windows written: 23
Processing EEGMMIDB S048 R09 (execute_both_fists_or_both_feet)...
  windows written: 23
Processing EEGMMIDB S048 R10 (imagine_both_fists_or_both_feet)...
  windows written: 23
Processing EEGMMIDB S048 R11 (execute_left_or_right_fist)...
  windows written: 23
Processing EEGMMIDB S048 R12 (imagine_left_or_right_fist)...
  windows written: 23
Processing EEGMMIDB S048 R13 (execute_both_fists_or_both_feet)...
  windows written: 23
Processing EEGMMIDB S048 R14 (imagine_both_fists_or_both_feet)...
  windows written: 23
Processing EEGMMIDB S049 R01 (baseline_eyes_open)...
  windows written: 11
Processing EEGMMIDB S049 R02 (baseline_eyes_closed)...
  windows written: 11
Processing EEGMMIDB S049 R03 (execute_left_or_right_fist)...
  windows written: 23
Processing EEGMMIDB S049 R04 (imagine_left_or_right_fist)...
  windows written: 23
Processing EEGMMIDB S049 R05 (execute_both_fists_or_both_feet)...
  windows written: 23
Processing EEGMMIDB S049 R06 (imagine_both_fists_or_both_feet)...
  windows written: 23
Processing EEGMMIDB S049 R07 (execute_left_or_right_fist)...
  windows written: 23
Processing EEGMMIDB S049 R08 (imagine_left_or_right_fist)...
  windows written: 23
Processing EEGMMIDB S049 R09 (execute_both_fists_or_both_feet)...
  windows written: 23
Processing EEGMMIDB S049 R10 (imagine_both_fists_or_both_feet)...
  windows written: 23
Processing EEGMMIDB S049 R11 (execute_left_or_right_fist)...
  windows written: 23
Processing EEGMMIDB S049 R12 (imagine_left_or_right_fist)...
  windows written: 23
Processing EEGMMIDB S049 R13 (execute_both_fists_or_both_feet)...
  windows written: 23
Processing EEGMMIDB S049 R14 (imagine_both_fists_or_both_feet)...
  windows written: 23
Processing EEGMMIDB S050 R01 (baseline_eyes_open)...
  windows written: 11
Processing EEGMMIDB S050 R02 (baseline_eyes_closed)...
  windows written: 11
Processing EEGMMIDB S050 R03 (execute_left_or_right_fist)...
  windows written: 23
Processing EEGMMIDB S050 R04 (imagine_left_or_right_fist)...
  windows written: 23
Processing EEGMMIDB S050 R05 (execute_both_fists_or_both_feet)...
  windows written: 23
Processing EEGMMIDB S050 R06 (imagine_both_fists_or_both_feet)...
  windows written: 23
Processing EEGMMIDB S050 R07 (execute_left_or_right_fist)...
  windows written: 23
Processing EEGMMIDB S050 R08 (imagine_left_or_right_fist)...
  windows written: 23
Processing EEGMMIDB S050 R09 (execute_both_fists_or_both_feet)...
  windows written: 23
Processing EEGMMIDB S050 R10 (imagine_both_fists_or_both_feet)...
  windows written: 23
Processing EEGMMIDB S050 R11 (execute_left_or_right_fist)...
  windows written: 23
Processing EEGMMIDB S050 R12 (imagine_left_or_right_fist)...
  windows written: 23
Processing EEGMMIDB S050 R13 (execute_both_fists_or_both_feet)...
  windows written: 23
Processing EEGMMIDB S050 R14 (imagine_both_fists_or_both_feet)...
  windows written: 23
Processing EEGMMIDB S051 R01 (baseline_eyes_open)...
  windows written: 11
Processing EEGMMIDB S051 R02 (baseline_eyes_closed)...
  windows written: 11
Processing EEGMMIDB S051 R03 (execute_left_or_right_fist)...
  windows written: 23
Processing EEGMMIDB S051 R04 (imagine_left_or_right_fist)...
  windows written: 23
Processing EEGMMIDB S051 R05 (execute_both_fists_or_both_feet)...
  windows written: 23
Processing EEGMMIDB S051 R06 (imagine_both_fists_or_both_feet)...
  windows written: 23
Processing EEGMMIDB S051 R07 (execute_left_or_right_fist)...
  windows written: 23
Processing EEGMMIDB S051 R08 (imagine_left_or_right_fist)...
  windows written: 23
Processing EEGMMIDB S051 R09 (execute_both_fists_or_both_feet)...
  windows written: 23
Processing EEGMMIDB S051 R10 (imagine_both_fists_or_both_feet)...
  windows written: 23
Processing EEGMMIDB S051 R11 (execute_left_or_right_fist)...
  windows written: 23
Processing EEGMMIDB S051 R12 (imagine_left_or_right_fist)...
  windows written: 23
Processing EEGMMIDB S051 R13 (execute_both_fists_or_both_feet)...
  windows written: 23
Processing EEGMMIDB S051 R14 (imagine_both_fists_or_both_feet)...
  windows written: 23
Processing EEGMMIDB S052 R01 (baseline_eyes_open)...
  windows written: 11
Processing EEGMMIDB S052 R02 (baseline_eyes_closed)...
  windows written: 11
Processing EEGMMIDB S052 R03 (execute_left_or_right_fist)...
  windows written: 23
Processing EEGMMIDB S052 R04 (imagine_left_or_right_fist)...
  windows written: 23
Processing EEGMMIDB S052 R05 (execute_both_fists_or_both_feet)...
  windows written: 23
Processing EEGMMIDB S052 R06 (imagine_both_fists_or_both_feet)...
  windows written: 23
Processing EEGMMIDB S052 R07 (execute_left_or_right_fist)...
  windows written: 23
Processing EEGMMIDB S052 R08 (imagine_left_or_right_fist)...
  windows written: 23
Processing EEGMMIDB S052 R09 (execute_both_fists_or_both_feet)...
  windows written: 23
Processing EEGMMIDB S052 R10 (imagine_both_fists_or_both_feet)...
  windows written: 23
Processing EEGMMIDB S052 R11 (execute_left_or_right_fist)...
  windows written: 23
Processing EEGMMIDB S052 R12 (imagine_left_or_right_fist)...
  windows written: 23
Processing EEGMMIDB S052 R13 (execute_both_fists_or_both_feet)...
  windows written: 23
Processing EEGMMIDB S052 R14 (imagine_both_fists_or_both_feet)...
  windows written: 23
Processing EEGMMIDB S053 R01 (baseline_eyes_open)...
  windows written: 11
Processing EEGMMIDB S053 R02 (baseline_eyes_closed)...
  windows written: 11
Processing EEGMMIDB S053 R03 (execute_left_or_right_fist)...
  windows written: 23
Processing EEGMMIDB S053 R04 (imagine_left_or_right_fist)...
  windows written: 23
Processing EEGMMIDB S053 R05 (execute_both_fists_or_both_feet)...
  windows written: 23
Processing EEGMMIDB S053 R06 (imagine_both_fists_or_both_feet)...
  windows written: 23
Processing EEGMMIDB S053 R07 (execute_left_or_right_fist)...
  windows written: 23
Processing EEGMMIDB S053 R08 (imagine_left_or_right_fist)...
  windows written: 23
Processing EEGMMIDB S053 R09 (execute_both_fists_or_both_feet)...
  windows written: 23
Processing EEGMMIDB S053 R10 (imagine_both_fists_or_both_feet)...
  windows written: 23
Processing EEGMMIDB S053 R11 (execute_left_or_right_fist)...
  windows written: 23
Processing EEGMMIDB S053 R12 (imagine_left_or_right_fist)...
  windows written: 23
Processing EEGMMIDB S053 R13 (execute_both_fists_or_both_feet)...
  windows written: 23
Processing EEGMMIDB S053 R14 (imagine_both_fists_or_both_feet)...
  windows written: 23
Processing EEGMMIDB S054 R01 (baseline_eyes_open)...
  windows written: 11
Processing EEGMMIDB S054 R02 (baseline_eyes_closed)...
  windows written: 11
Processing EEGMMIDB S054 R03 (execute_left_or_right_fist)...
  windows written: 23
Processing EEGMMIDB S054 R04 (imagine_left_or_right_fist)...
  windows written: 23
Processing EEGMMIDB S054 R05 (execute_both_fists_or_both_feet)...
  windows written: 23
Processing EEGMMIDB S054 R06 (imagine_both_fists_or_both_feet)...
  windows written: 23
Processing EEGMMIDB S054 R07 (execute_left_or_right_fist)...
  windows written: 23
Processing EEGMMIDB S054 R08 (imagine_left_or_right_fist)...
  windows written: 23
Processing EEGMMIDB S054 R09 (execute_both_fists_or_both_feet)...
  windows written: 23
Processing EEGMMIDB S054 R10 (imagine_both_fists_or_both_feet)...
  windows written: 23
Processing EEGMMIDB S054 R11 (execute_left_or_right_fist)...
  windows written: 23
Processing EEGMMIDB S054 R12 (imagine_left_or_right_fist)...
  windows written: 23
Processing EEGMMIDB S054 R13 (execute_both_fists_or_both_feet)...
  windows written: 23
Processing EEGMMIDB S054 R14 (imagine_both_fists_or_both_feet)...
  windows written: 23
Processing EEGMMIDB S055 R01 (baseline_eyes_open)...
  windows written: 11
Processing EEGMMIDB S055 R02 (baseline_eyes_closed)...
  windows written: 11
Processing EEGMMIDB S055 R03 (execute_left_or_right_fist)...
  windows written: 23
Processing EEGMMIDB S055 R04 (imagine_left_or_right_fist)...
  windows written: 23
Processing EEGMMIDB S055 R05 (execute_both_fists_or_both_feet)...
  windows written: 23
Processing EEGMMIDB S055 R06 (imagine_both_fists_or_both_feet)...
  windows written: 23
Processing EEGMMIDB S055 R07 (execute_left_or_right_fist)...
  windows written: 23
Processing EEGMMIDB S055 R08 (imagine_left_or_right_fist)...
  windows written: 23
Processing EEGMMIDB S055 R09 (execute_both_fists_or_both_feet)...
  windows written: 23
Processing EEGMMIDB S055 R10 (imagine_both_fists_or_both_feet)...
  windows written: 23
Processing EEGMMIDB S055 R11 (execute_left_or_right_fist)...
  windows written: 23
Processing EEGMMIDB S055 R12 (imagine_left_or_right_fist)...
  windows written: 23
Processing EEGMMIDB S055 R13 (execute_both_fists_or_both_feet)...
  windows written: 23
Processing EEGMMIDB S055 R14 (imagine_both_fists_or_both_feet)...
  windows written: 23
Processing EEGMMIDB S056 R01 (baseline_eyes_open)...
  windows written: 11
Processing EEGMMIDB S056 R02 (baseline_eyes_closed)...
  windows written: 11
Processing EEGMMIDB S056 R03 (execute_left_or_right_fist)...
  windows written: 23
Processing EEGMMIDB S056 R04 (imagine_left_or_right_fist)...
  windows written: 23
Processing EEGMMIDB S056 R05 (execute_both_fists_or_both_feet)...
  windows written: 23
Processing EEGMMIDB S056 R06 (imagine_both_fists_or_both_feet)...
  windows written: 23
Processing EEGMMIDB S056 R07 (execute_left_or_right_fist)...
  windows written: 23
Processing EEGMMIDB S056 R08 (imagine_left_or_right_fist)...
  windows written: 23
Processing EEGMMIDB S056 R09 (execute_both_fists_or_both_feet)...
  windows written: 23
Processing EEGMMIDB S056 R10 (imagine_both_fists_or_both_feet)...
  windows written: 23
Processing EEGMMIDB S056 R11 (execute_left_or_right_fist)...
  windows written: 23
Processing EEGMMIDB S056 R12 (imagine_left_or_right_fist)...
  windows written: 23
Processing EEGMMIDB S056 R13 (execute_both_fists_or_both_feet)...
  windows written: 23
Processing EEGMMIDB S056 R14 (imagine_both_fists_or_both_feet)...
  windows written: 23
Processing EEGMMIDB S057 R01 (baseline_eyes_open)...
  windows written: 11
Processing EEGMMIDB S057 R02 (baseline_eyes_closed)...
  windows written: 11
Processing EEGMMIDB S057 R03 (execute_left_or_right_fist)...
  windows written: 24
Processing EEGMMIDB S057 R04 (imagine_left_or_right_fist)...
  windows written: 24
Processing EEGMMIDB S057 R05 (execute_both_fists_or_both_feet)...
  windows written: 24
Processing EEGMMIDB S057 R06 (imagine_both_fists_or_both_feet)...
  windows written: 24
Processing EEGMMIDB S057 R07 (execute_left_or_right_fist)...
  windows written: 24
Processing EEGMMIDB S057 R08 (imagine_left_or_right_fist)...
  windows written: 24
Processing EEGMMIDB S057 R09 (execute_both_fists_or_both_feet)...
  windows written: 24
Processing EEGMMIDB S057 R10 (imagine_both_fists_or_both_feet)...
  windows written: 24
Processing EEGMMIDB S057 R11 (execute_left_or_right_fist)...
  windows written: 24
Processing EEGMMIDB S057 R12 (imagine_left_or_right_fist)...
  windows written: 24
Processing EEGMMIDB S057 R13 (execute_both_fists_or_both_feet)...
  windows written: 24
Processing EEGMMIDB S057 R14 (imagine_both_fists_or_both_feet)...
  windows written: 24
Processing EEGMMIDB S058 R01 (baseline_eyes_open)...
  windows written: 11
Processing EEGMMIDB S058 R02 (baseline_eyes_closed)...
  windows written: 11
Processing EEGMMIDB S058 R03 (execute_left_or_right_fist)...
  windows written: 23
Processing EEGMMIDB S058 R04 (imagine_left_or_right_fist)...
  windows written: 23
Processing EEGMMIDB S058 R05 (execute_both_fists_or_both_feet)...
  windows written: 23
Processing EEGMMIDB S058 R06 (imagine_both_fists_or_both_feet)...
  windows written: 23
Processing EEGMMIDB S058 R07 (execute_left_or_right_fist)...
  windows written: 23
Processing EEGMMIDB S058 R08 (imagine_left_or_right_fist)...
  windows written: 23
Processing EEGMMIDB S058 R09 (execute_both_fists_or_both_feet)...
  windows written: 23
Processing EEGMMIDB S058 R10 (imagine_both_fists_or_both_feet)...
  windows written: 23
Processing EEGMMIDB S058 R11 (execute_left_or_right_fist)...
  windows written: 23
Processing EEGMMIDB S058 R12 (imagine_left_or_right_fist)...
  windows written: 23
Processing EEGMMIDB S058 R13 (execute_both_fists_or_both_feet)...
  windows written: 23
Processing EEGMMIDB S058 R14 (imagine_both_fists_or_both_feet)...
  windows written: 23
Processing EEGMMIDB S059 R01 (baseline_eyes_open)...
  windows written: 11
Processing EEGMMIDB S059 R02 (baseline_eyes_closed)...
  windows written: 11
Processing EEGMMIDB S059 R03 (execute_left_or_right_fist)...
  windows written: 23
Processing EEGMMIDB S059 R04 (imagine_left_or_right_fist)...
  windows written: 23
Processing EEGMMIDB S059 R05 (execute_both_fists_or_both_feet)...
  windows written: 23
Processing EEGMMIDB S059 R06 (imagine_both_fists_or_both_feet)...
  windows written: 23
Processing EEGMMIDB S059 R07 (execute_left_or_right_fist)...
  windows written: 23
Processing EEGMMIDB S059 R08 (imagine_left_or_right_fist)...
  windows written: 23
Processing EEGMMIDB S059 R09 (execute_both_fists_or_both_feet)...
  windows written: 23
Processing EEGMMIDB S059 R10 (imagine_both_fists_or_both_feet)...
  windows written: 23
Processing EEGMMIDB S059 R11 (execute_left_or_right_fist)...
  windows written: 23
Processing EEGMMIDB S059 R12 (imagine_left_or_right_fist)...
  windows written: 23
Processing EEGMMIDB S059 R13 (execute_both_fists_or_both_feet)...
  windows written: 23
Processing EEGMMIDB S059 R14 (imagine_both_fists_or_both_feet)...
  windows written: 23
Processing EEGMMIDB S060 R01 (baseline_eyes_open)...
  windows written: 11
Processing EEGMMIDB S060 R02 (baseline_eyes_closed)...
  windows written: 11
Processing EEGMMIDB S060 R03 (execute_left_or_right_fist)...
  windows written: 23
Processing EEGMMIDB S060 R04 (imagine_left_or_right_fist)...
  windows written: 23
Processing EEGMMIDB S060 R05 (execute_both_fists_or_both_feet)...
  windows written: 23
Processing EEGMMIDB S060 R06 (imagine_both_fists_or_both_feet)...
  windows written: 23
Processing EEGMMIDB S060 R07 (execute_left_or_right_fist)...
  windows written: 23
Processing EEGMMIDB S060 R08 (imagine_left_or_right_fist)...
  windows written: 23
Processing EEGMMIDB S060 R09 (execute_both_fists_or_both_feet)...
  windows written: 23
Processing EEGMMIDB S060 R10 (imagine_both_fists_or_both_feet)...
  windows written: 23
Processing EEGMMIDB S060 R11 (execute_left_or_right_fist)...
  windows written: 23
Processing EEGMMIDB S060 R12 (imagine_left_or_right_fist)...
  windows written: 23
Processing EEGMMIDB S060 R13 (execute_both_fists_or_both_feet)...
  windows written: 23
Processing EEGMMIDB S060 R14 (imagine_both_fists_or_both_feet)...
  windows written: 23
Processing EEGMMIDB S061 R01 (baseline_eyes_open)...
  windows written: 11
Processing EEGMMIDB S061 R02 (baseline_eyes_closed)...
  windows written: 11
Processing EEGMMIDB S061 R03 (execute_left_or_right_fist)...
  windows written: 24
Processing EEGMMIDB S061 R04 (imagine_left_or_right_fist)...
  windows written: 24
Processing EEGMMIDB S061 R05 (execute_both_fists_or_both_feet)...
  windows written: 24
Processing EEGMMIDB S061 R06 (imagine_both_fists_or_both_feet)...
  windows written: 24
Processing EEGMMIDB S061 R07 (execute_left_or_right_fist)...
  windows written: 24
Processing EEGMMIDB S061 R08 (imagine_left_or_right_fist)...
  windows written: 24
Processing EEGMMIDB S061 R09 (execute_both_fists_or_both_feet)...
  windows written: 24
Processing EEGMMIDB S061 R10 (imagine_both_fists_or_both_feet)...
  windows written: 24
Processing EEGMMIDB S061 R11 (execute_left_or_right_fist)...
  windows written: 24
Processing EEGMMIDB S061 R12 (imagine_left_or_right_fist)...
  windows written: 24
Processing EEGMMIDB S061 R13 (execute_both_fists_or_both_feet)...
  windows written: 24
Processing EEGMMIDB S061 R14 (imagine_both_fists_or_both_feet)...
  windows written: 24
Processing EEGMMIDB S062 R01 (baseline_eyes_open)...
  windows written: 11
Processing EEGMMIDB S062 R02 (baseline_eyes_closed)...
  windows written: 11
Processing EEGMMIDB S062 R03 (execute_left_or_right_fist)...
  windows written: 23
Processing EEGMMIDB S062 R04 (imagine_left_or_right_fist)...
  windows written: 23
Processing EEGMMIDB S062 R05 (execute_both_fists_or_both_feet)...
  windows written: 23
Processing EEGMMIDB S062 R06 (imagine_both_fists_or_both_feet)...
  windows written: 23
Processing EEGMMIDB S062 R07 (execute_left_or_right_fist)...
  windows written: 23
Processing EEGMMIDB S062 R08 (imagine_left_or_right_fist)...
  windows written: 23
Processing EEGMMIDB S062 R09 (execute_both_fists_or_both_feet)...
  windows written: 23
Processing EEGMMIDB S062 R10 (imagine_both_fists_or_both_feet)...
  windows written: 23
Processing EEGMMIDB S062 R11 (execute_left_or_right_fist)...
  windows written: 23
Processing EEGMMIDB S062 R12 (imagine_left_or_right_fist)...
  windows written: 23
Processing EEGMMIDB S062 R13 (execute_both_fists_or_both_feet)...
  windows written: 23
Processing EEGMMIDB S062 R14 (imagine_both_fists_or_both_feet)...
  windows written: 23
Processing EEGMMIDB S063 R01 (baseline_eyes_open)...
  windows written: 11
Processing EEGMMIDB S063 R02 (baseline_eyes_closed)...
  windows written: 11
Processing EEGMMIDB S063 R03 (execute_left_or_right_fist)...
  windows written: 23
Processing EEGMMIDB S063 R04 (imagine_left_or_right_fist)...
  windows written: 23
Processing EEGMMIDB S063 R05 (execute_both_fists_or_both_feet)...
  windows written: 23
Processing EEGMMIDB S063 R06 (imagine_both_fists_or_both_feet)...
  windows written: 23
Processing EEGMMIDB S063 R07 (execute_left_or_right_fist)...
  windows written: 23
Processing EEGMMIDB S063 R08 (imagine_left_or_right_fist)...
  windows written: 23
Processing EEGMMIDB S063 R09 (execute_both_fists_or_both_feet)...
  windows written: 23
Processing EEGMMIDB S063 R10 (imagine_both_fists_or_both_feet)...
  windows written: 23
Processing EEGMMIDB S063 R11 (execute_left_or_right_fist)...
  windows written: 23
Processing EEGMMIDB S063 R12 (imagine_left_or_right_fist)...
  windows written: 23
Processing EEGMMIDB S063 R13 (execute_both_fists_or_both_feet)...
  windows written: 23
Processing EEGMMIDB S063 R14 (imagine_both_fists_or_both_feet)...
  windows written: 23
Processing EEGMMIDB S064 R01 (baseline_eyes_open)...
  windows written: 11
Processing EEGMMIDB S064 R02 (baseline_eyes_closed)...
  windows written: 11
Processing EEGMMIDB S064 R03 (execute_left_or_right_fist)...
  windows written: 23
Processing EEGMMIDB S064 R04 (imagine_left_or_right_fist)...
  windows written: 23
Processing EEGMMIDB S064 R05 (execute_both_fists_or_both_feet)...
  windows written: 23
Processing EEGMMIDB S064 R06 (imagine_both_fists_or_both_feet)...
  windows written: 23
Processing EEGMMIDB S064 R07 (execute_left_or_right_fist)...
  windows written: 23
Processing EEGMMIDB S064 R08 (imagine_left_or_right_fist)...
  windows written: 23
Processing EEGMMIDB S064 R09 (execute_both_fists_or_both_feet)...
  windows written: 23
Processing EEGMMIDB S064 R10 (imagine_both_fists_or_both_feet)...
  windows written: 23
Processing EEGMMIDB S064 R11 (execute_left_or_right_fist)...
  windows written: 23
Processing EEGMMIDB S064 R12 (imagine_left_or_right_fist)...
  windows written: 23
Processing EEGMMIDB S064 R13 (execute_both_fists_or_both_feet)...
  windows written: 23
Processing EEGMMIDB S064 R14 (imagine_both_fists_or_both_feet)...
  windows written: 23
Processing EEGMMIDB S065 R01 (baseline_eyes_open)...
  windows written: 11
Processing EEGMMIDB S065 R02 (baseline_eyes_closed)...
  windows written: 11
Processing EEGMMIDB S065 R03 (execute_left_or_right_fist)...
  windows written: 24
Processing EEGMMIDB S065 R04 (imagine_left_or_right_fist)...
  windows written: 24
Processing EEGMMIDB S065 R05 (execute_both_fists_or_both_feet)...
  windows written: 24
Processing EEGMMIDB S065 R06 (imagine_both_fists_or_both_feet)...
  windows written: 24
Processing EEGMMIDB S065 R07 (execute_left_or_right_fist)...
  windows written: 24
Processing EEGMMIDB S065 R08 (imagine_left_or_right_fist)...
  windows written: 24
Processing EEGMMIDB S065 R09 (execute_both_fists_or_both_feet)...
  windows written: 24
Processing EEGMMIDB S065 R10 (imagine_both_fists_or_both_feet)...
  windows written: 24
Processing EEGMMIDB S065 R11 (execute_left_or_right_fist)...
  windows written: 24
Processing EEGMMIDB S065 R12 (imagine_left_or_right_fist)...
  windows written: 24
Processing EEGMMIDB S065 R13 (execute_both_fists_or_both_feet)...
  windows written: 24
Processing EEGMMIDB S065 R14 (imagine_both_fists_or_both_feet)...
  windows written: 24
Processing EEGMMIDB S066 R01 (baseline_eyes_open)...
  windows written: 11
Processing EEGMMIDB S066 R02 (baseline_eyes_closed)...
  windows written: 11
Processing EEGMMIDB S066 R03 (execute_left_or_right_fist)...
  windows written: 24
Processing EEGMMIDB S066 R04 (imagine_left_or_right_fist)...
  windows written: 24
Processing EEGMMIDB S066 R05 (execute_both_fists_or_both_feet)...
  windows written: 24
Processing EEGMMIDB S066 R06 (imagine_both_fists_or_both_feet)...
  windows written: 24
Processing EEGMMIDB S066 R07 (execute_left_or_right_fist)...
  windows written: 24
Processing EEGMMIDB S066 R08 (imagine_left_or_right_fist)...
  windows written: 24
Processing EEGMMIDB S066 R09 (execute_both_fists_or_both_feet)...
  windows written: 24
Processing EEGMMIDB S066 R10 (imagine_both_fists_or_both_feet)...
  windows written: 24
Processing EEGMMIDB S066 R11 (execute_left_or_right_fist)...
  windows written: 24
Processing EEGMMIDB S066 R12 (imagine_left_or_right_fist)...
  windows written: 24
Processing EEGMMIDB S066 R13 (execute_both_fists_or_both_feet)...
  windows written: 24
Processing EEGMMIDB S066 R14 (imagine_both_fists_or_both_feet)...
  windows written: 24
Processing EEGMMIDB S067 R01 (baseline_eyes_open)...
  windows written: 11
Processing EEGMMIDB S067 R02 (baseline_eyes_closed)...
  windows written: 11
Processing EEGMMIDB S067 R03 (execute_left_or_right_fist)...
  windows written: 23
Processing EEGMMIDB S067 R04 (imagine_left_or_right_fist)...
  windows written: 23
Processing EEGMMIDB S067 R05 (execute_both_fists_or_both_feet)...
  windows written: 23
Processing EEGMMIDB S067 R06 (imagine_both_fists_or_both_feet)...
  windows written: 23
Processing EEGMMIDB S067 R07 (execute_left_or_right_fist)...
  windows written: 23
Processing EEGMMIDB S067 R08 (imagine_left_or_right_fist)...
  windows written: 23
Processing EEGMMIDB S067 R09 (execute_both_fists_or_both_feet)...
  windows written: 23
Processing EEGMMIDB S067 R10 (imagine_both_fists_or_both_feet)...
  windows written: 23
Processing EEGMMIDB S067 R11 (execute_left_or_right_fist)...
  windows written: 23
Processing EEGMMIDB S067 R12 (imagine_left_or_right_fist)...
  windows written: 23
Processing EEGMMIDB S067 R13 (execute_both_fists_or_both_feet)...
  windows written: 23
Processing EEGMMIDB S067 R14 (imagine_both_fists_or_both_feet)...
  windows written: 23
Processing EEGMMIDB S068 R01 (baseline_eyes_open)...
  windows written: 11
Processing EEGMMIDB S068 R02 (baseline_eyes_closed)...
  windows written: 11
Processing EEGMMIDB S068 R03 (execute_left_or_right_fist)...
  windows written: 23
Processing EEGMMIDB S068 R04 (imagine_left_or_right_fist)...
  windows written: 23
Processing EEGMMIDB S068 R05 (execute_both_fists_or_both_feet)...
  windows written: 23
Processing EEGMMIDB S068 R06 (imagine_both_fists_or_both_feet)...
  windows written: 23
Processing EEGMMIDB S068 R07 (execute_left_or_right_fist)...
  windows written: 23
Processing EEGMMIDB S068 R08 (imagine_left_or_right_fist)...
  windows written: 23
Processing EEGMMIDB S068 R09 (execute_both_fists_or_both_feet)...
  windows written: 23
Processing EEGMMIDB S068 R10 (imagine_both_fists_or_both_feet)...
  windows written: 23
Processing EEGMMIDB S068 R11 (execute_left_or_right_fist)...
  windows written: 23
Processing EEGMMIDB S068 R12 (imagine_left_or_right_fist)...
  windows written: 23
Processing EEGMMIDB S068 R13 (execute_both_fists_or_both_feet)...
  windows written: 23
Processing EEGMMIDB S068 R14 (imagine_both_fists_or_both_feet)...
  windows written: 23
Processing EEGMMIDB S069 R01 (baseline_eyes_open)...
  windows written: 11
Processing EEGMMIDB S069 R02 (baseline_eyes_closed)...
  windows written: 11
Processing EEGMMIDB S069 R03 (execute_left_or_right_fist)...
  windows written: 23
Processing EEGMMIDB S069 R04 (imagine_left_or_right_fist)...
  windows written: 23
Processing EEGMMIDB S069 R05 (execute_both_fists_or_both_feet)...
  windows written: 23
Processing EEGMMIDB S069 R06 (imagine_both_fists_or_both_feet)...
  windows written: 23
Processing EEGMMIDB S069 R07 (execute_left_or_right_fist)...
  windows written: 23
Processing EEGMMIDB S069 R08 (imagine_left_or_right_fist)...
  windows written: 23
Processing EEGMMIDB S069 R09 (execute_both_fists_or_both_feet)...
  windows written: 23
Processing EEGMMIDB S069 R10 (imagine_both_fists_or_both_feet)...
  windows written: 23
Processing EEGMMIDB S069 R11 (execute_left_or_right_fist)...
  windows written: 23
Processing EEGMMIDB S069 R12 (imagine_left_or_right_fist)...
  windows written: 23
Processing EEGMMIDB S069 R13 (execute_both_fists_or_both_feet)...
  windows written: 23
Processing EEGMMIDB S069 R14 (imagine_both_fists_or_both_feet)...
  windows written: 23
Processing EEGMMIDB S070 R01 (baseline_eyes_open)...
  windows written: 11
Processing EEGMMIDB S070 R02 (baseline_eyes_closed)...
  windows written: 11
Processing EEGMMIDB S070 R03 (execute_left_or_right_fist)...
  windows written: 23
Processing EEGMMIDB S070 R04 (imagine_left_or_right_fist)...
  windows written: 23
Processing EEGMMIDB S070 R05 (execute_both_fists_or_both_feet)...
  windows written: 23
Processing EEGMMIDB S070 R06 (imagine_both_fists_or_both_feet)...
  windows written: 23
Processing EEGMMIDB S070 R07 (execute_left_or_right_fist)...
  windows written: 23
Processing EEGMMIDB S070 R08 (imagine_left_or_right_fist)...
  windows written: 23
Processing EEGMMIDB S070 R09 (execute_both_fists_or_both_feet)...
  windows written: 23
Processing EEGMMIDB S070 R10 (imagine_both_fists_or_both_feet)...
  windows written: 23
Processing EEGMMIDB S070 R11 (execute_left_or_right_fist)...
  windows written: 23
Processing EEGMMIDB S070 R12 (imagine_left_or_right_fist)...
  windows written: 23
Processing EEGMMIDB S070 R13 (execute_both_fists_or_both_feet)...
  windows written: 23
Processing EEGMMIDB S070 R14 (imagine_both_fists_or_both_feet)...
  windows written: 23
Processing EEGMMIDB S071 R01 (baseline_eyes_open)...
  windows written: 11
Processing EEGMMIDB S071 R02 (baseline_eyes_closed)...
  windows written: 11
Processing EEGMMIDB S071 R03 (execute_left_or_right_fist)...
  windows written: 24
Processing EEGMMIDB S071 R04 (imagine_left_or_right_fist)...
  windows written: 24
Processing EEGMMIDB S071 R05 (execute_both_fists_or_both_feet)...
  windows written: 24
Processing EEGMMIDB S071 R06 (imagine_both_fists_or_both_feet)...
  windows written: 24
Processing EEGMMIDB S071 R07 (execute_left_or_right_fist)...
  windows written: 24
Processing EEGMMIDB S071 R08 (imagine_left_or_right_fist)...
  windows written: 24
Processing EEGMMIDB S071 R09 (execute_both_fists_or_both_feet)...
  windows written: 24
Processing EEGMMIDB S071 R10 (imagine_both_fists_or_both_feet)...
  windows written: 24
Processing EEGMMIDB S071 R11 (execute_left_or_right_fist)...
  windows written: 24
Processing EEGMMIDB S071 R12 (imagine_left_or_right_fist)...
  windows written: 24
Processing EEGMMIDB S071 R13 (execute_both_fists_or_both_feet)...
  windows written: 24
Processing EEGMMIDB S071 R14 (imagine_both_fists_or_both_feet)...
  windows written: 24
Processing EEGMMIDB S072 R01 (baseline_eyes_open)...
  windows written: 11
Processing EEGMMIDB S072 R02 (baseline_eyes_closed)...
  windows written: 11
Processing EEGMMIDB S072 R03 (execute_left_or_right_fist)...
  windows written: 23
Processing EEGMMIDB S072 R04 (imagine_left_or_right_fist)...
  windows written: 23
Processing EEGMMIDB S072 R05 (execute_both_fists_or_both_feet)...
  windows written: 23
Processing EEGMMIDB S072 R06 (imagine_both_fists_or_both_feet)...
  windows written: 23
Processing EEGMMIDB S072 R07 (execute_left_or_right_fist)...
  windows written: 23
Processing EEGMMIDB S072 R08 (imagine_left_or_right_fist)...
  windows written: 23
Processing EEGMMIDB S072 R09 (execute_both_fists_or_both_feet)...
  windows written: 23
Processing EEGMMIDB S072 R10 (imagine_both_fists_or_both_feet)...
  windows written: 23
Processing EEGMMIDB S072 R11 (execute_left_or_right_fist)...
  windows written: 23
Processing EEGMMIDB S072 R12 (imagine_left_or_right_fist)...
  windows written: 23
Processing EEGMMIDB S072 R13 (execute_both_fists_or_both_feet)...
  windows written: 23
Processing EEGMMIDB S072 R14 (imagine_both_fists_or_both_feet)...
  windows written: 23
Processing EEGMMIDB S073 R01 (baseline_eyes_open)...
  windows written: 11
Processing EEGMMIDB S073 R02 (baseline_eyes_closed)...
  windows written: 11
Processing EEGMMIDB S073 R03 (execute_left_or_right_fist)...
  windows written: 23
Processing EEGMMIDB S073 R04 (imagine_left_or_right_fist)...
  windows written: 23
Processing EEGMMIDB S073 R05 (execute_both_fists_or_both_feet)...
  windows written: 23
Processing EEGMMIDB S073 R06 (imagine_both_fists_or_both_feet)...
  windows written: 23
Processing EEGMMIDB S073 R07 (execute_left_or_right_fist)...
  windows written: 23
Processing EEGMMIDB S073 R08 (imagine_left_or_right_fist)...
  windows written: 23
Processing EEGMMIDB S073 R09 (execute_both_fists_or_both_feet)...
  windows written: 23
Processing EEGMMIDB S073 R10 (imagine_both_fists_or_both_feet)...
  windows written: 23
Processing EEGMMIDB S073 R11 (execute_left_or_right_fist)...
  windows written: 23
Processing EEGMMIDB S073 R12 (imagine_left_or_right_fist)...
  windows written: 23
Processing EEGMMIDB S073 R13 (execute_both_fists_or_both_feet)...
  windows written: 23
Processing EEGMMIDB S073 R14 (imagine_both_fists_or_both_feet)...
  windows written: 23
Processing EEGMMIDB S074 R01 (baseline_eyes_open)...
  windows written: 11
Processing EEGMMIDB S074 R02 (baseline_eyes_closed)...
  windows written: 11
Processing EEGMMIDB S074 R03 (execute_left_or_right_fist)...
  windows written: 23
Processing EEGMMIDB S074 R04 (imagine_left_or_right_fist)...
  windows written: 23
Processing EEGMMIDB S074 R05 (execute_both_fists_or_both_feet)...
  windows written: 23
Processing EEGMMIDB S074 R06 (imagine_both_fists_or_both_feet)...
  windows written: 23
Processing EEGMMIDB S074 R07 (execute_left_or_right_fist)...
  windows written: 23
Processing EEGMMIDB S074 R08 (imagine_left_or_right_fist)...
  windows written: 23
Processing EEGMMIDB S074 R09 (execute_both_fists_or_both_feet)...
  windows written: 23
Processing EEGMMIDB S074 R10 (imagine_both_fists_or_both_feet)...
  windows written: 23
Processing EEGMMIDB S074 R11 (execute_left_or_right_fist)...
  windows written: 23
Processing EEGMMIDB S074 R12 (imagine_left_or_right_fist)...
  windows written: 23
Processing EEGMMIDB S074 R13 (execute_both_fists_or_both_feet)...
  windows written: 23
Processing EEGMMIDB S074 R14 (imagine_both_fists_or_both_feet)...
  windows written: 23
Processing EEGMMIDB S075 R01 (baseline_eyes_open)...
  windows written: 11
Processing EEGMMIDB S075 R02 (baseline_eyes_closed)...
  windows written: 11
Processing EEGMMIDB S075 R03 (execute_left_or_right_fist)...
  windows written: 23
Processing EEGMMIDB S075 R04 (imagine_left_or_right_fist)...
  windows written: 23
Processing EEGMMIDB S075 R05 (execute_both_fists_or_both_feet)...
  windows written: 23
Processing EEGMMIDB S075 R06 (imagine_both_fists_or_both_feet)...
  windows written: 23
Processing EEGMMIDB S075 R07 (execute_left_or_right_fist)...
  windows written: 23
Processing EEGMMIDB S075 R08 (imagine_left_or_right_fist)...
  windows written: 23
Processing EEGMMIDB S075 R09 (execute_both_fists_or_both_feet)...
  windows written: 23
Processing EEGMMIDB S075 R10 (imagine_both_fists_or_both_feet)...
  windows written: 23
Processing EEGMMIDB S075 R11 (execute_left_or_right_fist)...
  windows written: 23
Processing EEGMMIDB S075 R12 (imagine_left_or_right_fist)...
  windows written: 23
Processing EEGMMIDB S075 R13 (execute_both_fists_or_both_feet)...
  windows written: 23
Processing EEGMMIDB S075 R14 (imagine_both_fists_or_both_feet)...
  windows written: 23
Processing EEGMMIDB S076 R01 (baseline_eyes_open)...
  windows written: 11
Processing EEGMMIDB S076 R02 (baseline_eyes_closed)...
  windows written: 11
Processing EEGMMIDB S076 R03 (execute_left_or_right_fist)...
  windows written: 23
Processing EEGMMIDB S076 R04 (imagine_left_or_right_fist)...
  windows written: 23
Processing EEGMMIDB S076 R05 (execute_both_fists_or_both_feet)...
  windows written: 23
Processing EEGMMIDB S076 R06 (imagine_both_fists_or_both_feet)...
  windows written: 23
Processing EEGMMIDB S076 R07 (execute_left_or_right_fist)...
  windows written: 23
Processing EEGMMIDB S076 R08 (imagine_left_or_right_fist)...
  windows written: 23
Processing EEGMMIDB S076 R09 (execute_both_fists_or_both_feet)...
  windows written: 23
Processing EEGMMIDB S076 R10 (imagine_both_fists_or_both_feet)...
  windows written: 23
Processing EEGMMIDB S076 R11 (execute_left_or_right_fist)...
  windows written: 23
Processing EEGMMIDB S076 R12 (imagine_left_or_right_fist)...
  windows written: 23
Processing EEGMMIDB S076 R13 (execute_both_fists_or_both_feet)...
  windows written: 23
Processing EEGMMIDB S076 R14 (imagine_both_fists_or_both_feet)...
  windows written: 23
Processing EEGMMIDB S077 R01 (baseline_eyes_open)...
  windows written: 11
Processing EEGMMIDB S077 R02 (baseline_eyes_closed)...
  windows written: 11
Processing EEGMMIDB S077 R03 (execute_left_or_right_fist)...
  windows written: 23
Processing EEGMMIDB S077 R04 (imagine_left_or_right_fist)...
  windows written: 23
Processing EEGMMIDB S077 R05 (execute_both_fists_or_both_feet)...
  windows written: 23
Processing EEGMMIDB S077 R06 (imagine_both_fists_or_both_feet)...
  windows written: 23
Processing EEGMMIDB S077 R07 (execute_left_or_right_fist)...
  windows written: 23
Processing EEGMMIDB S077 R08 (imagine_left_or_right_fist)...
  windows written: 23
Processing EEGMMIDB S077 R09 (execute_both_fists_or_both_feet)...
  windows written: 23
Processing EEGMMIDB S077 R10 (imagine_both_fists_or_both_feet)...
  windows written: 23
Processing EEGMMIDB S077 R11 (execute_left_or_right_fist)...
  windows written: 23
Processing EEGMMIDB S077 R12 (imagine_left_or_right_fist)...
  windows written: 23
Processing EEGMMIDB S077 R13 (execute_both_fists_or_both_feet)...
  windows written: 23
Processing EEGMMIDB S077 R14 (imagine_both_fists_or_both_feet)...
  windows written: 23
Processing EEGMMIDB S078 R01 (baseline_eyes_open)...
  windows written: 11
Processing EEGMMIDB S078 R02 (baseline_eyes_closed)...
  windows written: 11
Processing EEGMMIDB S078 R03 (execute_left_or_right_fist)...
  windows written: 23
Processing EEGMMIDB S078 R04 (imagine_left_or_right_fist)...
  windows written: 23
Processing EEGMMIDB S078 R05 (execute_both_fists_or_both_feet)...
  windows written: 23
Processing EEGMMIDB S078 R06 (imagine_both_fists_or_both_feet)...
  windows written: 23
Processing EEGMMIDB S078 R07 (execute_left_or_right_fist)...
  windows written: 23
Processing EEGMMIDB S078 R08 (imagine_left_or_right_fist)...
  windows written: 23
Processing EEGMMIDB S078 R09 (execute_both_fists_or_both_feet)...
  windows written: 23
Processing EEGMMIDB S078 R10 (imagine_both_fists_or_both_feet)...
  windows written: 23
Processing EEGMMIDB S078 R11 (execute_left_or_right_fist)...
  windows written: 23
Processing EEGMMIDB S078 R12 (imagine_left_or_right_fist)...
  windows written: 23
Processing EEGMMIDB S078 R13 (execute_both_fists_or_both_feet)...
  windows written: 23
Processing EEGMMIDB S078 R14 (imagine_both_fists_or_both_feet)...
  windows written: 23
Processing EEGMMIDB S079 R01 (baseline_eyes_open)...
  windows written: 11
Processing EEGMMIDB S079 R02 (baseline_eyes_closed)...
  windows written: 11
Processing EEGMMIDB S079 R03 (execute_left_or_right_fist)...
  windows written: 24
Processing EEGMMIDB S079 R04 (imagine_left_or_right_fist)...
  windows written: 24
Processing EEGMMIDB S079 R05 (execute_both_fists_or_both_feet)...
  windows written: 24
Processing EEGMMIDB S079 R06 (imagine_both_fists_or_both_feet)...
  windows written: 24
Processing EEGMMIDB S079 R07 (execute_left_or_right_fist)...
  windows written: 24
Processing EEGMMIDB S079 R08 (imagine_left_or_right_fist)...
  windows written: 24
Processing EEGMMIDB S079 R09 (execute_both_fists_or_both_feet)...
  windows written: 24
Processing EEGMMIDB S079 R10 (imagine_both_fists_or_both_feet)...
  windows written: 24
Processing EEGMMIDB S079 R11 (execute_left_or_right_fist)...
  windows written: 24
Processing EEGMMIDB S079 R12 (imagine_left_or_right_fist)...
  windows written: 24
Processing EEGMMIDB S079 R13 (execute_both_fists_or_both_feet)...
  windows written: 24
Processing EEGMMIDB S079 R14 (imagine_both_fists_or_both_feet)...
  windows written: 24
Processing EEGMMIDB S080 R01 (baseline_eyes_open)...
  windows written: 11
Processing EEGMMIDB S080 R02 (baseline_eyes_closed)...
  windows written: 11
Processing EEGMMIDB S080 R03 (execute_left_or_right_fist)...
  windows written: 23
Processing EEGMMIDB S080 R04 (imagine_left_or_right_fist)...
  windows written: 23
Processing EEGMMIDB S080 R05 (execute_both_fists_or_both_feet)...
/mnt/aiongpfs/users/pkola/thesis_eeg/BFM2_V6_FLOWMATCHING_STUDY_FULL_PIPELINE/data_preparation/build_eegmmidb_59ch_flow_memmap.py:187: RuntimeWarning: Skipping unreadable EEGMMIDB recording S080 R05: EOFError: Compressed file ended before the end-of-stream marker was reached
  warnings.warn(
Processing EEGMMIDB S080 R06 (imagine_both_fists_or_both_feet)...
  windows written: 23
Processing EEGMMIDB S080 R07 (execute_left_or_right_fist)...
  windows written: 23
Processing EEGMMIDB S080 R08 (imagine_left_or_right_fist)...
  windows written: 23
Processing EEGMMIDB S080 R09 (execute_both_fists_or_both_feet)...
  windows written: 23
Processing EEGMMIDB S080 R10 (imagine_both_fists_or_both_feet)...
  windows written: 23
Processing EEGMMIDB S080 R11 (execute_left_or_right_fist)...
  windows written: 23
Processing EEGMMIDB S080 R12 (imagine_left_or_right_fist)...
  windows written: 23
Processing EEGMMIDB S080 R13 (execute_both_fists_or_both_feet)...
  windows written: 23
Processing EEGMMIDB S080 R14 (imagine_both_fists_or_both_feet)...
  windows written: 23
Processing EEGMMIDB S081 R01 (baseline_eyes_open)...
  windows written: 11
Processing EEGMMIDB S081 R02 (baseline_eyes_closed)...
  windows written: 11
Processing EEGMMIDB S081 R03 (execute_left_or_right_fist)...
  windows written: 23
Processing EEGMMIDB S081 R04 (imagine_left_or_right_fist)...
  windows written: 23
Processing EEGMMIDB S081 R05 (execute_both_fists_or_both_feet)...
  windows written: 23
Processing EEGMMIDB S081 R06 (imagine_both_fists_or_both_feet)...
  windows written: 23
Processing EEGMMIDB S081 R07 (execute_left_or_right_fist)...
  windows written: 23
Processing EEGMMIDB S081 R08 (imagine_left_or_right_fist)...
  windows written: 23
Processing EEGMMIDB S081 R09 (execute_both_fists_or_both_feet)...
  windows written: 23
Processing EEGMMIDB S081 R10 (imagine_both_fists_or_both_feet)...
  windows written: 23
Processing EEGMMIDB S081 R11 (execute_left_or_right_fist)...
  windows written: 23
Processing EEGMMIDB S081 R12 (imagine_left_or_right_fist)...
  windows written: 23
Processing EEGMMIDB S081 R13 (execute_both_fists_or_both_feet)...
  windows written: 23
Processing EEGMMIDB S081 R14 (imagine_both_fists_or_both_feet)...
  windows written: 23
Processing EEGMMIDB S082 R01 (baseline_eyes_open)...
  windows written: 11
Processing EEGMMIDB S082 R02 (baseline_eyes_closed)...
  windows written: 11
Processing EEGMMIDB S082 R03 (execute_left_or_right_fist)...
  windows written: 23
Processing EEGMMIDB S082 R04 (imagine_left_or_right_fist)...
  windows written: 23
Processing EEGMMIDB S082 R05 (execute_both_fists_or_both_feet)...
  windows written: 23
Processing EEGMMIDB S082 R06 (imagine_both_fists_or_both_feet)...
  windows written: 23
Processing EEGMMIDB S082 R07 (execute_left_or_right_fist)...
  windows written: 23
Processing EEGMMIDB S082 R08 (imagine_left_or_right_fist)...
  windows written: 23
Processing EEGMMIDB S082 R09 (execute_both_fists_or_both_feet)...
  windows written: 23
Processing EEGMMIDB S082 R10 (imagine_both_fists_or_both_feet)...
  windows written: 23
Processing EEGMMIDB S082 R11 (execute_left_or_right_fist)...
  windows written: 23
Processing EEGMMIDB S082 R12 (imagine_left_or_right_fist)...
  windows written: 23
Processing EEGMMIDB S082 R13 (execute_both_fists_or_both_feet)...
  windows written: 23
Processing EEGMMIDB S082 R14 (imagine_both_fists_or_both_feet)...
  windows written: 23
Processing EEGMMIDB S083 R01 (baseline_eyes_open)...
  windows written: 11
Processing EEGMMIDB S083 R02 (baseline_eyes_closed)...
  windows written: 11
Processing EEGMMIDB S083 R03 (execute_left_or_right_fist)...
  windows written: 24
Processing EEGMMIDB S083 R04 (imagine_left_or_right_fist)...
  windows written: 24
Processing EEGMMIDB S083 R05 (execute_both_fists_or_both_feet)...
  windows written: 24
Processing EEGMMIDB S083 R06 (imagine_both_fists_or_both_feet)...
  windows written: 24
Processing EEGMMIDB S083 R07 (execute_left_or_right_fist)...
  windows written: 24
Processing EEGMMIDB S083 R08 (imagine_left_or_right_fist)...
  windows written: 24
Processing EEGMMIDB S083 R09 (execute_both_fists_or_both_feet)...
  windows written: 24
Processing EEGMMIDB S083 R10 (imagine_both_fists_or_both_feet)...
  windows written: 24
Processing EEGMMIDB S083 R11 (execute_left_or_right_fist)...
  windows written: 24
Processing EEGMMIDB S083 R12 (imagine_left_or_right_fist)...
  windows written: 24
Processing EEGMMIDB S083 R13 (execute_both_fists_or_both_feet)...
  windows written: 24
Processing EEGMMIDB S083 R14 (imagine_both_fists_or_both_feet)...
  windows written: 24
Processing EEGMMIDB S084 R01 (baseline_eyes_open)...
  windows written: 11
Processing EEGMMIDB S084 R02 (baseline_eyes_closed)...
  windows written: 11
Processing EEGMMIDB S084 R03 (execute_left_or_right_fist)...
  windows written: 23
Processing EEGMMIDB S084 R04 (imagine_left_or_right_fist)...
  windows written: 23
Processing EEGMMIDB S084 R05 (execute_both_fists_or_both_feet)...
  windows written: 23
Processing EEGMMIDB S084 R06 (imagine_both_fists_or_both_feet)...
  windows written: 23
Processing EEGMMIDB S084 R07 (execute_left_or_right_fist)...
  windows written: 23
Processing EEGMMIDB S084 R08 (imagine_left_or_right_fist)...
  windows written: 23
Processing EEGMMIDB S084 R09 (execute_both_fists_or_both_feet)...
  windows written: 23
Processing EEGMMIDB S084 R10 (imagine_both_fists_or_both_feet)...
  windows written: 23
Processing EEGMMIDB S084 R11 (execute_left_or_right_fist)...
  windows written: 23
Processing EEGMMIDB S084 R12 (imagine_left_or_right_fist)...
  windows written: 23
Processing EEGMMIDB S084 R13 (execute_both_fists_or_both_feet)...
  windows written: 23
Processing EEGMMIDB S084 R14 (imagine_both_fists_or_both_feet)...
  windows written: 23
Processing EEGMMIDB S085 R01 (baseline_eyes_open)...
  windows written: 11
Processing EEGMMIDB S085 R02 (baseline_eyes_closed)...
  windows written: 11
Processing EEGMMIDB S085 R03 (execute_left_or_right_fist)...
  windows written: 23
Processing EEGMMIDB S085 R04 (imagine_left_or_right_fist)...
  windows written: 23
Processing EEGMMIDB S085 R05 (execute_both_fists_or_both_feet)...
  windows written: 23
Processing EEGMMIDB S085 R06 (imagine_both_fists_or_both_feet)...
  windows written: 23
Processing EEGMMIDB S085 R07 (execute_left_or_right_fist)...
  windows written: 23
Processing EEGMMIDB S085 R08 (imagine_left_or_right_fist)...
  windows written: 23
Processing EEGMMIDB S085 R09 (execute_both_fists_or_both_feet)...
  windows written: 23
Processing EEGMMIDB S085 R10 (imagine_both_fists_or_both_feet)...
  windows written: 23
Processing EEGMMIDB S085 R11 (execute_left_or_right_fist)...
  windows written: 23
Processing EEGMMIDB S085 R12 (imagine_left_or_right_fist)...
  windows written: 23
Processing EEGMMIDB S085 R13 (execute_both_fists_or_both_feet)...
  windows written: 23
Processing EEGMMIDB S085 R14 (imagine_both_fists_or_both_feet)...
  windows written: 23
Processing EEGMMIDB S086 R01 (baseline_eyes_open)...
  windows written: 11
Processing EEGMMIDB S086 R02 (baseline_eyes_closed)...
  windows written: 11
Processing EEGMMIDB S086 R03 (execute_left_or_right_fist)...
  windows written: 24
Processing EEGMMIDB S086 R04 (imagine_left_or_right_fist)...
  windows written: 24
Processing EEGMMIDB S086 R05 (execute_both_fists_or_both_feet)...
  windows written: 24
Processing EEGMMIDB S086 R06 (imagine_both_fists_or_both_feet)...
  windows written: 24
Processing EEGMMIDB S086 R07 (execute_left_or_right_fist)...
  windows written: 24
Processing EEGMMIDB S086 R08 (imagine_left_or_right_fist)...
  windows written: 24
Processing EEGMMIDB S086 R09 (execute_both_fists_or_both_feet)...
  windows written: 24
Processing EEGMMIDB S086 R10 (imagine_both_fists_or_both_feet)...
  windows written: 24
Processing EEGMMIDB S086 R11 (execute_left_or_right_fist)...
  windows written: 24
Processing EEGMMIDB S086 R12 (imagine_left_or_right_fist)...
  windows written: 24
Processing EEGMMIDB S086 R13 (execute_both_fists_or_both_feet)...
  windows written: 24
Processing EEGMMIDB S086 R14 (imagine_both_fists_or_both_feet)...
  windows written: 24
Processing EEGMMIDB S087 R01 (baseline_eyes_open)...
  windows written: 11
Processing EEGMMIDB S087 R02 (baseline_eyes_closed)...
  windows written: 11
Processing EEGMMIDB S087 R03 (execute_left_or_right_fist)...
  windows written: 23
Processing EEGMMIDB S087 R04 (imagine_left_or_right_fist)...
  windows written: 23
Processing EEGMMIDB S087 R05 (execute_both_fists_or_both_feet)...
  windows written: 23
Processing EEGMMIDB S087 R06 (imagine_both_fists_or_both_feet)...
  windows written: 23
Processing EEGMMIDB S087 R07 (execute_left_or_right_fist)...
  windows written: 23
Processing EEGMMIDB S087 R08 (imagine_left_or_right_fist)...
  windows written: 23
Processing EEGMMIDB S087 R09 (execute_both_fists_or_both_feet)...
  windows written: 23
Processing EEGMMIDB S087 R10 (imagine_both_fists_or_both_feet)...
  windows written: 23
Processing EEGMMIDB S087 R11 (execute_left_or_right_fist)...
  windows written: 23
Processing EEGMMIDB S087 R12 (imagine_left_or_right_fist)...
  windows written: 23
Processing EEGMMIDB S087 R13 (execute_both_fists_or_both_feet)...
  windows written: 23
Processing EEGMMIDB S087 R14 (imagine_both_fists_or_both_feet)...
  windows written: 23
Processing EEGMMIDB S088 R01 (baseline_eyes_open)...
  windows written: 11
Processing EEGMMIDB S088 R02 (baseline_eyes_closed)...
  windows written: 11
Processing EEGMMIDB S088 R03 (execute_left_or_right_fist)...
  windows written: 23
Processing EEGMMIDB S088 R04 (imagine_left_or_right_fist)...
  windows written: 23
Processing EEGMMIDB S088 R05 (execute_both_fists_or_both_feet)...
  windows written: 23
Processing EEGMMIDB S088 R06 (imagine_both_fists_or_both_feet)...
  windows written: 23
Processing EEGMMIDB S088 R07 (execute_left_or_right_fist)...
  windows written: 23
Processing EEGMMIDB S088 R08 (imagine_left_or_right_fist)...
  windows written: 23
Processing EEGMMIDB S088 R09 (execute_both_fists_or_both_feet)...
  windows written: 23
Processing EEGMMIDB S088 R10 (imagine_both_fists_or_both_feet)...
  windows written: 23
Processing EEGMMIDB S088 R11 (execute_left_or_right_fist)...
  windows written: 23
Processing EEGMMIDB S088 R12 (imagine_left_or_right_fist)...
  windows written: 23
Processing EEGMMIDB S088 R13 (execute_both_fists_or_both_feet)...
  windows written: 23
Processing EEGMMIDB S088 R14 (imagine_both_fists_or_both_feet)...
  windows written: 23
Processing EEGMMIDB S089 R01 (baseline_eyes_open)...
  windows written: 11
Processing EEGMMIDB S089 R02 (baseline_eyes_closed)...
  windows written: 11
Processing EEGMMIDB S089 R03 (execute_left_or_right_fist)...
  windows written: 35
Processing EEGMMIDB S089 R04 (imagine_left_or_right_fist)...
  windows written: 23
Processing EEGMMIDB S089 R05 (execute_both_fists_or_both_feet)...
  windows written: 23
Processing EEGMMIDB S089 R06 (imagine_both_fists_or_both_feet)...
  windows written: 23
Processing EEGMMIDB S089 R07 (execute_left_or_right_fist)...
  windows written: 23
Processing EEGMMIDB S089 R08 (imagine_left_or_right_fist)...
  windows written: 23
Processing EEGMMIDB S089 R09 (execute_both_fists_or_both_feet)...
  windows written: 23
Processing EEGMMIDB S089 R10 (imagine_both_fists_or_both_feet)...
  windows written: 23
Processing EEGMMIDB S089 R11 (execute_left_or_right_fist)...
  windows written: 23
Processing EEGMMIDB S089 R12 (imagine_left_or_right_fist)...
  windows written: 23
Processing EEGMMIDB S089 R13 (execute_both_fists_or_both_feet)...
  windows written: 23
Processing EEGMMIDB S089 R14 (imagine_both_fists_or_both_feet)...
  windows written: 23
Processing EEGMMIDB S090 R01 (baseline_eyes_open)...
  windows written: 11
Processing EEGMMIDB S090 R02 (baseline_eyes_closed)...
  windows written: 11
Processing EEGMMIDB S090 R03 (execute_left_or_right_fist)...
  windows written: 23
Processing EEGMMIDB S090 R04 (imagine_left_or_right_fist)...
  windows written: 23
Processing EEGMMIDB S090 R05 (execute_both_fists_or_both_feet)...
  windows written: 23
Processing EEGMMIDB S090 R06 (imagine_both_fists_or_both_feet)...
  windows written: 23
Processing EEGMMIDB S090 R07 (execute_left_or_right_fist)...
  windows written: 23
Processing EEGMMIDB S090 R08 (imagine_left_or_right_fist)...
  windows written: 23
Processing EEGMMIDB S090 R09 (execute_both_fists_or_both_feet)...
  windows written: 23
Processing EEGMMIDB S090 R10 (imagine_both_fists_or_both_feet)...
  windows written: 23
Processing EEGMMIDB S090 R11 (execute_left_or_right_fist)...
  windows written: 23
Processing EEGMMIDB S090 R12 (imagine_left_or_right_fist)...
  windows written: 23
Processing EEGMMIDB S090 R13 (execute_both_fists_or_both_feet)...
  windows written: 23
Processing EEGMMIDB S090 R14 (imagine_both_fists_or_both_feet)...
  windows written: 23
Processing EEGMMIDB S091 R01 (baseline_eyes_open)...
  windows written: 11
Processing EEGMMIDB S091 R02 (baseline_eyes_closed)...
  windows written: 11
Processing EEGMMIDB S091 R03 (execute_left_or_right_fist)...
  windows written: 23
Processing EEGMMIDB S091 R04 (imagine_left_or_right_fist)...
  windows written: 23
Processing EEGMMIDB S091 R05 (execute_both_fists_or_both_feet)...
  windows written: 23
Processing EEGMMIDB S091 R06 (imagine_both_fists_or_both_feet)...
  windows written: 23
Processing EEGMMIDB S091 R07 (execute_left_or_right_fist)...
  windows written: 23
Processing EEGMMIDB S091 R08 (imagine_left_or_right_fist)...
  windows written: 23
Processing EEGMMIDB S091 R09 (execute_both_fists_or_both_feet)...
  windows written: 23
Processing EEGMMIDB S091 R10 (imagine_both_fists_or_both_feet)...
  windows written: 23
Processing EEGMMIDB S091 R11 (execute_left_or_right_fist)...
  windows written: 23
Processing EEGMMIDB S091 R12 (imagine_left_or_right_fist)...
  windows written: 23
Processing EEGMMIDB S091 R13 (execute_both_fists_or_both_feet)...
  windows written: 23
Processing EEGMMIDB S091 R14 (imagine_both_fists_or_both_feet)...
  windows written: 23
Processing EEGMMIDB S092 R01 (baseline_eyes_open)...
  windows written: 11
Processing EEGMMIDB S092 R02 (baseline_eyes_closed)...
  windows written: 11
Processing EEGMMIDB S092 R03 (execute_left_or_right_fist)...
  windows written: 23
Processing EEGMMIDB S092 R04 (imagine_left_or_right_fist)...
  windows written: 23
Processing EEGMMIDB S092 R05 (execute_both_fists_or_both_feet)...
  windows written: 23
Processing EEGMMIDB S092 R06 (imagine_both_fists_or_both_feet)...
  windows written: 23
Processing EEGMMIDB S092 R07 (execute_left_or_right_fist)...
  windows written: 23
Processing EEGMMIDB S092 R08 (imagine_left_or_right_fist)...
  windows written: 23
Processing EEGMMIDB S092 R09 (execute_both_fists_or_both_feet)...
  windows written: 23
Processing EEGMMIDB S092 R10 (imagine_both_fists_or_both_feet)...
  windows written: 23
Processing EEGMMIDB S092 R11 (execute_left_or_right_fist)...
  windows written: 23
Processing EEGMMIDB S092 R12 (imagine_left_or_right_fist)...
  windows written: 23
Processing EEGMMIDB S092 R13 (execute_both_fists_or_both_feet)...
  windows written: 23
Processing EEGMMIDB S092 R14 (imagine_both_fists_or_both_feet)...
  windows written: 23
Processing EEGMMIDB S093 R01 (baseline_eyes_open)...
  windows written: 11
Processing EEGMMIDB S093 R02 (baseline_eyes_closed)...
  windows written: 11
Processing EEGMMIDB S093 R03 (execute_left_or_right_fist)...
  windows written: 23
Processing EEGMMIDB S093 R04 (imagine_left_or_right_fist)...
  windows written: 23
Processing EEGMMIDB S093 R05 (execute_both_fists_or_both_feet)...
  windows written: 23
Processing EEGMMIDB S093 R06 (imagine_both_fists_or_both_feet)...
  windows written: 23
Processing EEGMMIDB S093 R07 (execute_left_or_right_fist)...
  windows written: 23
Processing EEGMMIDB S093 R08 (imagine_left_or_right_fist)...
  windows written: 23
Processing EEGMMIDB S093 R09 (execute_both_fists_or_both_feet)...
  windows written: 23
Processing EEGMMIDB S093 R10 (imagine_both_fists_or_both_feet)...
  windows written: 23
Processing EEGMMIDB S093 R11 (execute_left_or_right_fist)...
  windows written: 23
Processing EEGMMIDB S093 R12 (imagine_left_or_right_fist)...
  windows written: 23
Processing EEGMMIDB S093 R13 (execute_both_fists_or_both_feet)...
  windows written: 23
Processing EEGMMIDB S093 R14 (imagine_both_fists_or_both_feet)...
  windows written: 23
Processing EEGMMIDB S094 R01 (baseline_eyes_open)...
  windows written: 11
Processing EEGMMIDB S094 R02 (baseline_eyes_closed)...
  windows written: 11
Processing EEGMMIDB S094 R03 (execute_left_or_right_fist)...
  windows written: 23
Processing EEGMMIDB S094 R04 (imagine_left_or_right_fist)...
  windows written: 23
Processing EEGMMIDB S094 R05 (execute_both_fists_or_both_feet)...
  windows written: 23
Processing EEGMMIDB S094 R06 (imagine_both_fists_or_both_feet)...
  windows written: 23
Processing EEGMMIDB S094 R07 (execute_left_or_right_fist)...
  windows written: 23
Processing EEGMMIDB S094 R08 (imagine_left_or_right_fist)...
  windows written: 23
Processing EEGMMIDB S094 R09 (execute_both_fists_or_both_feet)...
  windows written: 23
Processing EEGMMIDB S094 R10 (imagine_both_fists_or_both_feet)...
  windows written: 23
Processing EEGMMIDB S094 R11 (execute_left_or_right_fist)...
  windows written: 23
Processing EEGMMIDB S094 R12 (imagine_left_or_right_fist)...
  windows written: 23
Processing EEGMMIDB S094 R13 (execute_both_fists_or_both_feet)...
  windows written: 23
Processing EEGMMIDB S094 R14 (imagine_both_fists_or_both_feet)...
  windows written: 23
Processing EEGMMIDB S095 R01 (baseline_eyes_open)...
  windows written: 11
Processing EEGMMIDB S095 R02 (baseline_eyes_closed)...
  windows written: 11
Processing EEGMMIDB S095 R03 (execute_left_or_right_fist)...
  windows written: 24
Processing EEGMMIDB S095 R04 (imagine_left_or_right_fist)...
  windows written: 24
Processing EEGMMIDB S095 R05 (execute_both_fists_or_both_feet)...
  windows written: 24
Processing EEGMMIDB S095 R06 (imagine_both_fists_or_both_feet)...
  windows written: 24
Processing EEGMMIDB S095 R07 (execute_left_or_right_fist)...
  windows written: 24
Processing EEGMMIDB S095 R08 (imagine_left_or_right_fist)...
  windows written: 24
Processing EEGMMIDB S095 R09 (execute_both_fists_or_both_feet)...
  windows written: 24
Processing EEGMMIDB S095 R10 (imagine_both_fists_or_both_feet)...
  windows written: 24
Processing EEGMMIDB S095 R11 (execute_left_or_right_fist)...
  windows written: 24
Processing EEGMMIDB S095 R12 (imagine_left_or_right_fist)...
  windows written: 24
Processing EEGMMIDB S095 R13 (execute_both_fists_or_both_feet)...
  windows written: 24
Processing EEGMMIDB S095 R14 (imagine_both_fists_or_both_feet)...
  windows written: 24
Processing EEGMMIDB S096 R01 (baseline_eyes_open)...
  windows written: 11
Processing EEGMMIDB S096 R02 (baseline_eyes_closed)...
  windows written: 11
Processing EEGMMIDB S096 R03 (execute_left_or_right_fist)...
  windows written: 24
Processing EEGMMIDB S096 R04 (imagine_left_or_right_fist)...
  windows written: 24
Processing EEGMMIDB S096 R05 (execute_both_fists_or_both_feet)...
  windows written: 24
Processing EEGMMIDB S096 R06 (imagine_both_fists_or_both_feet)...
  windows written: 24
Processing EEGMMIDB S096 R07 (execute_left_or_right_fist)...
  windows written: 24
Processing EEGMMIDB S096 R08 (imagine_left_or_right_fist)...
  windows written: 24
Processing EEGMMIDB S096 R09 (execute_both_fists_or_both_feet)...
  windows written: 24
Processing EEGMMIDB S096 R10 (imagine_both_fists_or_both_feet)...
  windows written: 24
Processing EEGMMIDB S096 R11 (execute_left_or_right_fist)...
  windows written: 24
Processing EEGMMIDB S096 R12 (imagine_left_or_right_fist)...
  windows written: 24
Processing EEGMMIDB S096 R13 (execute_both_fists_or_both_feet)...
  windows written: 24
Processing EEGMMIDB S096 R14 (imagine_both_fists_or_both_feet)...
  windows written: 24
Processing EEGMMIDB S097 R01 (baseline_eyes_open)...
  windows written: 11
Processing EEGMMIDB S097 R02 (baseline_eyes_closed)...
  windows written: 11
Processing EEGMMIDB S097 R03 (execute_left_or_right_fist)...
  windows written: 23
Processing EEGMMIDB S097 R04 (imagine_left_or_right_fist)...
  windows written: 23
Processing EEGMMIDB S097 R05 (execute_both_fists_or_both_feet)...
  windows written: 23
Processing EEGMMIDB S097 R06 (imagine_both_fists_or_both_feet)...
  windows written: 23
Processing EEGMMIDB S097 R07 (execute_left_or_right_fist)...
  windows written: 23
Processing EEGMMIDB S097 R08 (imagine_left_or_right_fist)...
  windows written: 23
Processing EEGMMIDB S097 R09 (execute_both_fists_or_both_feet)...
  windows written: 23
Processing EEGMMIDB S097 R10 (imagine_both_fists_or_both_feet)...
  windows written: 23
Processing EEGMMIDB S097 R11 (execute_left_or_right_fist)...
  windows written: 23
Processing EEGMMIDB S097 R12 (imagine_left_or_right_fist)...
  windows written: 23
Processing EEGMMIDB S097 R13 (execute_both_fists_or_both_feet)...
  windows written: 23
Processing EEGMMIDB S097 R14 (imagine_both_fists_or_both_feet)...
  windows written: 23
Processing EEGMMIDB S098 R01 (baseline_eyes_open)...
  windows written: 11
Processing EEGMMIDB S098 R02 (baseline_eyes_closed)...
  windows written: 11
Processing EEGMMIDB S098 R03 (execute_left_or_right_fist)...
  windows written: 23
Processing EEGMMIDB S098 R04 (imagine_left_or_right_fist)...
  windows written: 23
Processing EEGMMIDB S098 R05 (execute_both_fists_or_both_feet)...
  windows written: 23
Processing EEGMMIDB S098 R06 (imagine_both_fists_or_both_feet)...
  windows written: 23
Processing EEGMMIDB S098 R07 (execute_left_or_right_fist)...
  windows written: 23
Processing EEGMMIDB S098 R08 (imagine_left_or_right_fist)...
  windows written: 23
Processing EEGMMIDB S098 R09 (execute_both_fists_or_both_feet)...
  windows written: 23
Processing EEGMMIDB S098 R10 (imagine_both_fists_or_both_feet)...
  windows written: 23
Processing EEGMMIDB S098 R11 (execute_left_or_right_fist)...
  windows written: 23
Processing EEGMMIDB S098 R12 (imagine_left_or_right_fist)...
  windows written: 23
Processing EEGMMIDB S098 R13 (execute_both_fists_or_both_feet)...
  windows written: 23
Processing EEGMMIDB S098 R14 (imagine_both_fists_or_both_feet)...
  windows written: 23
Processing EEGMMIDB S099 R01 (baseline_eyes_open)...
  windows written: 11
Processing EEGMMIDB S099 R02 (baseline_eyes_closed)...
  windows written: 11
Processing EEGMMIDB S099 R03 (execute_left_or_right_fist)...
  windows written: 23
Processing EEGMMIDB S099 R04 (imagine_left_or_right_fist)...
  windows written: 23
Processing EEGMMIDB S099 R05 (execute_both_fists_or_both_feet)...
  windows written: 23
Processing EEGMMIDB S099 R06 (imagine_both_fists_or_both_feet)...
  windows written: 23
Processing EEGMMIDB S099 R07 (execute_left_or_right_fist)...
  windows written: 23
Processing EEGMMIDB S099 R08 (imagine_left_or_right_fist)...
  windows written: 23
Processing EEGMMIDB S099 R09 (execute_both_fists_or_both_feet)...
  windows written: 23
Processing EEGMMIDB S099 R10 (imagine_both_fists_or_both_feet)...
  windows written: 23
Processing EEGMMIDB S099 R11 (execute_left_or_right_fist)...
  windows written: 23
Processing EEGMMIDB S099 R12 (imagine_left_or_right_fist)...
  windows written: 23
Processing EEGMMIDB S099 R13 (execute_both_fists_or_both_feet)...
  windows written: 23
Processing EEGMMIDB S099 R14 (imagine_both_fists_or_both_feet)...
  windows written: 23
Processing EEGMMIDB S100 R01 (baseline_eyes_open)...
  windows written: 11
Processing EEGMMIDB S100 R02 (baseline_eyes_closed)...
  windows written: 11
Processing EEGMMIDB S100 R03 (execute_left_or_right_fist)...
  windows written: 23
Processing EEGMMIDB S100 R04 (imagine_left_or_right_fist)...
  windows written: 23
Processing EEGMMIDB S100 R05 (execute_both_fists_or_both_feet)...
  windows written: 23
Processing EEGMMIDB S100 R06 (imagine_both_fists_or_both_feet)...
  windows written: 23
Processing EEGMMIDB S100 R07 (execute_left_or_right_fist)...
  windows written: 23
Processing EEGMMIDB S100 R08 (imagine_left_or_right_fist)...
  windows written: 23
Processing EEGMMIDB S100 R09 (execute_both_fists_or_both_feet)...
  windows written: 23
Processing EEGMMIDB S100 R10 (imagine_both_fists_or_both_feet)...
  windows written: 23
Processing EEGMMIDB S100 R11 (execute_left_or_right_fist)...
  windows written: 23
Processing EEGMMIDB S100 R12 (imagine_left_or_right_fist)...
  windows written: 23
Processing EEGMMIDB S100 R13 (execute_both_fists_or_both_feet)...
  windows written: 23
Processing EEGMMIDB S100 R14 (imagine_both_fists_or_both_feet)...
  windows written: 23
Processing EEGMMIDB S101 R01 (baseline_eyes_open)...
  windows written: 11
Processing EEGMMIDB S101 R02 (baseline_eyes_closed)...
  windows written: 11
Processing EEGMMIDB S101 R03 (execute_left_or_right_fist)...
  windows written: 24
Processing EEGMMIDB S101 R04 (imagine_left_or_right_fist)...
  windows written: 24
Processing EEGMMIDB S101 R05 (execute_both_fists_or_both_feet)...
  windows written: 24
Processing EEGMMIDB S101 R06 (imagine_both_fists_or_both_feet)...
  windows written: 24
Processing EEGMMIDB S101 R07 (execute_left_or_right_fist)...
  windows written: 24
Processing EEGMMIDB S101 R08 (imagine_left_or_right_fist)...
  windows written: 24
Processing EEGMMIDB S101 R09 (execute_both_fists_or_both_feet)...
  windows written: 24
Processing EEGMMIDB S101 R10 (imagine_both_fists_or_both_feet)...
  windows written: 24
Processing EEGMMIDB S101 R11 (execute_left_or_right_fist)...
  windows written: 24
Processing EEGMMIDB S101 R12 (imagine_left_or_right_fist)...
  windows written: 24
Processing EEGMMIDB S101 R13 (execute_both_fists_or_both_feet)...
  windows written: 24
Processing EEGMMIDB S101 R14 (imagine_both_fists_or_both_feet)...
  windows written: 24
Processing EEGMMIDB S102 R01 (baseline_eyes_open)...
  windows written: 11
Processing EEGMMIDB S102 R02 (baseline_eyes_closed)...
  windows written: 11
Processing EEGMMIDB S102 R03 (execute_left_or_right_fist)...
  windows written: 23
Processing EEGMMIDB S102 R04 (imagine_left_or_right_fist)...
  windows written: 23
Processing EEGMMIDB S102 R05 (execute_both_fists_or_both_feet)...
  windows written: 23
Processing EEGMMIDB S102 R06 (imagine_both_fists_or_both_feet)...
  windows written: 23
Processing EEGMMIDB S102 R07 (execute_left_or_right_fist)...
  windows written: 23
Processing EEGMMIDB S102 R08 (imagine_left_or_right_fist)...
  windows written: 23
Processing EEGMMIDB S102 R09 (execute_both_fists_or_both_feet)...
  windows written: 23
Processing EEGMMIDB S102 R10 (imagine_both_fists_or_both_feet)...
  windows written: 23
Processing EEGMMIDB S102 R11 (execute_left_or_right_fist)...
  windows written: 23
Processing EEGMMIDB S102 R12 (imagine_left_or_right_fist)...
  windows written: 23
Processing EEGMMIDB S102 R13 (execute_both_fists_or_both_feet)...
  windows written: 23
Processing EEGMMIDB S102 R14 (imagine_both_fists_or_both_feet)...
  windows written: 23
Processing EEGMMIDB S103 R01 (baseline_eyes_open)...
  windows written: 11
Processing EEGMMIDB S103 R02 (baseline_eyes_closed)...
  windows written: 11
Processing EEGMMIDB S103 R03 (execute_left_or_right_fist)...
  windows written: 24
Processing EEGMMIDB S103 R04 (imagine_left_or_right_fist)...
  windows written: 24
Processing EEGMMIDB S103 R05 (execute_both_fists_or_both_feet)...
  windows written: 24
Processing EEGMMIDB S103 R06 (imagine_both_fists_or_both_feet)...
  windows written: 24
Processing EEGMMIDB S103 R07 (execute_left_or_right_fist)...
  windows written: 24
Processing EEGMMIDB S103 R08 (imagine_left_or_right_fist)...
  windows written: 24
Processing EEGMMIDB S103 R09 (execute_both_fists_or_both_feet)...
  windows written: 24
Processing EEGMMIDB S103 R10 (imagine_both_fists_or_both_feet)...
  windows written: 24
Processing EEGMMIDB S103 R11 (execute_left_or_right_fist)...
  windows written: 24
Processing EEGMMIDB S103 R12 (imagine_left_or_right_fist)...
  windows written: 24
Processing EEGMMIDB S103 R13 (execute_both_fists_or_both_feet)...
  windows written: 24
Processing EEGMMIDB S103 R14 (imagine_both_fists_or_both_feet)...
  windows written: 24
Processing EEGMMIDB S104 R01 (baseline_eyes_open)...
  windows written: 11
Processing EEGMMIDB S104 R02 (baseline_eyes_closed)...
  windows written: 11
Processing EEGMMIDB S104 R03 (execute_left_or_right_fist)...
  windows written: 23
Processing EEGMMIDB S104 R04 (imagine_left_or_right_fist)...
  windows written: 23
Processing EEGMMIDB S104 R05 (execute_both_fists_or_both_feet)...
  windows written: 23
Processing EEGMMIDB S104 R06 (imagine_both_fists_or_both_feet)...
  windows written: 23
Processing EEGMMIDB S104 R07 (execute_left_or_right_fist)...
  windows written: 23
Processing EEGMMIDB S104 R08 (imagine_left_or_right_fist)...
  windows written: 20
Processing EEGMMIDB S104 R09 (execute_both_fists_or_both_feet)...
  windows written: 23
Processing EEGMMIDB S104 R10 (imagine_both_fists_or_both_feet)...
  windows written: 23
Processing EEGMMIDB S104 R11 (execute_left_or_right_fist)...
  windows written: 23
Processing EEGMMIDB S104 R12 (imagine_left_or_right_fist)...
  windows written: 23
Processing EEGMMIDB S104 R13 (execute_both_fists_or_both_feet)...
  windows written: 23
Processing EEGMMIDB S104 R14 (imagine_both_fists_or_both_feet)...
  windows written: 23
Processing EEGMMIDB S105 R01 (baseline_eyes_open)...
  windows written: 11
Processing EEGMMIDB S105 R02 (baseline_eyes_closed)...
  windows written: 11
Processing EEGMMIDB S105 R03 (execute_left_or_right_fist)...
  windows written: 23
Processing EEGMMIDB S105 R04 (imagine_left_or_right_fist)...
  windows written: 23
Processing EEGMMIDB S105 R05 (execute_both_fists_or_both_feet)...
  windows written: 23
Processing EEGMMIDB S105 R06 (imagine_both_fists_or_both_feet)...
  windows written: 23
Processing EEGMMIDB S105 R07 (execute_left_or_right_fist)...
  windows written: 23
Processing EEGMMIDB S105 R08 (imagine_left_or_right_fist)...
  windows written: 23
Processing EEGMMIDB S105 R09 (execute_both_fists_or_both_feet)...
  windows written: 23
Processing EEGMMIDB S105 R10 (imagine_both_fists_or_both_feet)...
  windows written: 23
Processing EEGMMIDB S105 R11 (execute_left_or_right_fist)...
  windows written: 23
Processing EEGMMIDB S105 R12 (imagine_left_or_right_fist)...
  windows written: 23
Processing EEGMMIDB S105 R13 (execute_both_fists_or_both_feet)...
  windows written: 23
Processing EEGMMIDB S105 R14 (imagine_both_fists_or_both_feet)...
  windows written: 23
Processing EEGMMIDB S106 R01 (baseline_eyes_open)...
  windows written: 11
Processing EEGMMIDB S106 R02 (baseline_eyes_closed)...
  windows written: 11
Processing EEGMMIDB S106 R03 (execute_left_or_right_fist)...
  windows written: 24
Processing EEGMMIDB S106 R04 (imagine_left_or_right_fist)...
  windows written: 24
Processing EEGMMIDB S106 R05 (execute_both_fists_or_both_feet)...
  windows written: 6
Processing EEGMMIDB S106 R06 (imagine_both_fists_or_both_feet)...
  windows written: 24
Processing EEGMMIDB S106 R07 (execute_left_or_right_fist)...
  windows written: 24
Processing EEGMMIDB S106 R08 (imagine_left_or_right_fist)...
  windows written: 24
Processing EEGMMIDB S106 R09 (execute_both_fists_or_both_feet)...
  windows written: 24
Processing EEGMMIDB S106 R10 (imagine_both_fists_or_both_feet)...
  windows written: 24
Processing EEGMMIDB S106 R11 (execute_left_or_right_fist)...
  windows written: 24
Processing EEGMMIDB S106 R12 (imagine_left_or_right_fist)...
  windows written: 24
Processing EEGMMIDB S106 R13 (execute_both_fists_or_both_feet)...
  windows written: 24
Processing EEGMMIDB S106 R14 (imagine_both_fists_or_both_feet)...
  windows written: 24
Processing EEGMMIDB S107 R01 (baseline_eyes_open)...
  windows written: 11
Processing EEGMMIDB S107 R02 (baseline_eyes_closed)...
  windows written: 11
Processing EEGMMIDB S107 R03 (execute_left_or_right_fist)...
  windows written: 24
Processing EEGMMIDB S107 R04 (imagine_left_or_right_fist)...
  windows written: 24
Processing EEGMMIDB S107 R05 (execute_both_fists_or_both_feet)...
  windows written: 24
Processing EEGMMIDB S107 R06 (imagine_both_fists_or_both_feet)...
  windows written: 24
Processing EEGMMIDB S107 R07 (execute_left_or_right_fist)...
  windows written: 24
Processing EEGMMIDB S107 R08 (imagine_left_or_right_fist)...
  windows written: 24
Processing EEGMMIDB S107 R09 (execute_both_fists_or_both_feet)...
  windows written: 24
Processing EEGMMIDB S107 R10 (imagine_both_fists_or_both_feet)...
  windows written: 24
Processing EEGMMIDB S107 R11 (execute_left_or_right_fist)...
  windows written: 24
Processing EEGMMIDB S107 R12 (imagine_left_or_right_fist)...
  windows written: 24
Processing EEGMMIDB S107 R13 (execute_both_fists_or_both_feet)...
  windows written: 24
Processing EEGMMIDB S107 R14 (imagine_both_fists_or_both_feet)...
  windows written: 24
Processing EEGMMIDB S108 R01 (baseline_eyes_open)...
  windows written: 11
Processing EEGMMIDB S108 R02 (baseline_eyes_closed)...
  windows written: 11
Processing EEGMMIDB S108 R03 (execute_left_or_right_fist)...
  windows written: 23
Processing EEGMMIDB S108 R04 (imagine_left_or_right_fist)...
  windows written: 23
Processing EEGMMIDB S108 R05 (execute_both_fists_or_both_feet)...
  windows written: 23
Processing EEGMMIDB S108 R06 (imagine_both_fists_or_both_feet)...
  windows written: 23
Processing EEGMMIDB S108 R07 (execute_left_or_right_fist)...
  windows written: 23
Processing EEGMMIDB S108 R08 (imagine_left_or_right_fist)...
  windows written: 23
Processing EEGMMIDB S108 R09 (execute_both_fists_or_both_feet)...
  windows written: 23
Processing EEGMMIDB S108 R10 (imagine_both_fists_or_both_feet)...
  windows written: 23
Processing EEGMMIDB S108 R11 (execute_left_or_right_fist)...
  windows written: 23
Processing EEGMMIDB S108 R12 (imagine_left_or_right_fist)...
  windows written: 23
Processing EEGMMIDB S108 R13 (execute_both_fists_or_both_feet)...
  windows written: 23
Processing EEGMMIDB S108 R14 (imagine_both_fists_or_both_feet)...
  windows written: 23
Processing EEGMMIDB S109 R01 (baseline_eyes_open)...
  windows written: 11
Processing EEGMMIDB S109 R02 (baseline_eyes_closed)...
  windows written: 11
Processing EEGMMIDB S109 R03 (execute_left_or_right_fist)...
  windows written: 23
Processing EEGMMIDB S109 R04 (imagine_left_or_right_fist)...
  windows written: 23
Processing EEGMMIDB S109 R05 (execute_both_fists_or_both_feet)...
  windows written: 23
Processing EEGMMIDB S109 R06 (imagine_both_fists_or_both_feet)...
  windows written: 23
Processing EEGMMIDB S109 R07 (execute_left_or_right_fist)...
  windows written: 23
Processing EEGMMIDB S109 R08 (imagine_left_or_right_fist)...
  windows written: 23
Processing EEGMMIDB S109 R09 (execute_both_fists_or_both_feet)...
  windows written: 23
Processing EEGMMIDB S109 R10 (imagine_both_fists_or_both_feet)...
  windows written: 23
Processing EEGMMIDB S109 R11 (execute_left_or_right_fist)...
  windows written: 23
Processing EEGMMIDB S109 R12 (imagine_left_or_right_fist)...
  windows written: 23
Processing EEGMMIDB S109 R13 (execute_both_fists_or_both_feet)...
  windows written: 23
Processing EEGMMIDB S109 R14 (imagine_both_fists_or_both_feet)...
  windows written: 23
Saved EEGMMIDB flow-matching memmap dataset:
/mnt/aiongpfs/users/pkola/thesis_eeg/BFM2_V6_FLOWMATCHING_STUDY_FULL_PIPELINE/outputs_v6_flowmatching_study/window_datasets/eegmmidb_59ch_10s_250hz_flow_memmap
x shape: [32644, 59, 2500]
skipped recordings: 4
