manual_interval_id,predicted_interval_id,window_index,channel_index,channel,manual_start_seconds_in_recording,manual_end_seconds_in_recording,predicted_start_seconds_in_recording,predicted_end_seconds_in_recording,manual_duration_seconds,predicted_duration_seconds,overlap_seconds,union_seconds,interval_iou,interval_dice,start_error_seconds,end_error_seconds,center_error_seconds,duration_error_seconds,predicted_mean_probability,predicted_max_probability
manual_ground_truth_w0060_c01_i000,m3_improved_prediction_w0060_c01_i013,60,1,Fp1,306.504,310.0,307.368,309.116,3.4960000000000004,1.7479999999999993,1.7479999999999905,3.495999999999981,0.5,0.6666666666666631,0.8639999999999759,0.8840000000000146,0.010000000000047748,1.748000000000001,0.9114469885826111,0.9881095290184021
manual_ground_truth_w0060_c02_i000,m3_improved_prediction_w0060_c02_i015,60,2,Fp2,306.504,310.0,305.52,309.12,3.4960000000000004,3.5999999999999996,2.6159999999999854,4.480000000000018,0.5839285714285658,0.7373167981961627,0.9840000000000373,0.8799999999999955,0.9320000000000164,0.1039999999999992,0.9188046455383301,0.9771965742111206
manual_ground_truth_w0060_c07_i000,m3_improved_prediction_w0060_c07_i013,60,7,Fz,306.504,310.0,307.944,309.0,3.4960000000000004,1.056,1.0559999999999832,3.495999999999981,0.3020594965675026,0.46397188049208393,1.4399999999999977,1.0,0.21999999999997044,2.4400000000000004,0.8335299491882324,0.9476304054260254
manual_ground_truth_w0060_c10_i000,m3_improved_prediction_w0060_c10_i007,60,10,F3,306.504,310.0,307.388,309.452,3.4960000000000004,2.064,2.0640000000000214,3.495999999999981,0.590389016018316,0.7424460431654752,0.8839999999999577,0.5480000000000018,0.16799999999994952,1.4320000000000004,0.7923582196235657,0.9555855989456177
manual_ground_truth_w0060_c11_i000,m3_improved_prediction_w0060_c11_i010,60,11,F4,306.504,310.0,307.384,309.396,3.4960000000000004,2.0120000000000005,2.0120000000000005,3.495999999999981,0.5755148741418797,0.7305737109658679,0.8799999999999955,0.603999999999985,0.1379999999999768,1.484,0.7446609139442444,0.9500773549079895
manual_ground_truth_w0060_c14_i000,m3_improved_prediction_w0060_c14_i026,60,14,F7,306.504,310.0,307.36,309.972,3.4960000000000004,2.611999999999999,2.6119999999999663,3.495999999999981,0.7471395881006809,0.8552717747216655,0.8559999999999945,0.02800000000002001,0.41399999999998727,0.8840000000000012,0.9422394037246704,0.979176938533783
manual_ground_truth_w0060_c15_i000,m3_improved_prediction_w0060_c15_i011,60,15,F8,306.504,310.0,307.748,309.436,3.4960000000000004,1.6879999999999997,1.6879999999999882,3.495999999999981,0.48283752860411827,0.65123456790123,1.2439999999999714,0.5640000000000214,0.339999999999975,1.8080000000000007,0.9393092393875122,0.9917609691619873
manual_ground_truth_w0060_c25_i000,m3_improved_prediction_w0060_c25_i011,60,25,Cz,306.504,310.0,306.92,307.092,3.4960000000000004,0.1719999999999997,0.17199999999996862,3.495999999999981,0.04919908466818351,0.09378407851688583,0.4159999999999968,2.9080000000000155,1.2460000000000377,3.3240000000000007,0.5219005346298218,0.6558843851089478
manual_ground_truth_w0060_c28_i000,m3_improved_prediction_w0060_c28_i010,60,28,C3,306.504,310.0,308.056,308.924,3.4960000000000004,0.8680000000000003,0.867999999999995,3.495999999999981,0.24828375286041182,0.39780018331805445,1.551999999999964,1.0760000000000218,0.23799999999999955,2.628,0.5170267224311829,0.7588648796081543
manual_ground_truth_w0060_c29_i000,m3_improved_prediction_w0060_c29_i020,60,29,C4,306.504,310.0,307.88,308.44,3.4960000000000004,0.5599999999999996,0.5600000000000023,3.495999999999981,0.1601830663615576,0.2761341222879696,1.3759999999999764,1.5600000000000023,0.09200000000004138,2.936000000000001,0.5624562501907349,0.8604084253311157
manual_ground_truth_w0060_c32_i000,m3_improved_prediction_w0060_c32_i012,60,32,T7,306.504,310.0,307.364,309.908,3.4960000000000004,2.5439999999999996,2.5440000000000396,3.495999999999981,0.72768878718537,0.842384105960278,0.8599999999999568,0.09199999999998454,0.3839999999999577,0.9520000000000008,0.9483872056007385,0.9928653240203857
manual_ground_truth_w0060_c33_i000,m3_improved_prediction_w0060_c33_i016,60,33,T8,306.504,310.0,307.36,309.172,3.4960000000000004,1.8120000000000003,1.8120000000000118,3.495999999999981,0.5183066361556126,0.682743029389605,0.8559999999999945,0.8279999999999745,0.014000000000010004,1.6840000000000002,0.9039241671562195,0.9837532043457031
manual_ground_truth_w0060_c47_i000,m3_improved_prediction_w0060_c47_i001,60,47,P7,306.504,310.0,306.892,306.948,3.4960000000000004,0.05600000000000005,0.055999999999983174,3.495999999999981,0.01601830663615088,0.03153153153152205,0.3879999999999768,3.052000000000021,1.3320000000000505,3.4400000000000004,0.49384182691574097,0.5817976593971252
manual_ground_truth_w0060_c48_i000,m3_improved_prediction_w0060_c48_i000,60,48,P8,306.504,310.0,306.9,306.92,3.4960000000000004,0.019999999999999574,0.020000000000038654,3.495999999999981,0.0057208237986380904,0.011376564277610156,0.39599999999995816,3.079999999999984,1.3420000000000414,3.476000000000001,0.37950384616851807,0.41311320662498474
manual_ground_truth_w0061_c01_i000,m3_improved_prediction_w0061_c01_i000,61,1,Fp1,306.504,314.944,305.496,315.0,8.440000000000001,9.504,8.439999999999998,9.504000000000019,0.888047138047136,0.9407044137316091,1.0080000000000382,0.055999999999983174,0.47600000000005593,1.0639999999999983,0.9579348564147949,0.9929829835891724
manual_ground_truth_w0061_c02_i000,m3_improved_prediction_w0061_c02_i000,61,2,Fp2,306.504,314.944,305.484,315.0,8.440000000000001,9.516,8.439999999999998,9.51600000000002,0.8869272803699012,0.9400757406994872,1.0200000000000387,0.055999999999983174,0.4820000000000846,1.0759999999999987,0.9596037864685059,0.9906228184700012
manual_ground_truth_w0061_c07_i000,m3_improved_prediction_w0061_c07_i000,61,7,Fz,306.504,314.944,305.528,314.956,8.440000000000001,9.427999999999999,8.439999999999998,9.427999999999997,0.8952057700466695,0.9447056189836576,0.9759999999999991,0.012000000000000455,0.48200000000002774,0.9879999999999978,0.8671995997428894,0.9733538627624512
manual_ground_truth_w0061_c10_i000,m3_improved_prediction_w0061_c10_i000,61,10,F3,306.504,314.944,305.524,315.0,8.440000000000001,9.475999999999999,8.439999999999998,9.475999999999999,0.8906711692697339,0.9421745925429781,0.9800000000000182,0.055999999999983174,0.46200000000004593,1.0359999999999978,0.9100754261016846,0.9821323156356812
manual_ground_truth_w0061_c11_i000,m3_improved_prediction_w0061_c11_i000,61,11,F4,306.504,314.944,305.524,315.0,8.440000000000001,9.475999999999999,8.439999999999998,9.475999999999999,0.8906711692697339,0.9421745925429781,0.9800000000000182,0.055999999999983174,0.46200000000004593,1.0359999999999978,0.9084622263908386,0.9769759774208069
manual_ground_truth_w0061_c14_i000,m3_improved_prediction_w0061_c14_i000,61,14,F7,306.504,314.944,305.504,314.98,8.440000000000001,9.476,8.439999999999998,9.475999999999999,0.8906711692697339,0.9421745925429779,1.0,0.036000000000001364,0.48200000000002774,1.0359999999999996,0.9589802622795105,0.9923837780952454
manual_ground_truth_w0061_c15_i000,m3_improved_prediction_w0061_c15_i001,61,15,F8,306.504,314.944,307.368,313.284,8.440000000000001,5.916,5.915999999999997,8.439999999999998,0.700947867298578,0.8241850097520195,0.8639999999999759,1.660000000000025,0.39800000000002456,2.524000000000001,0.9501914978027344,0.9923353791236877
manual_ground_truth_w0061_c25_i000,m3_improved_prediction_w0061_c25_i007,61,25,Cz,306.504,314.944,306.568,307.012,8.440000000000001,0.44399999999999995,0.4440000000000168,8.439999999999998,0.052606635071092055,0.09995497523638379,0.06399999999996453,7.932000000000016,3.9340000000000828,7.996000000000001,0.6702328324317932,0.9647585153579712
manual_ground_truth_w0061_c28_i000,m3_improved_prediction_w0061_c28_i007,61,28,C3,306.504,314.944,307.944,309.648,8.440000000000001,1.7039999999999997,1.7040000000000077,8.439999999999998,0.20189573459715737,0.33596214511041156,1.4399999999999977,5.295999999999992,1.9279999999999973,6.7360000000000015,0.6152645945549011,0.8091967701911926
manual_ground_truth_w0061_c29_i000,m3_improved_prediction_w0061_c29_i011,61,29,C4,306.504,314.944,310.232,311.004,8.440000000000001,0.7719999999999994,0.7719999999999914,8.439999999999998,0.09146919431279521,0.16760746851932076,3.7280000000000086,3.9399999999999977,0.10599999999999454,7.668000000000002,0.6845625638961792,0.8577706813812256
manual_ground_truth_w0061_c32_i000,m3_improved_prediction_w0061_c32_i001,61,32,T7,306.504,314.944,307.376,314.884,8.440000000000001,7.508000000000001,7.508000000000038,8.439999999999998,0.8895734597156446,0.9415600702282464,0.8719999999999573,0.060000000000002274,0.40599999999994907,0.9320000000000004,0.8914026618003845,0.9970032572746277
manual_ground_truth_w0061_c33_i000,m3_improved_prediction_w0061_c33_i002,61,33,T8,306.504,314.944,306.444,311.348,8.440000000000001,4.904,4.843999999999994,8.5,0.5698823529411757,0.7260191846522772,0.060000000000002274,3.5960000000000036,1.8280000000000314,3.5360000000000014,0.8716433644294739,0.9817657470703125
manual_ground_truth_w0061_c47_i000,m3_improved_prediction_w0061_c47_i002,61,47,P7,306.504,314.944,313.284,313.964,8.440000000000001,0.6799999999999997,0.6800000000000068,8.439999999999998,0.08056872037914775,0.14912280701754535,6.779999999999973,0.9800000000000182,2.8999999999999773,7.760000000000002,0.7227044701576233,0.956167995929718
manual_ground_truth_w0061_c48_i000,m3_improved_prediction_w0061_c48_i002,61,48,P8,306.504,314.944,313.584,314.08,8.440000000000001,0.49600000000000044,0.4959999999999809,8.439999999999998,0.058767772511846096,0.11101163831691603,7.079999999999984,0.8640000000000327,3.1079999999999472,7.944000000000001,0.6851161122322083,0.9305883049964905
manual_ground_truth_w0062_c01_i000,m3_improved_prediction_w0062_c01_i000,62,1,Fp1,310.0,314.944,310.0,315.656,4.944,5.656,4.944000000000017,5.656000000000006,0.8741159830268762,0.9328301886792485,0.0,0.7119999999999891,0.35599999999999454,0.7119999999999997,0.9502965807914734,0.987069845199585
manual_ground_truth_w0062_c02_i000,m3_improved_prediction_w0062_c02_i000,62,2,Fp2,310.0,314.944,310.0,315.668,4.944,5.668,4.944000000000017,5.668000000000006,0.8722653493295714,0.9317753486618954,0.0,0.7239999999999895,0.3620000000000232,0.7240000000000002,0.9487807750701904,0.9844977259635925
manual_ground_truth_w0062_c07_i000,m3_improved_prediction_w0062_c07_i000,62,7,Fz,310.0,314.944,310.024,315.608,4.944,5.584,4.920000000000016,5.608000000000004,0.8773181169757511,0.9346504559270548,0.02400000000000091,0.6639999999999873,0.34400000000005093,0.6399999999999997,0.8573035001754761,0.9775545597076416
manual_ground_truth_w0062_c10_i000,m3_improved_prediction_w0062_c10_i000,62,10,F3,310.0,314.944,310.02,315.616,4.944,5.596,4.924000000000035,5.6159999999999854,0.8767806267806353,0.93434535104365,0.01999999999998181,0.6719999999999686,0.34600000000000364,0.6520000000000001,0.8804713487625122,0.9752437472343445
manual_ground_truth_w0062_c11_i000,m3_improved_prediction_w0062_c11_i000,62,11,F4,310.0,314.944,310.024,315.608,4.944,5.584,4.920000000000016,5.608000000000004,0.8773181169757511,0.9346504559270548,0.02400000000000091,0.6639999999999873,0.34400000000005093,0.6399999999999997,0.8621004223823547,0.9614877104759216
manual_ground_truth_w0062_c14_i000,m3_improved_prediction_w0062_c14_i000,62,14,F7,310.0,314.944,310.012,315.672,4.944,5.66,4.932000000000016,5.6720000000000255,0.8695345557122698,0.9302150132025683,0.012000000000000455,0.7280000000000086,0.37000000000000455,0.7160000000000002,0.9571550488471985,0.9931935667991638
manual_ground_truth_w0062_c15_i000,m3_improved_prediction_w0062_c15_i000,62,15,F8,310.0,314.944,310.064,315.66,4.944,5.596,4.8799999999999955,5.660000000000025,0.8621908127208434,0.9259962049335856,0.06400000000002137,0.7160000000000082,0.3900000000000432,0.6520000000000001,0.9497577548027039,0.9931027889251709
manual_ground_truth_w0062_c25_i000,m3_improved_prediction_w0062_c25_i006,62,25,Cz,310.0,314.944,312.792,313.132,4.944,0.3400000000000003,0.34000000000003183,4.944000000000017,0.06877022653722303,0.12869038607117025,2.791999999999973,1.8120000000000118,0.4900000000000091,4.603999999999999,0.6462703943252563,0.8571801781654358
manual_ground_truth_w0062_c28_i000,m3_improved_prediction_w0062_c28_i000,62,28,C3,310.0,314.944,310.08,310.588,4.944,0.508,0.5080000000000382,4.944000000000017,0.10275080906149604,0.18635363169480493,0.07999999999998408,4.3559999999999945,2.137999999999977,4.436,0.5109950304031372,0.661513090133667
manual_ground_truth_w0062_c29_i000,m3_improved_prediction_w0062_c29_i006,62,29,C4,310.0,314.944,312.212,313.408,4.944,1.1959999999999997,1.1960000000000264,4.944000000000017,0.24190938511327312,0.389576547231279,2.211999999999989,1.5360000000000014,0.3380000000000223,3.748,0.6281757354736328,0.8394535183906555
manual_ground_truth_w0062_c32_i000,m3_improved_prediction_w0062_c32_i000,62,32,T7,310.0,314.944,310.008,315.696,4.944,5.688,4.9360000000000355,5.696000000000026,0.8665730337078674,0.9285176824680278,0.007999999999981355,0.7520000000000095,0.37999999999999545,0.7439999999999998,0.8891968727111816,0.9957484602928162
manual_ground_truth_w0062_c33_i000,m3_improved_prediction_w0062_c33_i000,62,33,T8,310.0,314.944,310.068,315.664,4.944,5.596,4.876000000000033,5.663999999999987,0.8608757062146971,0.9252371916508603,0.06799999999998363,0.7199999999999704,0.39400000000000546,0.6520000000000001,0.8884790539741516,0.9860374331474304
manual_ground_truth_w0062_c47_i000,m3_improved_prediction_w0062_c47_i001,62,47,P7,310.0,314.944,312.076,312.212,4.944,0.13600000000000012,0.13599999999996726,4.944000000000017,0.027508090614880014,0.05354330708660128,2.076000000000022,2.7320000000000277,0.32799999999997453,4.808,0.49605828523635864,0.6294321417808533
manual_ground_truth_w0062_c48_i000,m3_improved_prediction_w0062_c48_i000,62,48,P8,310.0,314.944,312.08,312.216,4.944,0.13600000000000012,0.1360000000000241,4.944000000000017,0.02750809061489151,0.05354330708662366,2.079999999999984,2.7280000000000086,0.32399999999995543,4.808,0.48854923248291016,0.6459723711013794
manual_ground_truth_w0068_c01_i000,m3_improved_prediction_w0068_c01_i031,68,1,Fp1,347.608,350.0,347.864,348.72,2.3920000000000003,0.8560000000000008,0.8560000000000514,2.391999999999996,0.35785953177259733,0.5270935960591447,0.2559999999999718,1.2799999999999727,0.5119999999999436,1.5359999999999996,0.8943582773208618,0.9488847255706787
manual_ground_truth_w0068_c02_i000,m3_improved_prediction_w0068_c02_i039,68,2,Fp2,347.608,350.0,347.856,348.728,2.3920000000000003,0.8719999999999999,0.8720000000000141,2.391999999999996,0.3645484949832841,0.5343137254902047,0.24799999999999045,1.2719999999999914,0.5119999999999436,1.5200000000000005,0.8737385869026184,0.9468768239021301
manual_ground_truth_w0068_c07_i000,m3_improved_prediction_w0068_c07_i018,68,7,Fz,347.608,350.0,348.876,349.316,2.3920000000000003,0.4400000000000013,0.4399999999999977,2.391999999999996,0.18394648829431376,0.31073446327683435,1.2679999999999723,0.6840000000000259,0.29200000000003,1.951999999999999,0.7389411330223083,0.9341617226600647
manual_ground_truth_w0068_c10_i000,m3_improved_prediction_w0068_c10_i013,68,10,F3,347.608,350.0,347.904,348.72,2.3920000000000003,0.8160000000000007,0.8160000000000309,2.391999999999996,0.3411371237458329,0.5087281795511414,0.29599999999999227,1.2799999999999727,0.4919999999999618,1.5759999999999996,0.8058707118034363,0.9490817189216614
manual_ground_truth_w0068_c11_i000,m3_improved_prediction_w0068_c11_i020,68,11,F4,347.608,350.0,348.864,349.316,2.3920000000000003,0.45199999999999996,0.4519999999999982,2.391999999999996,0.1889632107023407,0.3178621659634305,1.2559999999999718,0.6840000000000259,0.28600000000000136,1.9400000000000004,0.841733992099762,0.937693178653717
manual_ground_truth_w0068_c14_i000,m3_improved_prediction_w0068_c14_i039,68,14,F7,347.608,350.0,348.848,349.364,2.3920000000000003,0.516,0.5159999999999627,2.391999999999996,0.2157190635451353,0.3548830811554076,1.240000000000009,0.6360000000000241,0.3020000000000209,1.8760000000000003,0.8102611303329468,0.9417122602462769
manual_ground_truth_w0068_c15_i000,m3_improved_prediction_w0068_c15_i033,68,15,F8,347.608,350.0,348.856,349.352,2.3920000000000003,0.49600000000000044,0.4959999999999809,2.391999999999996,0.20735785953176494,0.34349030470912795,1.2479999999999905,0.6480000000000246,0.30000000000001137,1.896,0.7632275223731995,0.968482494354248
manual_ground_truth_w0068_c25_i000,m3_improved_prediction_w0068_c25_i003,68,25,Cz,347.608,350.0,347.904,348.244,2.3920000000000003,0.33999999999999986,0.34000000000003183,2.391999999999996,0.1421404682274383,0.24890190336751963,0.29599999999999227,1.7559999999999718,0.7299999999999613,2.0520000000000005,0.7944866418838501,0.9682695269584656
manual_ground_truth_w0068_c28_i000,m3_improved_prediction_w0068_c28_i003,68,28,C3,347.608,350.0,347.936,348.728,2.3920000000000003,0.7919999999999998,0.79200000000003,2.391999999999996,0.331103678929779,0.49748743718594846,0.32799999999997453,1.2719999999999914,0.47199999999998,1.6000000000000005,0.9465465545654297,0.9928832054138184
manual_ground_truth_w0068_c29_i000,m3_improved_prediction_w0068_c29_i005,68,29,C4,347.608,350.0,347.936,348.7,2.3920000000000003,0.7639999999999993,0.76400000000001,2.391999999999996,0.3193979933110415,0.484157160963251,0.32799999999997453,1.3000000000000114,0.48599999999999,1.628000000000001,0.9246030449867249,0.9894745349884033
manual_ground_truth_w0068_c32_i000,m3_improved_prediction_w0068_c32_i010,68,32,T7,347.608,350.0,347.948,348.744,2.3920000000000003,0.7959999999999994,0.7960000000000491,2.391999999999996,0.33277591973246257,0.4993726474278853,0.339999999999975,1.2559999999999718,0.45799999999997,1.596000000000001,0.892448365688324,0.9729108810424805
manual_ground_truth_w0068_c33_i000,m3_improved_prediction_w0068_c33_i015,68,33,T8,347.608,350.0,347.968,348.644,2.3920000000000003,0.6760000000000002,0.6759999999999877,2.391999999999996,0.2826086956521693,0.44067796610168686,0.36000000000001364,1.3559999999999945,0.4979999999999336,1.7160000000000002,0.850783109664917,0.9473276138305664
manual_ground_truth_w0069_c01_i000,m3_improved_prediction_w0069_c01_i007,69,1,Fp1,347.608,355.0,350.404,352.692,7.3919999999999995,2.2880000000000003,2.288000000000011,7.391999999999996,0.30952380952381114,0.472727272727275,2.7959999999999923,2.3079999999999927,0.2440000000000282,5.103999999999999,0.7961446046829224,0.9676134586334229
manual_ground_truth_w0069_c02_i000,m3_improved_prediction_w0069_c02_i007,69,2,Fp2,347.608,355.0,350.396,352.704,7.3919999999999995,2.308,2.3079999999999927,7.391999999999996,0.3122294372294364,0.47587628865979237,2.788000000000011,2.2959999999999923,0.24600000000003774,5.084,0.8015467524528503,0.9789061546325684
manual_ground_truth_w0069_c07_i000,m3_improved_prediction_w0069_c07_i012,69,7,Fz,347.608,355.0,349.748,352.444,7.3919999999999995,2.6959999999999997,2.6960000000000264,7.391999999999996,0.3647186147186185,0.5344964314036532,2.1399999999999864,2.555999999999983,0.20799999999997,4.696,0.8471820950508118,0.9767484664916992
manual_ground_truth_w0069_c10_i000,m3_improved_prediction_w0069_c10_i010,69,10,F3,347.608,355.0,349.752,354.556,7.3919999999999995,4.803999999999999,4.803999999999974,7.391999999999996,0.6498917748917716,0.7877992784519473,2.1440000000000055,0.4440000000000168,0.8500000000000227,2.588,0.8592953085899353,0.9847424030303955
manual_ground_truth_w0069_c11_i000,m3_improved_prediction_w0069_c11_i008,69,11,F4,347.608,355.0,349.748,354.58,7.3919999999999995,4.832,4.831999999999994,7.391999999999996,0.6536796536796532,0.7905759162303654,2.1399999999999864,0.4200000000000159,0.8600000000000136,2.5599999999999996,0.8739486336708069,0.9845481514930725
manual_ground_truth_w0069_c14_i000,m3_improved_prediction_w0069_c14_i004,69,14,F7,347.608,355.0,346.908,354.58,7.3919999999999995,7.672000000000001,6.97199999999998,8.091999999999985,0.8615916955017293,0.9256505576208152,0.6999999999999886,0.4200000000000159,0.5599999999999454,0.28000000000000114,0.90831059217453,0.9898666143417358
manual_ground_truth_w0069_c15_i000,m3_improved_prediction_w0069_c15_i023,69,15,F8,347.608,355.0,347.544,351.528,7.3919999999999995,3.9839999999999995,3.920000000000016,7.456000000000017,0.5257510729613744,0.6891701828410718,0.06400000000002137,3.47199999999998,1.7679999999999723,3.408,0.9013306498527527,0.9874908328056335
manual_ground_truth_w0069_c25_i000,m3_improved_prediction_w0069_c25_i000,69,25,Cz,347.608,355.0,347.928,348.476,7.3919999999999995,0.548,0.5480000000000018,7.391999999999996,0.07413419913419943,0.13803526448362768,0.3199999999999932,6.524000000000001,3.1019999999999754,6.843999999999999,0.7912204265594482,0.9934347867965698
manual_ground_truth_w0069_c28_i000,m3_improved_prediction_w0069_c28_i000,69,28,C3,347.608,355.0,347.956,348.696,7.3919999999999995,0.7400000000000002,0.7400000000000091,7.391999999999996,0.1001082251082264,0.18199704869650987,0.3480000000000132,6.303999999999974,2.977999999999952,6.651999999999999,0.9060847163200378,0.982032060623169
manual_ground_truth_w0069_c29_i000,m3_improved_prediction_w0069_c29_i000,69,29,C4,347.608,355.0,347.968,348.664,7.3919999999999995,0.6960000000000002,0.6959999999999695,7.391999999999996,0.09415584415584008,0.1721068249258085,0.36000000000001364,6.336000000000013,2.9879999999999427,6.696,0.8254813551902771,0.9682663083076477
manual_ground_truth_w0069_c32_i000,m3_improved_prediction_w0069_c32_i001,69,32,T7,347.608,355.0,347.976,348.696,7.3919999999999995,0.7200000000000002,0.7200000000000273,7.391999999999996,0.09740259740260115,0.17751479289941502,0.367999999999995,6.303999999999974,2.967999999999961,6.671999999999999,0.9196707606315613,0.9766550064086914
manual_ground_truth_w0069_c33_i000,m3_improved_prediction_w0069_c33_i000,69,33,T8,347.608,355.0,347.988,348.64,7.3919999999999995,0.6520000000000001,0.6519999999999868,7.391999999999996,0.08820346320346147,0.16210840377921104,0.37999999999999545,6.360000000000014,2.990000000000009,6.739999999999999,0.9064286947250366,0.9781848192214966
manual_ground_truth_w0070_c01_i000,m3_improved_prediction_w0070_c01_i015,70,1,Fp1,350.0,360.0,357.62,359.856,10.0,2.2359999999999998,2.23599999999999,10.0,0.223599999999999,0.3654789146779977,7.6200000000000045,0.14400000000000546,3.7379999999999995,7.764,0.7728106379508972,0.9510525465011597
manual_ground_truth_w0070_c02_i000,m3_improved_prediction_w0070_c02_i017,70,2,Fp2,350.0,360.0,357.616,359.86,10.0,2.2439999999999998,2.244000000000028,10.0,0.22440000000000282,0.3665468801045456,7.6159999999999854,0.13999999999998636,3.7379999999999995,7.756,0.7793373465538025,0.9639049172401428
manual_ground_truth_w0070_c07_i000,m3_improved_prediction_w0070_c07_i012,70,7,Fz,350.0,360.0,354.9,355.568,10.0,0.6679999999999993,0.6680000000000064,10.0,0.06680000000000064,0.12523434570678785,4.899999999999977,4.432000000000016,0.23399999999998045,9.332,0.7256869077682495,0.9402099847793579
manual_ground_truth_w0070_c10_i000,m3_improved_prediction_w0070_c10_i027,70,10,F3,350.0,360.0,358.704,359.348,10.0,0.6440000000000001,0.6440000000000055,10.0,0.06440000000000054,0.12100714017286837,8.704000000000008,0.6519999999999868,4.0260000000000105,9.356,0.7958722710609436,0.9508286714553833
manual_ground_truth_w0070_c11_i000,m3_improved_prediction_w0070_c11_i026,70,11,F4,350.0,360.0,358.692,359.34,10.0,0.6479999999999997,0.6479999999999677,10.0,0.06479999999999678,0.12171299774604953,8.692000000000007,0.660000000000025,4.015999999999963,9.352,0.7952197790145874,0.9509170651435852
manual_ground_truth_w0070_c14_i000,m3_improved_prediction_w0070_c14_i009,70,14,F7,350.0,360.0,354.892,355.456,10.0,0.5640000000000001,0.5640000000000214,10.0,0.056400000000002136,0.10677773570617595,4.891999999999996,4.543999999999983,0.17399999999997817,9.436,0.8515483736991882,0.9373020529747009
manual_ground_truth_w0070_c15_i000,m3_improved_prediction_w0070_c15_i019,70,15,F8,350.0,360.0,357.656,358.368,10.0,0.7120000000000006,0.7119999999999891,10.0,0.0711999999999989,0.1329350261389076,7.656000000000006,1.632000000000005,3.0120000000000005,9.288,0.8303793668746948,0.9758847951889038
manual_ground_truth_w0070_c25_i000,m3_improved_prediction_w0070_c25_i026,70,25,Cz,350.0,360.0,356.872,357.308,10.0,0.43599999999999994,0.4359999999999786,10.0,0.04359999999999786,0.08355691835952063,6.872000000000014,2.6920000000000073,2.090000000000032,9.564,0.8247912526130676,0.9623762965202332
manual_ground_truth_w0070_c28_i000,m3_improved_prediction_w0070_c28_i005,70,28,C3,350.0,360.0,352.828,353.364,10.0,0.536,0.5360000000000014,10.0,0.053600000000000134,0.10174639331814757,2.8279999999999745,6.636000000000024,1.9039999999999964,9.464,0.800079345703125,0.9744368195533752
manual_ground_truth_w0070_c29_i000,m3_improved_prediction_w0070_c29_i003,70,29,C4,350.0,360.0,352.84,353.344,10.0,0.504,0.5040000000000191,10.0,0.05040000000000191,0.0959634424980996,2.839999999999975,6.656000000000006,1.9080000000000155,9.496,0.8239219188690186,0.9695013165473938
manual_ground_truth_w0070_c32_i000,m3_improved_prediction_w0070_c32_i014,70,32,T7,350.0,360.0,357.656,358.412,10.0,0.7560000000000011,0.7559999999999718,10.0,0.07559999999999718,0.14057270360728372,7.656000000000006,1.5880000000000223,3.033999999999992,9.244,0.7598505020141602,0.9524757266044617
manual_ground_truth_w0070_c33_i000,m3_improved_prediction_w0070_c33_i005,70,33,T8,350.0,360.0,352.868,353.32,10.0,0.45199999999999996,0.4519999999999982,10.0,0.04519999999999982,0.0864906238040563,2.867999999999995,6.680000000000007,1.906000000000006,9.548,0.7092422246932983,0.899728536605835
manual_ground_truth_w0071_c01_i000,m3_improved_prediction_w0071_c01_i017,71,1,Fp1,355.0,365.0,362.732,365.0,10.0,2.268,2.2679999999999723,10.0,0.22679999999999723,0.3697424193022452,7.732000000000028,0.0,3.8659999999999854,7.732,0.812079668045044,0.9614930748939514
manual_ground_truth_w0071_c02_i000,m3_improved_prediction_w0071_c02_i018,71,2,Fp2,355.0,365.0,362.74,364.996,10.0,2.2560000000000002,2.255999999999972,10.0,0.2255999999999972,0.3681462140992121,7.740000000000009,0.004000000000019099,3.867999999999995,7.744,0.7933745980262756,0.954591691493988
manual_ground_truth_w0071_c07_i000,m3_improved_prediction_w0071_c07_i018,71,7,Fz,355.0,365.0,360.864,361.568,10.0,0.7039999999999997,0.7040000000000077,10.0,0.07040000000000077,0.1315396113602406,5.863999999999976,3.4320000000000164,1.2160000000000082,9.296,0.825569212436676,0.9591504335403442
manual_ground_truth_w0071_c10_i000,m3_improved_prediction_w0071_c10_i010,71,10,F3,355.0,365.0,359.584,362.276,10.0,2.692,2.6920000000000073,10.0,0.2692000000000007,0.42420422313268313,4.584000000000003,2.7239999999999895,0.9300000000000068,7.308,0.7846527099609375,0.963434636592865
manual_ground_truth_w0071_c11_i000,m3_improved_prediction_w0071_c11_i009,71,11,F4,355.0,365.0,359.568,362.32,10.0,2.7520000000000007,2.7520000000000095,10.0,0.27520000000000094,0.431618569636137,4.567999999999984,2.680000000000007,0.94399999999996,7.247999999999999,0.8161786794662476,0.9721974730491638
manual_ground_truth_w0071_c14_i000,m3_improved_prediction_w0071_c14_i014,71,14,F7,355.0,365.0,358.712,362.424,10.0,3.712,3.711999999999989,10.0,0.3711999999999989,0.5414235705950976,3.711999999999989,2.576000000000022,0.5679999999999836,6.288,0.8420854806900024,0.9721184968948364
manual_ground_truth_w0071_c15_i000,m3_improved_prediction_w0071_c15_i020,71,15,F8,355.0,365.0,359.508,360.42,10.0,0.9119999999999999,0.9120000000000346,10.0,0.09120000000000346,0.1671554252199477,4.507999999999981,4.579999999999984,0.036000000000001364,9.088000000000001,0.7252182364463806,0.9451749324798584
manual_ground_truth_w0071_c25_i000,m3_improved_prediction_w0071_c25_i019,71,25,Cz,355.0,365.0,363.008,363.304,10.0,0.29600000000000115,0.29599999999999227,10.0,0.029599999999999228,0.05749805749805599,8.007999999999981,1.6960000000000264,3.155999999999949,9.703999999999999,0.8287886381149292,0.9654974937438965
manual_ground_truth_w0071_c28_i000,m3_improved_prediction_w0071_c28_i009,71,28,C3,355.0,365.0,361.86,362.344,10.0,0.484,0.48399999999998045,10.0,0.04839999999999804,0.09233117130865709,6.860000000000014,2.656000000000006,2.1019999999999754,9.516,0.8344470858573914,0.9825984239578247
manual_ground_truth_w0071_c29_i000,m3_improved_prediction_w0071_c29_i014,71,29,C4,355.0,365.0,363.032,363.488,10.0,0.4559999999999995,0.4560000000000173,10.0,0.04560000000000173,0.08722264728385946,8.031999999999982,1.5120000000000005,3.259999999999991,9.544,0.8161734342575073,0.9830581545829773
manual_ground_truth_w0071_c32_i000,m3_improved_prediction_w0071_c32_i007,71,32,T7,355.0,365.0,357.676,358.428,10.0,0.7519999999999998,0.7520000000000095,10.0,0.07520000000000096,0.13988095238095416,2.6759999999999877,6.572000000000003,1.947999999999979,9.248000000000001,0.7501611709594727,0.9436971545219421
manual_ground_truth_w0071_c33_i000,m3_improved_prediction_w0071_c33_i005,71,33,T8,355.0,365.0,357.672,358.324,10.0,0.6519999999999997,0.6519999999999868,10.0,0.06519999999999868,0.1224183251971436,2.6720000000000255,6.675999999999988,2.0019999999999527,9.348,0.6909903287887573,0.9593023657798767
manual_ground_truth_w0072_c01_i000,m3_improved_prediction_w0072_c01_i004,72,1,Fp1,360.0,370.0,363.764,368.54,10.0,4.776,4.7760000000000105,10.0,0.477600000000001,0.6464537087168395,3.76400000000001,1.4599999999999795,1.1520000000000437,5.224,0.8712158203125,0.9677285552024841
manual_ground_truth_w0072_c02_i000,m3_improved_prediction_w0072_c02_i005,72,2,Fp2,360.0,370.0,363.76,368.548,10.0,4.788,4.788000000000011,10.0,0.4788000000000011,0.6475520692453355,3.759999999999991,1.4519999999999982,1.1539999999999964,5.212,0.8743695616722107,0.9776015281677246
manual_ground_truth_w0072_c07_i000,m3_improved_prediction_w0072_c07_i004,72,7,Fz,360.0,370.0,363.792,368.548,10.0,4.756,4.756000000000029,10.0,0.47560000000000285,0.6446191379777756,3.791999999999973,1.4519999999999982,1.169999999999959,5.244,0.867389976978302,0.9781405925750732
manual_ground_truth_w0072_c10_i000,m3_improved_prediction_w0072_c10_i006,72,10,F3,360.0,370.0,365.568,368.64,10.0,3.072000000000001,3.0720000000000027,10.0,0.30720000000000025,0.4700122399020812,5.567999999999984,1.3600000000000136,2.103999999999985,6.927999999999999,0.8839728832244873,0.9897298812866211
manual_ground_truth_w0072_c11_i000,m3_improved_prediction_w0072_c11_i006,72,11,F4,360.0,370.0,365.548,368.648,10.0,3.0999999999999996,3.1000000000000227,10.0,0.3100000000000023,0.4732824427480951,5.548000000000002,1.3519999999999754,2.098000000000013,6.9,0.8975704312324524,0.9795051217079163
manual_ground_truth_w0072_c14_i000,m3_improved_prediction_w0072_c14_i007,72,14,F7,360.0,370.0,365.588,369.964,10.0,4.376,4.375999999999976,10.0,0.43759999999999766,0.6087924318308258,5.588000000000022,0.036000000000001364,2.7760000000000105,5.624,0.9046220183372498,0.9929146766662598
manual_ground_truth_w0072_c15_i000,m3_improved_prediction_w0072_c15_i003,72,15,F8,360.0,370.0,361.832,363.264,10.0,1.4319999999999997,1.4320000000000164,10.0,0.14320000000000163,0.25052484254723867,1.8319999999999936,6.73599999999999,2.451999999999998,8.568,0.8786256313323975,0.9824140667915344
manual_ground_truth_w0072_c25_i000,m3_improved_prediction_w0072_c25_i007,72,25,Cz,360.0,370.0,361.86,362.324,10.0,0.46399999999999975,0.46399999999999864,10.0,0.046399999999999865,0.08868501529051961,1.8600000000000136,7.675999999999988,2.9080000000000155,9.536,0.8344714641571045,0.9768332242965698
manual_ground_truth_w0072_c28_i000,m3_improved_prediction_w0072_c28_i007,72,28,C3,360.0,370.0,365.968,366.416,10.0,0.4480000000000004,0.4479999999999791,10.0,0.04479999999999791,0.08575803981622876,5.968000000000018,3.584000000000003,1.1920000000000073,9.552,0.9177278876304626,0.9902350902557373
manual_ground_truth_w0072_c29_i000,m3_improved_prediction_w0072_c29_i005,72,29,C4,360.0,370.0,363.04,363.476,10.0,0.43599999999999994,0.4359999999999786,10.0,0.04359999999999786,0.08355691835952063,3.0400000000000205,6.524000000000001,1.7419999999999618,9.564,0.7922206521034241,0.9045674204826355
manual_ground_truth_w0072_c32_i000,m3_improved_prediction_w0072_c32_i002,72,32,T7,360.0,370.0,361.916,362.316,10.0,0.3999999999999999,0.39999999999997726,10.0,0.039999999999997725,0.07692307692307254,1.9159999999999968,7.684000000000026,2.8840000000000146,9.6,0.8585473895072937,0.9691883325576782
manual_ground_truth_w0072_c33_i000,m3_improved_prediction_w0072_c33_i001,72,33,T8,360.0,370.0,361.936,362.332,10.0,0.3959999999999999,0.396000000000015,10.0,0.0396000000000015,0.07618314736437379,1.9359999999999786,7.668000000000006,2.8659999999999854,9.604,0.8517542481422424,0.9736208319664001
manual_ground_truth_w0073_c01_i000,m3_improved_prediction_w0073_c01_i005,73,1,Fp1,365.0,375.0,366.712,371.76,10.0,5.048,5.048000000000002,10.0,0.5048000000000001,0.6709197235513027,1.711999999999989,3.240000000000009,0.76400000000001,4.952,0.8585618138313293,0.9689606428146362
manual_ground_truth_w0073_c02_i000,m3_improved_prediction_w0073_c02_i004,73,2,Fp2,365.0,375.0,366.64,371.728,10.0,5.088,5.088000000000022,10.0,0.5088000000000023,0.6744432661717951,1.6399999999999864,3.2719999999999914,0.8160000000000309,4.912,0.8644163608551025,0.9806342124938965
manual_ground_truth_w0073_c07_i000,m3_improved_prediction_w0073_c07_i007,73,7,Fz,365.0,375.0,368.812,371.464,10.0,2.6520000000000006,2.651999999999987,10.0,0.26519999999999866,0.41922225735061436,3.812000000000012,3.5360000000000014,0.13800000000003365,7.347999999999999,0.8518788814544678,0.9766976237297058
manual_ground_truth_w0073_c10_i000,m3_improved_prediction_w0073_c10_i005,73,10,F3,365.0,375.0,368.812,371.464,10.0,2.6520000000000006,2.651999999999987,10.0,0.26519999999999866,0.41922225735061436,3.812000000000012,3.5360000000000014,0.13800000000003365,7.347999999999999,0.8369402885437012,0.9823102355003357
manual_ground_truth_w0073_c11_i000,m3_improved_prediction_w0073_c11_i006,73,11,F4,365.0,375.0,368.824,371.484,10.0,2.66,2.659999999999968,10.0,0.2659999999999968,0.4202211690363299,3.8240000000000123,3.5160000000000196,0.15399999999999636,7.34,0.8472514748573303,0.9772462844848633
manual_ground_truth_w0073_c14_i000,m3_improved_prediction_w0073_c14_i008,73,14,F7,365.0,375.0,367.972,369.46,10.0,1.488,1.4879999999999995,10.0,0.14879999999999996,0.25905292479108627,2.97199999999998,5.5400000000000205,1.2839999999999918,8.512,0.804912269115448,0.9621040225028992
manual_ground_truth_w0073_c15_i000,m3_improved_prediction_w0073_c15_i027,73,15,F8,365.0,375.0,373.772,374.948,10.0,1.1760000000000002,1.1759999999999877,10.0,0.11759999999999877,0.21045096635647598,8.771999999999991,0.05200000000002092,4.360000000000014,8.824,0.8028515577316284,0.9687180519104004
manual_ground_truth_w0073_c25_i000,m3_improved_prediction_w0073_c25_i010,73,25,Cz,365.0,375.0,370.828,371.24,10.0,0.4119999999999999,0.41200000000003456,10.0,0.041200000000003456,0.07913945447561171,5.8279999999999745,3.759999999999991,1.0339999999999918,9.588000000000001,0.8155112266540527,0.9818713665008545
manual_ground_truth_w0073_c28_i000,m3_improved_prediction_w0073_c28_i001,73,28,C3,365.0,375.0,365.964,366.392,10.0,0.42799999999999994,0.42799999999999727,10.0,0.04279999999999973,0.08208668968162586,0.9639999999999986,8.608000000000004,3.8220000000000027,9.572,0.9138673543930054,0.9881097078323364
manual_ground_truth_w0073_c29_i000,m3_improved_prediction_w0073_c29_i015,73,29,C4,365.0,375.0,371.936,372.292,10.0,0.35599999999999987,0.35599999999999454,10.0,0.03559999999999945,0.06875241405948138,6.935999999999979,2.708000000000027,2.113999999999976,9.644,0.6931954622268677,0.8572729825973511
manual_ground_truth_w0073_c32_i000,m3_improved_prediction_w0073_c32_i013,73,32,T7,365.0,375.0,371.924,372.392,10.0,0.46799999999999997,0.46800000000001774,10.0,0.04680000000000177,0.08941536110050013,6.923999999999978,2.608000000000004,2.1580000000000155,9.532,0.8234689831733704,0.9544347524642944
manual_ground_truth_w0073_c33_i000,m3_improved_prediction_w0073_c33_i014,73,33,T8,365.0,375.0,373.132,373.692,10.0,0.5600000000000005,0.5600000000000023,10.0,0.05600000000000023,0.10606060606060648,8.132000000000005,1.3079999999999927,3.4120000000000346,9.44,0.6485382914543152,0.8682608008384705
manual_ground_truth_w0074_c01_i000,m3_improved_prediction_w0074_c01_i002,74,1,Fp1,370.0,380.0,371.52,372.68,10.0,1.1600000000000001,1.160000000000025,10.0,0.1160000000000025,0.2078853046595027,1.5199999999999818,7.319999999999993,2.8999999999999773,8.84,0.7474536895751953,0.965348482131958
manual_ground_truth_w0074_c02_i000,m3_improved_prediction_w0074_c02_i008,74,2,Fp2,370.0,380.0,375.928,377.716,10.0,1.7880000000000003,1.788000000000011,10.0,0.1788000000000011,0.3033593484899917,5.927999999999997,2.283999999999992,1.8220000000000027,8.212,0.832233726978302,0.9750460982322693
manual_ground_truth_w0074_c07_i000,m3_improved_prediction_w0074_c07_i016,74,7,Fz,370.0,380.0,376.936,377.612,10.0,0.6760000000000002,0.6760000000000446,10.0,0.06760000000000446,0.12663919070813873,6.935999999999979,2.387999999999977,2.274000000000001,9.324,0.8573299646377563,0.9686592221260071
manual_ground_truth_w0074_c10_i000,m3_improved_prediction_w0074_c10_i002,74,10,F3,370.0,380.0,371.524,372.408,10.0,0.8839999999999999,0.8840000000000146,10.0,0.08840000000000145,0.16244027930908023,1.524000000000001,7.5919999999999845,3.033999999999992,9.116,0.7884012460708618,0.9799184799194336
manual_ground_truth_w0074_c11_i000,m3_improved_prediction_w0074_c11_i002,74,11,F4,370.0,380.0,371.508,372.408,10.0,0.8999999999999999,0.9000000000000341,10.0,0.09000000000000341,0.16513761467890534,1.5079999999999814,7.5919999999999845,3.04200000000003,9.1,0.8050405383110046,0.9708104133605957
manual_ground_truth_w0074_c14_i000,m3_improved_prediction_w0074_c14_i020,74,14,F7,370.0,380.0,375.876,376.672,10.0,0.7959999999999994,0.7960000000000491,10.0,0.07960000000000492,0.14746202297148003,5.875999999999976,3.3279999999999745,1.274000000000001,9.204,0.8363347053527832,0.9670702219009399
manual_ground_truth_w0074_c15_i000,m3_improved_prediction_w0074_c15_i021,74,15,F8,370.0,380.0,378.896,379.672,10.0,0.7759999999999998,0.7760000000000105,10.0,0.07760000000000104,0.1440237564959188,8.896000000000015,0.32799999999997453,4.283999999999992,9.224,0.8269122242927551,0.9590569138526917
manual_ground_truth_w0074_c25_i000,m3_improved_prediction_w0074_c25_i012,74,25,Cz,370.0,380.0,377.1,377.5,10.0,0.40000000000000036,0.39999999999997726,10.0,0.039999999999997725,0.07692307692307254,7.100000000000023,2.5,2.3000000000000114,9.6,0.7389078736305237,0.9862338304519653
manual_ground_truth_w0074_c28_i000,m3_improved_prediction_w0074_c28_i014,74,28,C3,370.0,380.0,378.964,379.372,10.0,0.4079999999999995,0.40800000000001546,10.0,0.04080000000000154,0.07840122982321589,8.963999999999999,0.6279999999999859,4.168000000000006,9.592,0.6377778649330139,0.8242667317390442
manual_ground_truth_w0074_c29_i000,m3_improved_prediction_w0074_c29_i009,74,29,C4,370.0,380.0,379.02,379.388,10.0,0.3680000000000003,0.367999999999995,10.0,0.0367999999999995,0.07098765432098669,9.019999999999982,0.6120000000000232,4.203999999999951,9.632,0.6780714392662048,0.8771635293960571
manual_ground_truth_w0074_c32_i000,m3_improved_prediction_w0074_c32_i002,74,32,T7,370.0,380.0,370.772,371.328,10.0,0.556,0.5559999999999832,10.0,0.05559999999999832,0.10534293292913663,0.7719999999999914,8.672000000000025,3.9500000000000455,9.443999999999999,0.7565921545028687,0.9453186988830566
manual_ground_truth_w0074_c33_i000,m3_improved_prediction_w0074_c33_i021,74,33,T8,370.0,380.0,378.82,379.48,10.0,0.6600000000000001,0.660000000000025,10.0,0.0660000000000025,0.12382739212007973,8.819999999999993,0.5199999999999818,4.149999999999977,9.34,0.701093852519989,0.9488691687583923
manual_ground_truth_w0075_c01_i000,m3_improved_prediction_w0075_c01_i004,75,1,Fp1,375.0,385.0,376.856,378.792,10.0,1.9359999999999997,1.9359999999999786,10.0,0.19359999999999786,0.3243967828418195,1.8559999999999945,6.208000000000027,2.1760000000000446,8.064,0.8558862805366516,0.963330090045929
manual_ground_truth_w0075_c02_i000,m3_improved_prediction_w0075_c02_i003,75,2,Fp2,375.0,385.0,376.796,378.812,10.0,2.016,2.0160000000000196,10.0,0.20160000000000194,0.33555259653795266,1.7959999999999923,6.187999999999988,2.1960000000000264,7.984,0.8491656184196472,0.9724873900413513
manual_ground_truth_w0075_c07_i000,m3_improved_prediction_w0075_c07_i006,75,7,Fz,375.0,385.0,378.864,380.652,10.0,1.7880000000000003,1.788000000000011,10.0,0.1788000000000011,0.3033593484899917,3.863999999999976,4.348000000000013,0.24200000000001864,8.212,0.8180325031280518,0.9702127575874329
manual_ground_truth_w0075_c10_i000,m3_improved_prediction_w0075_c10_i005,75,10,F3,375.0,385.0,376.828,378.808,10.0,1.9799999999999998,1.9800000000000182,10.0,0.1980000000000018,0.330550918196998,1.8279999999999745,6.192000000000007,2.1820000000000164,8.02,0.8260059356689453,0.964361310005188
manual_ground_truth_w0075_c11_i000,m3_improved_prediction_w0075_c11_i006,75,11,F4,375.0,385.0,376.824,380.656,10.0,3.832,3.8319999999999936,10.0,0.3831999999999994,0.5540775014459215,1.8240000000000123,4.343999999999994,1.259999999999991,6.168,0.8510189056396484,0.981255829334259
manual_ground_truth_w0075_c14_i000,m3_improved_prediction_w0075_c14_i007,75,14,F7,375.0,385.0,377.776,379.808,10.0,2.032,2.0319999999999823,10.0,0.20319999999999822,0.33776595744680554,2.7760000000000105,5.192000000000007,1.20799999999997,7.968,0.8400365710258484,0.9798696041107178
manual_ground_truth_w0075_c15_i000,m3_improved_prediction_w0075_c15_i007,75,15,F8,375.0,385.0,377.78,378.736,10.0,0.9560000000000004,0.9560000000000173,10.0,0.09560000000000173,0.1745162468054066,2.7799999999999727,6.26400000000001,1.7420000000000186,9.044,0.7504046559333801,0.9457794427871704
manual_ground_truth_w0075_c25_i000,m3_improved_prediction_w0075_c25_i014,75,25,Cz,375.0,385.0,383.032,383.184,10.0,0.15199999999999925,0.15200000000004366,10.0,0.015200000000004366,0.029944838455485356,8.031999999999982,1.815999999999974,3.108000000000004,9.848,0.5023150444030762,0.617470920085907
manual_ground_truth_w0075_c28_i000,m3_improved_prediction_w0075_c28_i010,75,28,C3,375.0,385.0,378.952,379.356,10.0,0.4039999999999999,0.40399999999999636,10.0,0.04039999999999964,0.07766243752402852,3.951999999999998,5.6440000000000055,0.8460000000000036,9.596,0.5784440636634827,0.7724982500076294
manual_ground_truth_w0075_c29_i000,m3_improved_prediction_w0075_c29_i010,75,29,C4,375.0,385.0,379.232,379.464,10.0,0.2320000000000002,0.2319999999999709,10.0,0.02319999999999709,0.04534792806879807,4.232000000000028,5.536000000000001,0.6519999999999868,9.768,0.49004924297332764,0.6567298769950867
manual_ground_truth_w0075_c32_i000,m3_improved_prediction_w0075_c32_i012,75,32,T7,375.0,385.0,378.94,379.492,10.0,0.552,0.5520000000000209,10.0,0.055200000000002095,0.10462471569371132,3.9399999999999977,5.507999999999981,0.7839999999999918,9.448,0.7944492697715759,0.9466038942337036
manual_ground_truth_w0075_c33_i000,m3_improved_prediction_w0075_c33_i017,75,33,T8,375.0,385.0,378.964,379.476,10.0,0.512,0.5120000000000005,10.0,0.051200000000000044,0.09741248097412489,3.9639999999999986,5.524000000000001,0.7799999999999727,9.488,0.8091039657592773,0.9556541442871094
manual_ground_truth_w0076_c01_i000,m3_improved_prediction_w0076_c01_i004,76,1,Fp1,380.0,390.0,382.06,383.468,10.0,1.408,1.4080000000000155,10.0,0.14080000000000154,0.2468443197755988,2.0600000000000023,6.531999999999982,2.23599999999999,8.592,0.8197650909423828,0.9609403014183044
manual_ground_truth_w0076_c02_i000,m3_improved_prediction_w0076_c02_i006,76,2,Fp2,380.0,390.0,382.056,383.476,10.0,1.42,1.420000000000016,10.0,0.1420000000000016,0.24868651488616741,2.055999999999983,6.524000000000001,2.2340000000000373,8.58,0.843152642250061,0.9567574262619019
manual_ground_truth_w0076_c07_i000,m3_improved_prediction_w0076_c07_i018,76,7,Fz,380.0,390.0,384.904,385.624,10.0,0.7199999999999998,0.7200000000000273,10.0,0.07200000000000273,0.13432835820896033,4.903999999999996,4.375999999999976,0.26400000000001,9.280000000000001,0.7832545638084412,0.9521660804748535
manual_ground_truth_w0076_c10_i000,m3_improved_prediction_w0076_c10_i014,76,10,F3,380.0,390.0,386.9,387.816,10.0,0.9159999999999995,0.9159999999999968,10.0,0.09159999999999968,0.1678270428728466,6.899999999999977,2.184000000000026,2.3579999999999472,9.084,0.7323696613311768,0.9666308164596558
manual_ground_truth_w0076_c11_i000,m3_improved_prediction_w0076_c11_i016,76,11,F4,380.0,390.0,386.896,387.808,10.0,0.9119999999999999,0.9119999999999777,10.0,0.09119999999999777,0.1671554252199373,6.896000000000015,2.1920000000000073,2.3519999999999754,9.088000000000001,0.7509133815765381,0.962838351726532
manual_ground_truth_w0076_c14_i000,m3_improved_prediction_w0076_c14_i006,76,14,F7,380.0,390.0,384.716,385.692,10.0,0.976,0.9759999999999991,10.0,0.09759999999999991,0.17784256559766748,4.716000000000008,4.307999999999993,0.20400000000000773,9.024000000000001,0.8816768527030945,0.9741549491882324
manual_ground_truth_w0076_c15_i000,m3_improved_prediction_w0076_c15_i008,76,15,F8,380.0,390.0,384.752,385.7,10.0,0.9480000000000004,0.9479999999999791,10.0,0.09479999999999791,0.17318231640481896,4.7520000000000095,4.300000000000011,0.2259999999999991,9.052,0.8278152942657471,0.9718970656394958
manual_ground_truth_w0076_c25_i000,m3_improved_prediction_w0076_c25_i006,76,25,Cz,380.0,390.0,382.996,383.276,10.0,0.2799999999999998,0.28000000000002956,10.0,0.028000000000002957,0.05447470817121198,2.995999999999981,6.7239999999999895,1.8640000000000327,9.72,0.6725723147392273,0.9255568981170654
manual_ground_truth_w0076_c28_i000,m3_improved_prediction_w0076_c28_i008,76,28,C3,380.0,390.0,382.936,383.316,10.0,0.3799999999999999,0.37999999999999545,10.0,0.03799999999999955,0.07321772639691627,2.9359999999999786,6.684000000000026,1.8740000000000236,9.620000000000001,0.7538327574729919,0.9849802851676941
manual_ground_truth_w0076_c29_i000,m3_improved_prediction_w0076_c29_i011,76,29,C4,380.0,390.0,382.996,383.228,10.0,0.2320000000000002,0.23200000000002774,10.0,0.023200000000002774,0.045347928068809176,2.995999999999981,6.771999999999991,1.8880000000000337,9.768,0.614497721195221,0.9101947546005249
manual_ground_truth_w0076_c32_i000,m3_improved_prediction_w0076_c32_i003,76,32,T7,380.0,390.0,380.14,380.688,10.0,0.5479999999999999,0.5480000000000018,10.0,0.05480000000000018,0.10390595373530562,0.13999999999998636,9.312000000000012,4.586000000000013,9.452,0.6382359862327576,0.8963519930839539
manual_ground_truth_w0076_c33_i000,m3_improved_prediction_w0076_c33_i009,76,33,T8,380.0,390.0,382.752,383.288,10.0,0.536,0.5360000000000014,10.0,0.053600000000000134,0.10174639331814757,2.7520000000000095,6.711999999999989,1.9800000000000182,9.464,0.565050482749939,0.8494718074798584
manual_ground_truth_w0077_c01_i000,m3_improved_prediction_w0077_c01_i002,77,1,Fp1,385.0,393.728,386.032,392.672,8.728,6.64,6.640000000000043,8.728000000000009,0.7607699358386844,0.8641332639250447,1.0319999999999823,1.0559999999999832,0.012000000000057298,2.088,0.8226211071014404,0.9636723399162292
manual_ground_truth_w0077_c02_i000,m3_improved_prediction_w0077_c02_i002,77,2,Fp2,385.0,393.728,386.032,392.72,8.728,6.688,6.688000000000045,8.728000000000009,0.7662694775435425,0.8676699532952834,1.0319999999999823,1.0079999999999814,0.011999999999943611,2.04,0.8247248530387878,0.9705517888069153
manual_ground_truth_w0077_c07_i000,m3_improved_prediction_w0077_c07_i001,77,7,Fz,385.0,393.728,386.08,388.892,8.728,2.812,2.812000000000012,8.728000000000009,0.32218148487626136,0.4873483535528617,1.079999999999984,4.836000000000013,1.8780000000000427,5.916,0.7707892060279846,0.9651883244514465
manual_ground_truth_w0077_c10_i000,m3_improved_prediction_w0077_c10_i002,77,10,F3,385.0,393.728,386.872,392.284,8.728,5.412,5.411999999999978,8.728000000000009,0.6200733272227282,0.7654879773691623,1.872000000000014,1.4440000000000168,0.2139999999999418,3.316,0.8355056047439575,0.9707540273666382
manual_ground_truth_w0077_c11_i000,m3_improved_prediction_w0077_c11_i002,77,11,F4,385.0,393.728,386.872,392.244,8.728,5.372,5.372000000000014,8.728000000000009,0.6154903758020175,0.7619858156028388,1.872000000000014,1.4839999999999804,0.19399999999995998,3.356,0.8530012369155884,0.9797114729881287
manual_ground_truth_w0077_c14_i000,m3_improved_prediction_w0077_c14_i016,77,14,F7,385.0,393.728,389.856,391.644,8.728,1.7880000000000003,1.788000000000011,8.728000000000009,0.20485792850595888,0.3400532521871455,4.8559999999999945,2.084000000000003,1.3859999999999673,6.9399999999999995,0.8011288046836853,0.9794533848762512
manual_ground_truth_w0077_c15_i000,m3_improved_prediction_w0077_c15_i003,77,15,F8,385.0,393.728,386.944,387.672,8.728,0.7280000000000002,0.7280000000000086,8.728000000000009,0.08340971585701282,0.15397631133671927,1.9440000000000168,6.055999999999983,2.05600000000004,8.0,0.7753058075904846,0.9780005216598511
manual_ground_truth_w0077_c25_i000,m3_improved_prediction_w0077_c25_i001,77,25,Cz,385.0,393.728,387.284,387.364,8.728,0.08000000000000007,0.07999999999998408,8.728000000000009,0.009165902841428049,0.01816530426884289,2.283999999999992,6.364000000000033,2.0400000000000773,8.648,0.4589739739894867,0.6468324065208435
manual_ground_truth_w0077_c28_i000,m3_improved_prediction_w0077_c28_i007,77,28,C3,385.0,393.728,392.884,393.056,8.728,0.17199999999999882,0.17199999999996862,8.728000000000009,0.01970669110907063,0.03865168539325138,7.8840000000000146,0.6720000000000255,3.6059999999999945,8.556000000000001,0.616803765296936,0.8377047777175903
manual_ground_truth_w0077_c29_i000,m3_improved_prediction_w0077_c29_i005,77,29,C4,385.0,393.728,390.36,390.46,8.728,0.09999999999999964,0.0999999999999659,8.728000000000009,0.011457378551783432,0.02265518803805299,5.360000000000014,3.268000000000029,1.0459999999999354,8.628,0.418722927570343,0.5142405033111572
manual_ground_truth_w0077_c32_i000,m3_improved_prediction_w0077_c32_i008,77,32,T7,385.0,393.728,390.248,390.52,8.728,0.27199999999999935,0.27199999999999136,8.728000000000009,0.031164069660860574,0.060444444444442524,5.2479999999999905,3.208000000000027,1.0199999999999818,8.456,0.6347989439964294,0.8534079194068909
manual_ground_truth_w0077_c33_i000,m3_improved_prediction_w0077_c33_i009,77,33,T8,385.0,393.728,389.984,390.572,8.728,0.5880000000000001,0.5880000000000223,8.728000000000009,0.0673693858845121,0.1262344353799962,4.9839999999999804,3.156000000000006,0.9139999999999873,8.14,0.6974726915359497,0.9359720945358276
manual_ground_truth_w0078_c01_i000,m3_improved_prediction_w0078_c01_i000,78,1,Fp1,390.0,393.728,390.016,390.068,3.728,0.052000000000000005,0.051999999999964075,3.7280000000000086,0.013948497854067585,0.027513227513208505,0.016000000000019554,3.660000000000025,1.8220000000000027,3.676,0.5309705138206482,0.6202159523963928
manual_ground_truth_w0078_c02_i000,m3_improved_prediction_w0078_c02_i000,78,2,Fp2,390.0,393.728,390.016,390.056,3.728,0.04,0.03999999999996362,3.7280000000000086,0.010729613733895796,0.021231422505288543,0.016000000000019554,3.6720000000000255,1.8280000000000314,3.688,0.42217355966567993,0.46427956223487854
manual_ground_truth_w0083_c01_i000,m3_improved_prediction_w0083_c01_i010,83,1,Fp1,421.58,424.912,421.992,422.536,3.3320000000000007,0.5439999999999996,0.5439999999999827,3.3319999999999936,0.1632653061224441,0.28070175438595596,0.41200000000003456,2.3759999999999764,0.9819999999999709,2.788000000000001,0.7545918226242065,0.9113152623176575
manual_ground_truth_w0083_c02_i000,m3_improved_prediction_w0083_c02_i016,83,2,Fp2,421.58,424.912,422.044,422.524,3.3320000000000007,0.4800000000000004,0.4800000000000182,3.3319999999999936,0.14405762304922543,0.2518363064008489,0.46399999999999864,2.387999999999977,0.9619999999999891,2.8520000000000003,0.7009942531585693,0.8732962608337402
manual_ground_truth_w0083_c28_i000,m3_improved_prediction_w0083_c28_i015,83,28,C3,421.58,424.912,424.108,424.164,3.3320000000000007,0.05599999999999916,0.055999999999983174,3.3319999999999936,0.016806722689070613,0.03305785123965949,2.52800000000002,0.7479999999999905,0.8899999999999864,3.2760000000000016,0.4245467483997345,0.477974534034729
manual_ground_truth_w0083_c32_i000,m3_improved_prediction_w0083_c32_i019,83,32,T7,421.58,424.912,423.968,424.364,3.3320000000000007,0.3960000000000008,0.39599999999995816,3.3319999999999936,0.11884753901559392,0.21244635193130795,2.3880000000000337,0.5480000000000018,0.9200000000000159,2.936,0.5483826398849487,0.7679648995399475
manual_ground_truth_w0083_c33_i000,m3_improved_prediction_w0083_c33_i007,83,33,T8,421.58,424.912,423.412,423.468,3.3320000000000007,0.05599999999999916,0.05600000000004002,3.3319999999999936,0.016806722689087672,0.03305785123969304,1.8319999999999936,1.44399999999996,0.19400000000001683,3.2760000000000016,0.3855073153972626,0.42099231481552124
manual_ground_truth_w0084_c01_i001,m3_improved_prediction_w0084_c01_i016,84,1,Fp1,427.808,430.0,427.96,429.96,2.192,2.000000000000001,2.0,2.1920000000000073,0.9124087591240846,0.9541984732824426,0.1519999999999868,0.040000000000020464,0.055999999999983174,0.19199999999999928,0.8971410989761353,0.9619873762130737
manual_ground_truth_w0084_c01_i000,m3_improved_prediction_w0084_c01_i005,84,1,Fp1,421.58,424.912,421.68,424.448,3.332,2.7680000000000007,2.7679999999999723,3.3319999999999936,0.8307322929171601,0.9075409836065482,0.10000000000002274,0.46399999999999864,0.18200000000001637,0.5639999999999992,0.7633963227272034,0.9658072590827942
manual_ground_truth_w0084_c02_i001,m3_improved_prediction_w0084_c02_i020,84,2,Fp2,427.808,430.0,427.952,429.996,2.192,2.0440000000000005,2.0439999999999827,2.1920000000000073,0.9324817518248065,0.965061378659104,0.14400000000000546,0.004000000000019099,0.06999999999999318,0.1479999999999997,0.9098165035247803,0.9655975103378296
manual_ground_truth_w0084_c02_i000,m3_improved_prediction_w0084_c02_i008,84,2,Fp2,421.58,424.912,421.696,424.46,3.332,2.7640000000000002,2.763999999999953,3.3319999999999936,0.8295318127250776,0.906824146981612,0.11600000000004229,0.4519999999999982,0.16800000000000637,0.5679999999999996,0.7619377970695496,0.964870274066925
manual_ground_truth_w0084_c07_i000,m3_improved_prediction_w0084_c07_i014,84,7,Fz,427.808,430.0,428.48,429.328,2.192,0.847999999999999,0.8479999999999563,2.1920000000000073,0.38686131386859196,0.5578947368420767,0.6720000000000255,0.6720000000000255,0.0,1.3440000000000012,0.6018831729888916,0.8014000058174133
manual_ground_truth_w0084_c11_i001,m3_improved_prediction_w0084_c11_i014,84,11,F4,427.808,430.0,428.288,429.856,2.192,1.5679999999999996,1.5679999999999836,2.1920000000000073,0.7153284671532748,0.8340425531914807,0.4800000000000182,0.14400000000000546,0.16800000000000637,0.6240000000000006,0.6901586651802063,0.8775072693824768
manual_ground_truth_w0084_c11_i000,m3_improved_prediction_w0084_c11_i004,84,11,F4,421.58,424.912,423.876,424.436,3.332,0.56,0.5600000000000023,3.3319999999999936,0.16806722689075732,0.287769784172663,2.2959999999999923,0.4759999999999991,0.9099999999999682,2.772,0.7170642018318176,0.8909210562705994
manual_ground_truth_w0084_c14_i001,m3_improved_prediction_w0084_c14_i017,84,14,F7,427.808,430.0,428.284,429.452,2.192,1.1679999999999993,1.1680000000000064,2.1920000000000073,0.5328467153284683,0.6952380952380991,0.4759999999999991,0.5480000000000018,0.036000000000001364,1.024000000000001,0.7467638850212097,0.9354578852653503
manual_ground_truth_w0084_c14_i000,m3_improved_prediction_w0084_c14_i006,84,14,F7,421.58,424.912,423.908,424.42,3.332,0.512,0.5120000000000005,3.3319999999999936,0.15366146458583477,0.26638917793964645,2.3280000000000314,0.4919999999999618,0.9180000000000064,2.82,0.7293257117271423,0.8949320316314697
manual_ground_truth_w0084_c15_i001,m3_improved_prediction_w0084_c15_i005,84,15,F8,427.808,430.0,428.36,429.036,2.192,0.6760000000000002,0.6759999999999877,2.1920000000000073,0.308394160583935,0.4714086471408561,0.5520000000000209,0.9639999999999986,0.20600000000001728,1.516,0.6254226565361023,0.7634508609771729
manual_ground_truth_w0084_c15_i000,m3_improved_prediction_w0084_c15_i000,84,15,F8,421.58,424.912,423.888,424.408,3.332,0.5200000000000005,0.5200000000000387,3.3319999999999936,0.1560624249699999,0.26998961578402836,2.3079999999999927,0.5039999999999623,0.9020000000000437,2.8119999999999994,0.7109056711196899,0.8865447640419006
manual_ground_truth_w0084_c32_i000,m3_improved_prediction_w0084_c32_i013,84,32,T7,421.58,424.912,423.904,424.224,3.332,0.3200000000000003,0.3199999999999932,3.3319999999999936,0.09603841536614459,0.17524644030667752,2.3240000000000123,0.6879999999999882,0.8179999999999836,3.0119999999999996,0.5539531707763672,0.74983811378479
manual_ground_truth_w0084_c32_i001,m3_improved_prediction_w0084_c32_i018,84,32,T7,427.808,430.0,428.728,428.936,2.192,0.20800000000000018,0.20799999999997,2.1920000000000073,0.0948905109488911,0.1733333333333083,0.9200000000000159,1.0640000000000214,0.07200000000000273,1.984,0.48539048433303833,0.6209494471549988
manual_ground_truth_w0084_c33_i000,m3_improved_prediction_w0084_c33_i000,84,33,T8,421.58,424.912,422.732,422.872,3.332,0.13999999999999968,0.13999999999998636,3.3319999999999936,0.04201680672268506,0.08064516129031474,1.1520000000000437,2.0399999999999636,0.44399999999996,3.192,0.4544668197631836,0.5620698928833008
manual_ground_truth_w0084_c47_i000,m3_improved_prediction_w0084_c47_i001,84,47,P7,421.58,424.912,422.316,422.396,3.332,0.08000000000000007,0.08000000000004093,3.3319999999999936,0.024009603841548943,0.04689331770225142,0.73599999999999,2.5159999999999627,0.8899999999999864,3.252,0.4687879681587219,0.6014996767044067
manual_ground_truth_w0085_c01_i000,m3_improved_prediction_w0085_c01_i005,85,1,Fp1,427.808,430.8,427.98,430.684,2.992,2.704,2.7040000000000077,2.9920000000000186,0.9037433155080183,0.9494382022471938,0.17200000000002547,0.11599999999998545,0.02800000000002001,0.2879999999999998,0.8877685070037842,0.9552624821662903
manual_ground_truth_w0085_c01_i001,m3_improved_prediction_w0085_c01_i007,85,1,Fp1,433.692,435.0,434.004,434.904,1.3079999999999998,0.9000000000000004,0.8999999999999773,1.3079999999999927,0.6880733944953993,0.8152173913043271,0.3120000000000118,0.09600000000000364,0.10800000000000409,0.4079999999999995,0.8546889424324036,0.9481385946273804
manual_ground_truth_w0085_c02_i000,m3_improved_prediction_w0085_c02_i005,85,2,Fp2,427.808,430.8,427.972,430.692,2.992,2.72,2.7200000000000273,2.9920000000000186,0.9090909090909125,0.952380952380962,0.16399999999998727,0.10800000000000409,0.02800000000002001,0.2719999999999998,0.8815291523933411,0.9550882577896118
manual_ground_truth_w0085_c02_i001,m3_improved_prediction_w0085_c02_i009,85,2,Fp2,433.692,435.0,433.932,434.904,1.3079999999999998,0.9719999999999995,0.97199999999998,1.3079999999999927,0.7431192660550348,0.8526315789473511,0.2400000000000091,0.09600000000000364,0.07200000000000273,0.3360000000000003,0.807268500328064,0.9480348825454712
manual_ground_truth_w0085_c07_i000,m3_improved_prediction_w0085_c07_i014,85,7,Fz,427.808,430.8,428.96,429.876,2.992,0.9160000000000004,0.9159999999999968,2.9920000000000186,0.30614973262031786,0.46878198567041796,1.1519999999999868,0.924000000000035,0.11400000000003274,2.0759999999999996,0.5911851525306702,0.7789419293403625
manual_ground_truth_w0085_c07_i001,m3_improved_prediction_w0085_c07_i020,85,7,Fz,433.692,435.0,434.42,434.672,1.3079999999999998,0.25200000000000067,0.25200000000000955,1.3079999999999927,0.19266055045872396,0.3230769230769352,0.7280000000000086,0.32799999999997453,0.20000000000004547,1.0559999999999992,0.5590589046478271,0.6962053179740906
manual_ground_truth_w0085_c11_i000,m3_improved_prediction_w0085_c11_i004,85,11,F4,427.808,430.8,428.0,430.208,2.992,2.208,2.208000000000027,2.9920000000000186,0.7379679144385071,0.8492307692307796,0.19200000000000728,0.5919999999999845,0.1999999999999318,0.7839999999999998,0.6990733742713928,0.8597319722175598
manual_ground_truth_w0085_c11_i001,m3_improved_prediction_w0085_c11_i007,85,11,F4,433.692,435.0,434.44,434.524,1.3079999999999998,0.08399999999999963,0.08400000000000318,1.3079999999999927,0.06422018348624133,0.12068965517241842,0.7479999999999905,0.4759999999999991,0.13599999999996726,1.2240000000000002,0.5095060467720032,0.6216957569122314
manual_ground_truth_w0085_c14_i000,m3_improved_prediction_w0085_c14_i000,85,14,F7,427.808,430.8,427.992,430.104,2.992,2.112,2.1119999999999663,2.9920000000000186,0.7058823529411609,0.8275862068965385,0.18400000000002592,0.6960000000000264,0.2559999999999718,0.8799999999999999,0.8432302474975586,0.9501655697822571
manual_ground_truth_w0085_c14_i001,m3_improved_prediction_w0085_c14_i003,85,14,F7,433.692,435.0,434.18,434.196,1.3079999999999998,0.016000000000000014,0.016000000000019554,1.3079999999999927,0.01223241590215569,0.024169184290059754,0.48799999999999955,0.8039999999999736,0.15800000000001546,1.2919999999999998,0.39891117811203003,0.41956180334091187
manual_ground_truth_w0085_c15_i000,m3_improved_prediction_w0085_c15_i002,85,15,F8,427.808,430.8,428.256,430.088,2.992,1.8320000000000003,1.8320000000000505,2.9920000000000186,0.6122994652406548,0.7595356550580641,0.4479999999999791,0.7119999999999891,0.13199999999994816,1.1599999999999997,0.852915346622467,0.9545416831970215
manual_ground_truth_w0085_c15_i001,m3_improved_prediction_w0085_c15_i009,85,15,F8,433.692,435.0,434.42,434.616,1.3079999999999998,0.19599999999999973,0.19599999999996953,1.3079999999999927,0.1498470948012008,0.2606382978723,0.7280000000000086,0.38400000000001455,0.17200000000002547,1.112,0.540485680103302,0.7425265908241272
manual_ground_truth_w0085_c28_i001,m3_improved_prediction_w0085_c28_i015,85,28,C3,433.692,435.0,434.08,434.208,1.3079999999999998,0.1280000000000001,0.12800000000004275,1.3079999999999927,0.0978593272171586,0.1782729805014523,0.3879999999999768,0.7919999999999732,0.20199999999999818,1.1799999999999997,0.43072208762168884,0.4737410843372345
manual_ground_truth_w0085_c28_i000,m3_improved_prediction_w0085_c28_i009,85,28,C3,427.808,430.8,429.2,429.304,2.992,0.10400000000000009,0.103999999999985,2.9920000000000186,0.03475935828876482,0.06718346253229004,1.391999999999996,1.4960000000000377,0.05200000000002092,2.888,0.41273796558380127,0.46135497093200684
manual_ground_truth_w0085_c29_i001,m3_improved_prediction_w0085_c29_i005,85,29,C4,433.692,435.0,434.172,434.416,1.3079999999999998,0.24399999999999977,0.24399999999997135,1.3079999999999927,0.1865443425076244,0.31443298969068484,0.4800000000000182,0.5840000000000032,0.05200000000002092,1.064,0.4694160521030426,0.5955097675323486
manual_ground_truth_w0085_c29_i000,m3_improved_prediction_w0085_c29_i001,85,29,C4,427.808,430.8,429.32,429.64,2.992,0.3199999999999994,0.3199999999999932,2.9920000000000186,0.10695187165775107,0.19323671497584133,1.5120000000000005,1.160000000000025,0.17600000000004457,2.6720000000000006,0.5324510335922241,0.672619640827179
manual_ground_truth_w0085_c32_i001,m3_improved_prediction_w0085_c32_i003,85,32,T7,433.692,435.0,433.912,434.976,1.3079999999999998,1.064,1.0640000000000214,1.3079999999999927,0.8134556574923756,0.897133220910642,0.21999999999997044,0.02400000000000091,0.09799999999995634,0.24399999999999977,0.8903481364250183,0.9439847469329834
manual_ground_truth_w0085_c32_i000,m3_improved_prediction_w0085_c32_i000,85,32,T7,427.808,430.8,428.148,430.476,2.992,2.328,2.3279999999999745,2.9920000000000186,0.7780748663101471,0.8751879699248024,0.34000000000003183,0.3240000000000123,0.008000000000038199,0.6640000000000001,0.8453699350357056,0.9464167952537537
manual_ground_truth_w0085_c33_i001,m3_improved_prediction_w0085_c33_i019,85,33,T8,433.692,435.0,434.072,434.956,1.3079999999999998,0.8840000000000003,0.8840000000000146,1.3079999999999927,0.6758409785932871,0.8065693430657066,0.37999999999999545,0.04399999999998272,0.16800000000000637,0.4239999999999995,0.7725876569747925,0.930649995803833
manual_ground_truth_w0085_c33_i000,m3_improved_prediction_w0085_c33_i005,85,33,T8,427.808,430.8,428.88,429.78,2.992,0.9000000000000004,0.8999999999999773,2.9920000000000186,0.3008021390374237,0.4624871531346234,1.0720000000000027,1.0200000000000387,0.02600000000001046,2.0919999999999996,0.8098917603492737,0.9133382439613342
manual_ground_truth_w0085_c43_i001,m3_improved_prediction_w0085_c43_i000,85,43,P3,433.692,435.0,434.18,434.216,1.3079999999999998,0.03599999999999959,0.036000000000001364,1.3079999999999927,0.02752293577981771,0.05357142857143062,0.48799999999999955,0.7839999999999918,0.14800000000002456,1.2720000000000002,0.38073962926864624,0.41495731472969055
manual_ground_truth_w0085_c47_i001,m3_improved_prediction_w0085_c47_i001,85,47,P7,433.692,435.0,434.176,434.22,1.3079999999999998,0.04400000000000048,0.04400000000003956,1.3079999999999927,0.03363914373091728,0.06508875739650821,0.48399999999998045,0.7799999999999727,0.14800000000002456,1.2639999999999993,0.417142391204834,0.4640735387802124
manual_ground_truth_w0085_c47_i000,m3_improved_prediction_w0085_c47_i000,85,47,P7,427.808,430.8,429.392,429.408,2.992,0.016000000000000014,0.016000000000019554,2.9920000000000186,0.005347593582894203,0.010638297872353427,1.5840000000000032,1.391999999999996,0.09600000000000364,2.976,0.3882980942726135,0.4121459126472473
manual_ground_truth_w0085_c48_i001,m3_improved_prediction_w0085_c48_i003,85,48,P8,433.692,435.0,434.28,434.372,1.3079999999999998,0.09200000000000053,0.09200000000004138,1.3079999999999927,0.0703363914373409,0.13142857142863051,0.5879999999999654,0.6279999999999859,0.01999999999998181,1.2159999999999993,0.5006047487258911,0.6259323954582214
manual_ground_truth_w0085_c48_i000,m3_improved_prediction_w0085_c48_i001,85,48,P8,427.808,430.8,429.572,429.704,2.992,0.13199999999999967,0.132000000000005,2.9920000000000186,0.04411764705882493,0.08450704225352434,1.76400000000001,1.0960000000000036,0.33400000000006,2.8600000000000003,0.5101289749145508,0.6217032670974731
manual_ground_truth_w0086_c01_i001,m3_improved_prediction_w0086_c01_i010,86,1,Fp1,433.692,436.876,435.716,436.404,3.184,0.6879999999999997,0.6879999999999882,3.183999999999969,0.21608040201004863,0.35537190082644016,2.024000000000001,0.47199999999998,0.7760000000000105,2.4960000000000004,0.827721893787384,0.9643357396125793
manual_ground_truth_w0086_c01_i000,m3_improved_prediction_w0086_c01_i000,86,1,Fp1,430.0,430.8,430.24,430.356,0.8,0.11599999999999999,0.11599999999998545,0.8000000000000114,0.14499999999997976,0.2532751091702739,0.2400000000000091,0.4440000000000168,0.10199999999997544,0.684,0.5703904628753662,0.7311116456985474
manual_ground_truth_w0086_c01_i002,m3_improved_prediction_w0086_c01_i015,86,1,Fp1,439.576,440.0,439.992,439.996,0.4239999999999995,0.0039999999999995595,0.003999999999962256,0.42399999999997817,0.00943396226406241,0.018691588784870396,0.4159999999999968,0.004000000000019099,0.20600000000001728,0.41999999999999993,0.4212489426136017,0.4212489426136017
manual_ground_truth_w0086_c02_i001,m3_improved_prediction_w0086_c02_i012,86,2,Fp2,433.692,436.876,435.708,436.404,3.184,0.6959999999999997,0.6959999999999695,3.183999999999969,0.21859296482411317,0.35876288659792244,2.0160000000000196,0.47199999999998,0.7720000000000482,2.4880000000000004,0.8088918924331665,0.9668784141540527
manual_ground_truth_w0086_c02_i000,m3_improved_prediction_w0086_c02_i002,86,2,Fp2,430.0,430.8,430.256,430.364,0.8,0.10799999999999998,0.10800000000000409,0.8000000000000114,0.1350000000000032,0.2378854625550751,0.2559999999999718,0.43600000000003547,0.09000000000003183,0.6920000000000001,0.5750424861907959,0.6761977672576904
manual_ground_truth_w0086_c07_i001,m3_improved_prediction_w0086_c07_i003,86,7,Fz,433.692,436.876,435.92,436.236,3.184,0.31599999999999984,0.3159999999999741,3.183999999999969,0.09924623115577172,0.18057142857141376,2.2280000000000086,0.6399999999999864,0.7939999999999827,2.8680000000000003,0.6814733743667603,0.8319365382194519
manual_ground_truth_w0086_c11_i001,m3_improved_prediction_w0086_c11_i001,86,11,F4,433.692,436.876,434.48,434.748,3.184,0.2679999999999998,0.26799999999997226,3.183999999999969,0.08417085427134889,0.15527230590960153,0.7880000000000109,2.127999999999986,0.6699999999999591,2.9160000000000004,0.5155391097068787,0.753861665725708
manual_ground_truth_w0086_c14_i001,m3_improved_prediction_w0086_c14_i001,86,14,F7,433.692,436.876,434.132,434.84,3.184,0.7080000000000002,0.70799999999997,3.183999999999969,0.22236180904521885,0.3638232271325642,0.4399999999999977,2.0360000000000014,0.7980000000000018,2.476,0.7045193314552307,0.8629964590072632
manual_ground_truth_w0086_c14_i000,m3_improved_prediction_w0086_c14_i000,86,14,F7,430.0,430.8,430.28,430.38,0.8,0.09999999999999998,0.10000000000002274,0.8000000000000114,0.12500000000002665,0.22222222222227275,0.2799999999999727,0.4200000000000159,0.06999999999999318,0.7000000000000001,0.6052894592285156,0.777763307094574
manual_ground_truth_w0086_c15_i001,m3_improved_prediction_w0086_c15_i002,86,15,F8,433.692,436.876,434.14,434.836,3.184,0.6960000000000006,0.6960000000000264,3.183999999999969,0.21859296482413101,0.3587628865979517,0.4479999999999791,2.0399999999999636,0.7959999999999923,2.4879999999999995,0.790732204914093,0.9266176223754883
manual_ground_truth_w0086_c15_i000,m3_improved_prediction_w0086_c15_i000,86,15,F8,430.0,430.8,430.016,430.084,0.8,0.068,0.06799999999998363,0.8000000000000114,0.08499999999997833,0.15668202764973185,0.016000000000019554,0.7160000000000082,0.3499999999999659,0.732,0.4053170680999756,0.4810165762901306
manual_ground_truth_w0086_c29_i000,m3_improved_prediction_w0086_c29_i001,86,29,C4,430.0,430.8,430.332,430.388,0.8,0.055999999999999994,0.055999999999983174,0.8000000000000114,0.06999999999997797,0.1308411214952878,0.33199999999999363,0.41200000000003456,0.03999999999996362,0.744,0.41415834426879883,0.4879329800605774
manual_ground_truth_w0086_c29_i001,m3_improved_prediction_w0086_c29_i003,86,29,C4,433.692,436.876,434.284,434.336,3.184,0.05200000000000049,0.05200000000002092,3.183999999999969,0.016331658291464015,0.032138442521644564,0.5919999999999845,2.5399999999999636,0.9739999999999895,3.1319999999999997,0.42126256227493286,0.48061472177505493
manual_ground_truth_w0086_c32_i001,m3_improved_prediction_w0086_c32_i003,86,32,T7,433.692,436.876,433.956,435.176,3.184,1.2200000000000002,1.2199999999999704,3.183999999999969,0.38316582914572306,0.554041780199805,0.26400000000001,1.6999999999999886,0.7179999999999609,1.964,0.7486682534217834,0.9348978996276855
manual_ground_truth_w0086_c32_i000,m3_improved_prediction_w0086_c32_i001,86,32,T7,430.0,430.8,430.184,430.488,0.8,0.304,0.3039999999999736,0.8000000000000114,0.37999999999996165,0.5507246376811116,0.18400000000002592,0.3120000000000118,0.06399999999996453,0.49600000000000005,0.6864416003227234,0.9414686560630798
manual_ground_truth_w0086_c33_i000,m3_improved_prediction_w0086_c33_i002,86,33,T8,430.0,430.8,430.268,430.592,0.8,0.32399999999999995,0.3240000000000123,0.8000000000000114,0.4050000000000096,0.576512455516036,0.26799999999997226,0.20800000000002683,0.029999999999972715,0.4760000000000001,0.6397790312767029,0.8954290151596069
manual_ground_truth_w0086_c33_i001,m3_improved_prediction_w0086_c33_i004,86,33,T8,433.692,436.876,434.184,434.876,3.184,0.6920000000000002,0.6919999999999504,3.183999999999969,0.21733668341707196,0.35706914344682683,0.49200000000001864,2.0,0.7540000000000191,2.492,0.8373642563819885,0.9316190481185913
manual_ground_truth_w0086_c42_i001,m3_improved_prediction_w0086_c42_i000,86,42,Pz,433.692,436.876,436.048,436.056,3.184,0.008000000000000007,0.007999999999981355,3.183999999999969,0.0025125628140645205,0.005012531328309119,2.3559999999999945,0.8199999999999932,0.7680000000000291,3.176,0.3577612042427063,0.35902807116508484
manual_ground_truth_w0086_c43_i001,m3_improved_prediction_w0086_c43_i008,86,43,P3,433.692,436.876,436.02,436.296,3.184,0.2760000000000007,0.27600000000001046,3.183999999999969,0.08668341708543126,0.15953757225434126,2.3279999999999745,0.5799999999999841,0.8740000000000236,2.9079999999999995,0.6538190841674805,0.8484098315238953
manual_ground_truth_w0086_c44_i001,m3_improved_prediction_w0086_c44_i006,86,44,P4,433.692,436.876,436.216,436.42,3.184,0.20399999999999974,0.20400000000000773,3.183999999999969,0.06407035175879702,0.12042502951594318,2.524000000000001,0.45599999999996044,1.0339999999999918,2.9800000000000004,0.6178438067436218,0.7984410524368286
manual_ground_truth_w0086_c47_i001,m3_improved_prediction_w0086_c47_i011,86,47,P7,433.692,436.876,436.036,436.448,3.184,0.4120000000000008,0.4119999999999777,3.183999999999969,0.12939698492461738,0.2291434927697317,2.343999999999994,0.42799999999999727,0.95799999999997,2.7719999999999994,0.6581528782844543,0.9380769729614258
manual_ground_truth_w0086_c48_i001,m3_improved_prediction_w0086_c48_i008,86,48,P8,433.692,436.876,436.02,436.528,3.184,0.508,0.5080000000000382,3.183999999999969,0.15954773869348088,0.2751895991332818,2.3279999999999745,0.34799999999995634,0.9900000000000091,2.676,0.7639060020446777,0.9731407761573792
manual_ground_truth_w0087_c01_i000,m3_improved_prediction_w0087_c01_i001,87,1,Fp1,435.0,436.876,435.604,436.688,1.876,1.084,1.0840000000000032,1.8759999999999764,0.5778251599147212,0.7324324324324346,0.603999999999985,0.18799999999998818,0.20799999999997,0.7919999999999998,0.8284106254577637,0.9689612984657288
manual_ground_truth_w0087_c01_i001,m3_improved_prediction_w0087_c01_i011,87,1,Fp1,439.576,442.86,440.452,442.336,3.2840000000000007,1.8840000000000003,1.8840000000000146,3.283999999999992,0.5736906211936721,0.7291021671826681,0.8759999999999764,0.5240000000000009,0.17599999999998772,1.4000000000000004,0.8883763551712036,0.9616734385490417
manual_ground_truth_w0087_c02_i000,m3_improved_prediction_w0087_c02_i000,87,2,Fp2,435.0,436.876,435.608,436.928,1.876,1.3199999999999998,1.2679999999999723,1.9279999999999973,0.6576763485477044,0.7934918648310215,0.6080000000000041,0.05200000000002092,0.3300000000000409,0.556,0.810621440410614,0.9671460390090942
manual_ground_truth_w0087_c02_i001,m3_improved_prediction_w0087_c02_i016,87,2,Fp2,439.576,442.86,440.424,442.332,3.2840000000000007,1.9079999999999995,1.9080000000000155,3.283999999999992,0.5809987819732095,0.7349768875192664,0.8479999999999563,0.52800000000002,0.15999999999996817,1.3760000000000012,0.8998274207115173,0.9588839411735535
manual_ground_truth_w0087_c07_i000,m3_improved_prediction_w0087_c07_i003,87,7,Fz,435.0,436.876,436.012,436.4,1.876,0.3879999999999999,0.3879999999999768,1.8759999999999764,0.20682302771854036,0.3427561837455626,1.0120000000000005,0.4759999999999991,0.2680000000000291,1.488,0.615354061126709,0.8398436903953552
manual_ground_truth_w0087_c07_i001,m3_improved_prediction_w0087_c07_i015,87,7,Fz,439.576,442.86,440.644,440.888,3.2840000000000007,0.24399999999999977,0.24399999999997135,3.283999999999992,0.07429963459195249,0.13832199546483634,1.0679999999999836,1.9720000000000368,0.452000000000055,3.040000000000001,0.6608521938323975,0.8201422691345215
manual_ground_truth_w0087_c11_i001,m3_improved_prediction_w0087_c11_i009,87,11,F4,439.576,442.86,440.484,441.048,3.2840000000000007,0.5640000000000001,0.5640000000000214,3.283999999999992,0.17174177831912996,0.2931392931393042,0.9079999999999586,1.8120000000000118,0.452000000000055,2.7200000000000006,0.7073860168457031,0.8895153403282166
manual_ground_truth_w0087_c11_i000,m3_improved_prediction_w0087_c11_i002,87,11,F4,435.0,436.876,435.9,436.164,1.876,0.2639999999999999,0.26400000000001,1.8759999999999764,0.14072494669510305,0.24672897196262622,0.8999999999999773,0.7119999999999891,0.09399999999999409,1.612,0.7420294284820557,0.8798782825469971
manual_ground_truth_w0087_c14_i001,m3_improved_prediction_w0087_c14_i005,87,14,F7,439.576,442.86,440.436,441.62,3.2840000000000007,1.1840000000000002,1.184000000000026,3.283999999999992,0.3605359317905082,0.5299910474485343,0.8599999999999568,1.240000000000009,0.18999999999999773,2.1000000000000005,0.8184306025505066,0.9522848725318909
manual_ground_truth_w0087_c14_i000,m3_improved_prediction_w0087_c14_i002,87,14,F7,435.0,436.876,435.848,436.4,1.876,0.5519999999999999,0.5519999999999641,1.8759999999999764,0.2942430703624579,0.45469522240524224,0.8480000000000132,0.4759999999999991,0.18600000000003547,1.3239999999999998,0.7972292304039001,0.9824637770652771
manual_ground_truth_w0087_c15_i001,m3_improved_prediction_w0087_c15_i004,87,15,F8,439.576,442.86,440.452,442.432,3.2840000000000007,1.9800000000000004,1.9800000000000182,3.283999999999992,0.6029232643118219,0.7522796352583654,0.8759999999999764,0.42799999999999727,0.22399999999998954,1.3040000000000003,0.8461650609970093,0.9629705548286438
manual_ground_truth_w0087_c15_i000,m3_improved_prediction_w0087_c15_i002,87,15,F8,435.0,436.876,435.732,436.396,1.876,0.6639999999999999,0.6639999999999873,1.8759999999999764,0.35394456289978443,0.5228346456692813,0.7320000000000277,0.47999999999996135,0.1260000000000332,1.212,0.7696433067321777,0.988101601600647
manual_ground_truth_w0087_c28_i001,m3_improved_prediction_w0087_c28_i001,87,28,C3,439.576,442.86,440.436,440.544,3.2840000000000007,0.10799999999999965,0.10800000000000409,3.283999999999992,0.032886723507918506,0.06367924528302127,0.8599999999999568,2.316000000000031,0.7280000000000086,3.176000000000001,0.51551353931427,0.6519550085067749
manual_ground_truth_w0087_c28_i000,m3_improved_prediction_w0087_c28_i000,87,28,C3,435.0,436.876,436.604,436.616,1.876,0.01200000000000001,0.012000000000000455,1.8759999999999764,0.006396588486141048,0.012711864406780144,1.603999999999985,0.2599999999999909,0.6720000000000255,1.8639999999999999,0.3714961111545563,0.37845683097839355
manual_ground_truth_w0087_c29_i001,m3_improved_prediction_w0087_c29_i003,87,29,C4,439.576,442.86,440.888,441.06,3.2840000000000007,0.1719999999999997,0.17200000000002547,3.283999999999992,0.05237515225335746,0.09953703703705176,1.311999999999955,1.8000000000000114,0.2440000000000282,3.112000000000001,0.4393978416919708,0.5155465006828308
manual_ground_truth_w0087_c29_i000,m3_improved_prediction_w0087_c29_i000,87,29,C4,435.0,436.876,436.096,436.12,1.876,0.02400000000000002,0.02400000000000091,1.8759999999999764,0.012793176972282097,0.0252631578947378,1.0960000000000036,0.7559999999999718,0.17000000000001592,1.8519999999999999,0.37120023369789124,0.3827732801437378
manual_ground_truth_w0087_c32_i000,m3_improved_prediction_w0087_c32_i003,87,32,T7,435.0,436.876,435.64,436.448,1.876,0.8079999999999999,0.8079999999999927,1.8759999999999764,0.430703624733477,0.6020864381520066,0.6399999999999864,0.42799999999999727,0.10599999999999454,1.068,0.7529582977294922,0.9471840858459473
manual_ground_truth_w0087_c32_i001,m3_improved_prediction_w0087_c32_i007,87,32,T7,439.576,442.86,441.716,442.496,3.2840000000000007,0.7800000000000002,0.7799999999999727,3.283999999999992,0.23751522533494965,0.38385826771652193,2.1399999999999864,0.36400000000003274,0.8879999999999768,2.5040000000000004,0.7714610695838928,0.9499287605285645
manual_ground_truth_w0087_c33_i000,m3_improved_prediction_w0087_c33_i001,87,33,T8,435.0,436.876,435.584,436.616,1.876,1.032,1.0319999999999823,1.8759999999999764,0.5501066098080998,0.7097661623108544,0.5840000000000032,0.2599999999999909,0.16200000000003456,0.8439999999999999,0.806182861328125,0.9630782604217529
manual_ground_truth_w0087_c33_i001,m3_improved_prediction_w0087_c33_i004,87,33,T8,439.576,442.86,440.392,441.388,3.2840000000000007,0.9959999999999996,0.9959999999999809,3.283999999999992,0.30328867235078666,0.4654205607476546,0.8159999999999741,1.4720000000000368,0.3280000000000314,2.288000000000001,0.7836793065071106,0.9734477400779724
manual_ground_truth_w0087_c43_i000,m3_improved_prediction_w0087_c43_i000,87,43,P3,435.0,436.876,435.388,435.856,1.876,0.46799999999999997,0.46800000000001774,1.8759999999999764,0.24946695095950086,0.39931740614335987,0.3879999999999768,1.0199999999999818,0.3160000000000309,1.408,0.6834167838096619,0.8691628575325012
manual_ground_truth_w0087_c43_i001,m3_improved_prediction_w0087_c43_i003,87,43,P3,439.576,442.86,442.228,442.324,3.2840000000000007,0.09600000000000009,0.09600000000000364,3.283999999999992,0.02923264311814978,0.05680473372781279,2.651999999999987,0.5360000000000014,1.0579999999999927,3.1880000000000006,0.7412498593330383,0.8925853371620178
manual_ground_truth_w0087_c44_i000,m3_improved_prediction_w0087_c44_i000,87,44,P4,435.0,436.876,435.396,435.86,1.876,0.46399999999999997,0.46399999999999864,1.8759999999999764,0.24733475479744377,0.39658119658119545,0.396000000000015,1.0159999999999627,0.30999999999994543,1.412,0.6508719325065613,0.8245960474014282
manual_ground_truth_w0087_c44_i001,m3_improved_prediction_w0087_c44_i003,87,44,P4,439.576,442.86,442.208,442.32,3.2840000000000007,0.1120000000000001,0.11199999999996635,3.283999999999992,0.034104750304496535,0.0659599528857281,2.632000000000005,0.5400000000000205,1.0459999999999923,3.1720000000000006,0.7370374798774719,0.9179860353469849
manual_ground_truth_w0087_c47_i000,m3_improved_prediction_w0087_c47_i000,87,47,P7,435.0,436.876,435.18,435.868,1.876,0.688,0.6879999999999882,1.8759999999999764,0.36673773987206654,0.5366614664586491,0.18000000000000682,1.0079999999999814,0.41399999999998727,1.188,0.7630771994590759,0.93058842420578
manual_ground_truth_w0087_c47_i001,m3_improved_prediction_w0087_c47_i005,87,47,P7,439.576,442.86,442.176,442.348,3.2840000000000007,0.1719999999999997,0.17200000000002547,3.283999999999992,0.05237515225335746,0.09953703703705176,2.599999999999966,0.5120000000000005,1.0439999999999827,3.112000000000001,0.7143222689628601,0.9521411061286926
manual_ground_truth_w0087_c48_i000,m3_improved_prediction_w0087_c48_i000,87,48,P8,435.0,436.876,435.184,435.932,1.876,0.748,0.7479999999999905,1.8759999999999764,0.3987206823027718,0.570121951219505,0.18400000000002592,0.94399999999996,0.37999999999999545,1.128,0.7744719982147217,0.9537390470504761
manual_ground_truth_w0087_c48_i001,m3_improved_prediction_w0087_c48_i003,87,48,P8,439.576,442.86,442.164,442.352,3.2840000000000007,0.1880000000000006,0.18799999999998818,3.283999999999992,0.05724725943970422,0.10829493087556918,2.5879999999999654,0.5080000000000382,1.0399999999999636,3.096,0.8018112778663635,0.9689728021621704
manual_ground_truth_w0088_c01_i000,m3_improved_prediction_w0088_c01_i002,88,1,Fp1,440.0,442.86,440.44,442.328,2.86,1.888,1.8879999999999768,2.8600000000000136,0.6601398601398489,0.7952822240943459,0.4399999999999977,0.5320000000000391,0.04599999999999227,0.972,0.8901700973510742,0.955742597579956
manual_ground_truth_w0088_c01_i001,m3_improved_prediction_w0088_c01_i006,88,1,Fp1,445.652,448.84,447.016,448.46,3.1879999999999997,1.4440000000000008,1.44399999999996,3.187999999999988,0.45294855708907317,0.6234887737478237,1.3640000000000327,0.37999999999999545,0.49200000000001864,1.7439999999999989,0.8936300873756409,0.9650242924690247
manual_ground_truth_w0088_c02_i000,m3_improved_prediction_w0088_c02_i004,88,2,Fp2,440.0,442.86,440.4,442.324,2.86,1.924,1.924000000000035,2.8600000000000136,0.6727272727272817,0.8043478260869712,0.39999999999997726,0.5360000000000014,0.06800000000004047,0.9359999999999999,0.9110657572746277,0.9560412168502808
manual_ground_truth_w0088_c02_i001,m3_improved_prediction_w0088_c02_i012,88,2,Fp2,445.652,448.84,447.02,448.472,3.1879999999999997,1.452,1.4519999999999982,3.187999999999988,0.45545796737766736,0.6258620689655165,1.367999999999995,0.367999999999995,0.5,1.7359999999999998,0.8873891830444336,0.9629671573638916
manual_ground_truth_w0088_c07_i000,m3_improved_prediction_w0088_c07_i002,88,7,Fz,440.0,442.86,440.416,440.872,2.86,0.456,0.4560000000000173,2.8600000000000136,0.15944055944056473,0.27503015681545073,0.4159999999999968,1.9879999999999995,0.7860000000000014,2.404,0.5698071122169495,0.7997106313705444
manual_ground_truth_w0088_c07_i001,m3_improved_prediction_w0088_c07_i024,88,7,Fz,445.652,448.84,448.032,448.396,3.1879999999999997,0.36400000000000077,0.36400000000003274,3.187999999999988,0.11417816813050002,0.20495495495497337,2.3799999999999955,0.44399999999996,0.9680000000000177,2.823999999999999,0.6755579113960266,0.8950145244598389
manual_ground_truth_w0088_c11_i000,m3_improved_prediction_w0088_c11_i000,88,11,F4,440.0,442.86,440.468,441.088,2.86,0.6200000000000001,0.6200000000000045,2.8600000000000136,0.21678321678321735,0.3563218390804624,0.46800000000001774,1.7719999999999914,0.6519999999999868,2.2399999999999998,0.5526781678199768,0.7957872152328491
manual_ground_truth_w0088_c11_i001,m3_improved_prediction_w0088_c11_i018,88,11,F4,445.652,448.84,447.884,448.412,3.1879999999999997,0.5280000000000005,0.5279999999999632,3.187999999999988,0.16562107904641316,0.2841765339074075,2.2320000000000277,0.42799999999999727,0.9020000000000437,2.6599999999999993,0.6209230422973633,0.8272842168807983
manual_ground_truth_w0088_c14_i000,m3_improved_prediction_w0088_c14_i004,88,14,F7,440.0,442.86,441.68,442.424,2.86,0.744,0.7439999999999714,2.8600000000000136,0.26013986013984886,0.4128745837957666,1.6800000000000068,0.43600000000003547,0.6220000000000141,2.1159999999999997,0.7913252115249634,0.9459473490715027
manual_ground_truth_w0088_c14_i001,m3_improved_prediction_w0088_c14_i011,88,14,F7,445.652,448.84,447.856,448.416,3.1879999999999997,0.5600000000000005,0.5600000000000023,3.187999999999988,0.17565872020075418,0.29882604055496387,2.2040000000000077,0.42399999999997817,0.8899999999999864,2.6279999999999992,0.6931183934211731,0.93167644739151
manual_ground_truth_w0088_c15_i001,m3_improved_prediction_w0088_c15_i011,88,15,F8,445.652,448.84,447.44,448.392,3.1879999999999997,0.9519999999999991,0.9519999999999982,3.187999999999988,0.2986198243412803,0.4599033816425113,1.788000000000011,0.4479999999999791,0.6700000000000159,2.2360000000000007,0.802040159702301,0.9577313661575317
manual_ground_truth_w0088_c15_i000,m3_improved_prediction_w0088_c15_i003,88,15,F8,440.0,442.86,440.744,441.56,2.86,0.8160000000000001,0.8159999999999741,2.8600000000000136,0.2853146853146749,0.44396082698584005,0.7440000000000282,1.3000000000000114,0.27799999999996317,2.0439999999999996,0.7100358605384827,0.8689863681793213
manual_ground_truth_w0088_c28_i000,m3_improved_prediction_w0088_c28_i000,88,28,C3,440.0,442.86,440.472,440.592,2.86,0.12,0.12000000000000455,2.8600000000000136,0.04195804195804335,0.0805369127516809,0.47199999999998,2.268000000000029,0.8980000000000246,2.7399999999999998,0.4652872681617737,0.6088120341300964
manual_ground_truth_w0088_c28_i001,m3_improved_prediction_w0088_c28_i009,88,28,C3,445.652,448.84,448.304,448.336,3.1879999999999997,0.03200000000000003,0.03200000000003911,3.187999999999988,0.010037641154341038,0.019875776397539822,2.651999999999987,0.5039999999999623,1.0740000000000123,3.1559999999999997,0.3845020532608032,0.41311293840408325
manual_ground_truth_w0088_c29_i000,m3_improved_prediction_w0088_c29_i000,88,29,C4,440.0,442.86,440.94,441.144,2.86,0.20399999999999996,0.20400000000000773,2.8600000000000136,0.0713286713286737,0.13315926892950897,0.9399999999999977,1.7160000000000082,0.3879999999999768,2.6559999999999997,0.5458343625068665,0.6748789548873901
manual_ground_truth_w0088_c29_i001,m3_improved_prediction_w0088_c29_i004,88,29,C4,445.652,448.84,448.32,448.344,3.1879999999999997,0.023999999999999133,0.02400000000000091,3.187999999999988,0.0075282308657468626,0.014943960149440173,2.6680000000000064,0.4959999999999809,1.0860000000000127,3.1640000000000006,0.40598222613334656,0.4436870217323303
manual_ground_truth_w0088_c32_i001,m3_improved_prediction_w0088_c32_i002,88,32,T7,445.652,448.84,445.716,447.176,3.1879999999999997,1.46,1.4599999999999795,3.187999999999988,0.45796737766624374,0.628227194492246,0.06400000000002137,1.6639999999999873,0.7999999999999545,1.7279999999999998,0.7313553690910339,0.925561785697937
manual_ground_truth_w0088_c32_i000,m3_improved_prediction_w0088_c32_i000,88,32,T7,440.0,442.86,440.4,441.36,2.86,0.9600000000000001,0.9600000000000364,2.8600000000000136,0.3356643356643468,0.5026178010471395,0.39999999999997726,1.5,0.5500000000000114,1.9,0.7243791222572327,0.9430692195892334
manual_ground_truth_w0088_c33_i001,m3_improved_prediction_w0088_c33_i008,88,33,T8,445.652,448.84,445.876,447.184,3.1879999999999997,1.3079999999999998,1.3080000000000496,3.187999999999988,0.410288582183204,0.5818505338078513,0.22399999999998954,1.655999999999949,0.7160000000000082,1.88,0.8158479928970337,0.934593141078949
manual_ground_truth_w0088_c33_i000,m3_improved_prediction_w0088_c33_i003,88,33,T8,440.0,442.86,440.388,441.248,2.86,0.86,0.8600000000000136,2.8600000000000136,0.30069930069930406,0.4623655913978568,0.3879999999999768,1.6120000000000232,0.6120000000000232,2.0,0.7227753400802612,0.9350346326828003
manual_ground_truth_w0088_c43_i001,m3_improved_prediction_w0088_c43_i004,88,43,P3,445.652,448.84,447.796,447.944,3.1879999999999997,0.1479999999999997,0.14800000000002456,3.187999999999988,0.046424090338778264,0.08872901678658549,2.1440000000000055,0.8959999999999582,0.6240000000000236,3.04,0.5088202953338623,0.6413419246673584
manual_ground_truth_w0088_c43_i000,m3_improved_prediction_w0088_c43_i000,88,43,P3,440.0,442.86,442.256,442.32,2.86,0.06400000000000006,0.06400000000002137,2.8600000000000136,0.022377622377629743,0.04377564979481626,2.255999999999972,0.5400000000000205,0.8580000000000041,2.796,0.4935983121395111,0.5958997011184692
manual_ground_truth_w0088_c44_i001,m3_improved_prediction_w0088_c44_i008,88,44,P4,445.652,448.84,447.804,447.944,3.1879999999999997,0.13999999999999968,0.1400000000000432,3.187999999999988,0.04391468005020192,0.08413461538464136,2.151999999999987,0.8959999999999582,0.6280000000000427,3.048,0.4356008768081665,0.5399000644683838
manual_ground_truth_w0088_c44_i000,m3_improved_prediction_w0088_c44_i000,88,44,P4,440.0,442.86,442.236,442.348,2.86,0.11199999999999966,0.11200000000002319,2.8600000000000136,0.03916083916084708,0.07537012113056743,2.23599999999999,0.5120000000000005,0.8620000000000232,2.748,0.6870595812797546,0.8596177101135254
manual_ground_truth_w0088_c47_i001,m3_improved_prediction_w0088_c47_i007,88,47,P7,445.652,448.84,447.72,447.964,3.1879999999999997,0.24400000000000066,0.24399999999997135,3.187999999999988,0.07653701380174789,0.14219114219112547,2.0680000000000405,0.8759999999999764,0.5960000000000036,2.943999999999999,0.5536960959434509,0.7290670275688171
manual_ground_truth_w0088_c47_i000,m3_improved_prediction_w0088_c47_i000,88,47,P7,440.0,442.86,442.236,442.36,2.86,0.12399999999999967,0.12400000000002365,2.8600000000000136,0.04335664335665142,0.08310991957106144,2.23599999999999,0.5,0.867999999999995,2.736,0.6583892107009888,0.8706318736076355
manual_ground_truth_w0088_c48_i001,m3_improved_prediction_w0088_c48_i007,88,48,P8,445.652,448.84,447.452,448.464,3.1879999999999997,1.0120000000000005,1.0120000000000005,3.187999999999988,0.3174404015056475,0.4819047619047621,1.8000000000000114,0.37599999999997635,0.7119999999999891,2.1759999999999993,0.6639211177825928,0.9125807285308838
manual_ground_truth_w0088_c48_i000,m3_improved_prediction_w0088_c48_i001,88,48,P8,440.0,442.86,442.208,442.36,2.86,0.1519999999999997,0.1519999999999868,2.8600000000000136,0.053146853146848284,0.10092961487382925,2.208000000000027,0.5,0.853999999999985,2.708,0.7969734072685242,0.9595808982849121
manual_ground_truth_w0089_c01_i000,m3_improved_prediction_w0089_c01_i002,89,1,Fp1,445.652,448.84,447.216,448.46,3.1879999999999997,1.2439999999999998,1.2439999999999714,3.187999999999988,0.39021329987452197,0.5613718411552218,1.5640000000000214,0.37999999999999545,0.5919999999999845,1.944,0.8615614771842957,0.9748851656913757
manual_ground_truth_w0089_c01_i001,m3_improved_prediction_w0089_c01_i008,89,1,Fp1,451.68,454.676,451.636,452.14,2.9960000000000004,0.5039999999999996,0.45999999999997954,3.0399999999999636,0.1513157894736793,0.2628571428571312,0.04399999999998272,2.5360000000000014,1.2899999999999636,2.492000000000001,0.7723177671432495,0.9515014290809631
manual_ground_truth_w0089_c02_i000,m3_improved_prediction_w0089_c02_i004,89,2,Fp2,445.652,448.84,447.3,448.488,3.1879999999999997,1.1880000000000002,1.1879999999999882,3.187999999999988,0.3726474278544519,0.5429616087751318,1.6480000000000246,0.35199999999997544,0.6480000000000246,1.9999999999999996,0.8759869337081909,0.970992922782898
manual_ground_truth_w0089_c02_i001,m3_improved_prediction_w0089_c02_i012,89,2,Fp2,451.68,454.676,451.636,452.144,2.9960000000000004,0.508,0.46399999999999864,3.0399999999999636,0.1526315789473698,0.26484018264840103,0.04399999999998272,2.5319999999999823,1.288000000000011,2.4880000000000004,0.8335551023483276,0.9642986059188843
manual_ground_truth_w0089_c07_i000,m3_improved_prediction_w0089_c07_i001,89,7,Fz,445.652,448.84,447.516,448.428,3.1879999999999997,0.9119999999999999,0.9119999999999777,3.187999999999988,0.28607277289836297,0.444878048780477,1.8640000000000327,0.4119999999999777,0.7259999999999991,2.276,0.828444242477417,0.9428731799125671
manual_ground_truth_w0089_c07_i001,m3_improved_prediction_w0089_c07_i002,89,7,Fz,451.68,454.676,451.66,451.912,2.9960000000000004,0.2519999999999998,0.2319999999999709,3.0159999999999627,0.07692307692306823,0.14285714285712492,0.01999999999998181,2.76400000000001,1.391999999999996,2.7440000000000007,0.7510539293289185,0.9238007664680481
manual_ground_truth_w0089_c11_i000,m3_improved_prediction_w0089_c11_i001,89,11,F4,445.652,448.84,447.596,448.432,3.1879999999999997,0.8359999999999999,0.8360000000000127,3.187999999999988,0.2622333751568431,0.41550695825050343,1.9440000000000168,0.4079999999999586,0.7680000000000291,2.352,0.7917306423187256,0.9200065732002258
manual_ground_truth_w0089_c11_i001,m3_improved_prediction_w0089_c11_i002,89,11,F4,451.68,454.676,451.664,451.84,2.9960000000000004,0.17600000000000016,0.15999999999996817,3.0120000000000005,0.053120849933588364,0.10088272383352341,0.016000000000019554,2.8360000000000127,1.4260000000000446,2.8200000000000003,0.7695092558860779,0.9056687355041504
manual_ground_truth_w0089_c14_i000,m3_improved_prediction_w0089_c14_i003,89,14,F7,445.652,448.84,447.596,448.416,3.1879999999999997,0.8199999999999998,0.8199999999999932,3.187999999999988,0.25721455457967257,0.4091816367265436,1.9440000000000168,0.42399999999997817,0.7599999999999909,2.368,0.8038790225982666,0.9497053623199463
manual_ground_truth_w0089_c14_i001,m3_improved_prediction_w0089_c14_i004,89,14,F7,451.68,454.676,451.66,451.844,2.9960000000000004,0.18400000000000016,0.16399999999998727,3.0159999999999627,0.05437665782493014,0.10314465408804228,0.01999999999998181,2.8319999999999936,1.4259999999999877,2.8120000000000003,0.7941935062408447,0.9514859914779663
manual_ground_truth_w0089_c15_i000,m3_improved_prediction_w0089_c15_i002,89,15,F8,445.652,448.84,447.536,448.38,3.1879999999999997,0.8439999999999999,0.8439999999999941,3.187999999999988,0.26474278544541946,0.4186507936507907,1.8840000000000146,0.45999999999997954,0.7119999999999891,2.344,0.884138286113739,0.9741193056106567
manual_ground_truth_w0089_c15_i001,m3_improved_prediction_w0089_c15_i003,89,15,F8,451.68,454.676,451.692,451.84,2.9960000000000004,0.1479999999999997,0.1479999999999677,2.995999999999981,0.04939919893189875,0.09414758269718047,0.012000000000000455,2.8360000000000127,1.4120000000000346,2.8480000000000008,0.6613584160804749,0.8434923887252808
manual_ground_truth_w0089_c28_i000,m3_improved_prediction_w0089_c28_i000,89,28,C3,445.652,448.84,447.916,448.04,3.1879999999999997,0.12400000000000011,0.12400000000002365,3.187999999999988,0.038895859473031404,0.07487922705315438,2.26400000000001,0.7999999999999545,0.7320000000000277,3.0639999999999996,0.3888299763202667,0.43046608567237854
manual_ground_truth_w0089_c28_i001,m3_improved_prediction_w0089_c28_i002,89,28,C3,451.68,454.676,451.716,451.76,2.9960000000000004,0.043999999999999595,0.04399999999998272,2.995999999999981,0.01468624833110247,0.028947368421041262,0.036000000000001364,2.915999999999997,1.4399999999999977,2.952000000000001,0.4003128111362457,0.42713281512260437
manual_ground_truth_w0089_c29_i001,m3_improved_prediction_w0089_c29_i009,89,29,C4,451.68,454.676,452.096,452.312,2.9960000000000004,0.2160000000000002,0.21600000000000819,2.995999999999981,0.07209612817089772,0.13449564134496148,0.4159999999999968,2.363999999999976,0.9739999999999895,2.7800000000000002,0.4372447431087494,0.520209550857544
manual_ground_truth_w0089_c29_i000,m3_improved_prediction_w0089_c29_i004,89,29,C4,445.652,448.84,448.0,448.076,3.1879999999999997,0.07600000000000007,0.07600000000002183,3.187999999999988,0.023839397741537677,0.04656862745099377,2.348000000000013,0.7639999999999532,0.79200000000003,3.1119999999999997,0.3914414942264557,0.4247773587703705
manual_ground_truth_w0089_c32_i001,m3_improved_prediction_w0089_c32_i007,89,32,T7,451.68,454.676,452.024,453.388,2.9960000000000004,1.3639999999999999,1.363999999999976,2.995999999999981,0.4552736982643473,0.6256880733944843,0.3439999999999941,1.288000000000011,0.47199999999998,1.6320000000000006,0.7104555368423462,0.9306514263153076
manual_ground_truth_w0089_c32_i000,m3_improved_prediction_w0089_c32_i005,89,32,T7,445.652,448.84,447.324,448.436,3.1879999999999997,1.112,1.1119999999999663,3.187999999999988,0.3488080301129142,0.5172093023255657,1.6720000000000255,0.40399999999999636,0.6340000000000146,2.0759999999999996,0.8581401109695435,0.9527593851089478
manual_ground_truth_w0089_c33_i000,m3_improved_prediction_w0089_c33_i000,89,33,T8,445.652,448.84,445.688,448.464,3.1879999999999997,2.776,2.7760000000000105,3.187999999999988,0.8707653701380241,0.9309188464118078,0.036000000000001364,0.37599999999997635,0.16999999999995907,0.4119999999999999,0.8248282074928284,0.9686678051948547
manual_ground_truth_w0089_c33_i001,m3_improved_prediction_w0089_c33_i001,89,33,T8,451.68,454.676,451.66,453.348,2.9960000000000004,1.6880000000000006,1.6680000000000064,3.0159999999999627,0.553050397877993,0.7122117847993193,0.01999999999998181,1.3279999999999745,0.6739999999999782,1.3079999999999998,0.6949517130851746,0.9310762882232666
manual_ground_truth_w0089_c43_i000,m3_improved_prediction_w0089_c43_i001,89,43,P3,445.652,448.84,448.372,448.456,3.1879999999999997,0.08400000000000007,0.08400000000000318,3.187999999999988,0.02634880803011402,0.05134474327628557,2.7200000000000273,0.3839999999999577,1.1680000000000064,3.1039999999999996,0.4804891347885132,0.5995399355888367
manual_ground_truth_w0089_c44_i000,m3_improved_prediction_w0089_c44_i003,89,44,P4,445.652,448.84,448.268,448.492,3.1879999999999997,0.2240000000000002,0.22400000000004638,3.187999999999988,0.07026348808031593,0.131301289566264,2.6159999999999854,0.34799999999995634,1.1340000000000146,2.9639999999999995,0.7286816835403442,0.9007513523101807
manual_ground_truth_w0089_c44_i001,m3_improved_prediction_w0089_c44_i004,89,44,P4,451.68,454.676,454.304,454.312,2.9960000000000004,0.007999999999999119,0.008000000000038199,2.995999999999981,0.002670226969305157,0.005326231691103995,2.623999999999967,0.3639999999999759,1.1299999999999955,2.9880000000000013,0.3749963641166687,0.38034412264823914
manual_ground_truth_w0089_c47_i000,m3_improved_prediction_w0089_c47_i000,89,47,P7,445.652,448.84,446.896,446.976,3.1879999999999997,0.08000000000000007,0.07999999999998408,3.187999999999988,0.025094102885816934,0.048959608323123675,1.2440000000000282,1.863999999999976,0.30999999999994543,3.1079999999999997,0.4354568123817444,0.514481246471405
manual_ground_truth_w0089_c47_i001,m3_improved_prediction_w0089_c47_i008,89,47,P7,451.68,454.676,454.336,454.364,2.9960000000000004,0.02800000000000047,0.027999999999963165,2.995999999999981,0.009345794392511129,0.01851851851849415,2.656000000000006,0.3120000000000118,1.1720000000000255,2.968,0.40146976709365845,0.43500572443008423
manual_ground_truth_w0089_c48_i000,m3_improved_prediction_w0089_c48_i006,89,48,P8,445.652,448.84,448.136,448.544,3.1879999999999997,0.4079999999999999,0.4079999999999586,3.187999999999988,0.12797992471767883,0.22691879866516054,2.4840000000000373,0.29599999999999227,1.094000000000051,2.78,0.736427366733551,0.9484133720397949
manual_ground_truth_w0089_c48_i001,m3_improved_prediction_w0089_c48_i008,89,48,P8,451.68,454.676,454.308,454.428,2.9960000000000004,0.120000000000001,0.12000000000000455,2.995999999999981,0.04005340453938762,0.07702182284981032,2.627999999999986,0.24799999999999045,1.1899999999999977,2.8759999999999994,0.5078538060188293,0.6415787935256958
manual_ground_truth_w0090_c01_i001,m3_improved_prediction_w0090_c01_i017,90,1,Fp1,457.804,460.0,459.324,459.9,2.1959999999999997,0.5760000000000005,0.575999999999965,2.1960000000000264,0.26229508196719403,0.4155844155843903,1.5200000000000387,0.10000000000002274,0.7099999999999795,1.6199999999999992,0.7893620133399963,0.9353338479995728
manual_ground_truth_w0090_c01_i000,m3_improved_prediction_w0090_c01_i003,90,1,Fp1,451.68,454.676,451.648,452.016,2.9960000000000004,0.3680000000000001,0.33600000000001273,3.027999999999963,0.11096433289300424,0.19976218787158898,0.031999999999982265,2.659999999999968,1.3460000000000036,2.628,0.8097072839736938,0.9466532468795776
manual_ground_truth_w0090_c02_i001,m3_improved_prediction_w0090_c02_i022,90,2,Fp2,457.804,460.0,459.36,459.896,2.1959999999999997,0.5360000000000014,0.5360000000000014,2.1960000000000264,0.24408014571948766,0.39238653001464213,1.55600000000004,0.103999999999985,0.7260000000000559,1.6599999999999984,0.7885404825210571,0.933513343334198
manual_ground_truth_w0090_c02_i000,m3_improved_prediction_w0090_c02_i003,90,2,Fp2,451.68,454.676,451.644,452.156,2.9960000000000004,0.5120000000000002,0.4759999999999991,3.0319999999999823,0.1569920844327183,0.2713797035347771,0.036000000000001364,2.519999999999982,1.27800000000002,2.484,0.7645944356918335,0.9596466422080994
manual_ground_truth_w0090_c07_i000,m3_improved_prediction_w0090_c07_i001,90,7,Fz,451.68,454.676,451.664,451.892,2.9960000000000004,0.22799999999999998,0.21199999999998909,3.0120000000000005,0.07038512616201496,0.13151364764267312,0.016000000000019554,2.783999999999992,1.3999999999999773,2.7680000000000007,0.7584807872772217,0.9420347213745117
manual_ground_truth_w0090_c07_i001,m3_improved_prediction_w0090_c07_i004,90,7,Fz,457.804,460.0,459.828,459.84,2.1959999999999997,0.012000000000000455,0.012000000000000455,2.1960000000000264,0.005464480874317081,0.010869565217391715,2.024000000000001,0.160000000000025,0.9319999999999595,2.1839999999999993,0.37531647086143494,0.40246933698654175
manual_ground_truth_w0090_c11_i000,m3_improved_prediction_w0090_c11_i001,90,11,F4,451.68,454.676,451.68,451.832,2.9960000000000004,0.15200000000000014,0.1519999999999868,2.995999999999981,0.05073431241655133,0.09656925031765361,0.0,2.843999999999994,1.4220000000000255,2.8440000000000003,0.7446112036705017,0.8840677738189697
manual_ground_truth_w0090_c14_i000,m3_improved_prediction_w0090_c14_i000,90,14,F7,451.68,454.676,451.684,451.824,2.9960000000000004,0.14000000000000012,0.13999999999998636,2.995999999999981,0.04672897196261257,0.08928571428570557,0.004000000000019099,2.8519999999999754,1.4239999999999782,2.8560000000000003,0.7799205183982849,0.9411845207214355
manual_ground_truth_w0090_c15_i000,m3_improved_prediction_w0090_c15_i000,90,15,F8,451.68,454.676,451.7,451.808,2.9960000000000004,0.1080000000000001,0.10800000000000409,2.995999999999981,0.03604806408544886,0.069587628865982,0.01999999999998181,2.867999999999995,1.4239999999999782,2.8880000000000003,0.6428393125534058,0.820946216583252
manual_ground_truth_w0090_c29_i000,m3_improved_prediction_w0090_c29_i001,90,29,C4,451.68,454.676,452.008,452.036,2.9960000000000004,0.028000000000000025,0.02800000000002001,2.995999999999981,0.009345794392530103,0.01851851851853175,0.32799999999997453,2.6399999999999864,1.156000000000006,2.9680000000000004,0.3846491277217865,0.414141982793808
manual_ground_truth_w0090_c32_i001,m3_improved_prediction_w0090_c32_i018,90,32,T7,457.804,460.0,459.112,459.348,2.1959999999999997,0.23600000000000065,0.23599999999999,2.1960000000000264,0.10746812386156064,0.1940789473684128,1.3080000000000496,0.6519999999999868,0.3280000000000314,1.959999999999999,0.5657164454460144,0.7655733823776245
manual_ground_truth_w0090_c32_i000,m3_improved_prediction_w0090_c32_i000,90,32,T7,451.68,454.676,451.692,451.944,2.9960000000000004,0.252,0.25200000000000955,2.995999999999981,0.08411214953271401,0.1551724137931093,0.012000000000000455,2.731999999999971,1.3600000000000136,2.7440000000000007,0.7238481044769287,0.8800968527793884
manual_ground_truth_w0090_c33_i001,m3_improved_prediction_w0090_c33_i006,90,33,T8,457.804,460.0,457.856,458.084,2.1959999999999997,0.22799999999999976,0.22800000000000864,2.1960000000000264,0.10382513661202454,0.18811881188119528,0.05200000000002092,1.9159999999999968,0.9319999999999595,1.968,0.444235622882843,0.5908223390579224
manual_ground_truth_w0090_c33_i000,m3_improved_prediction_w0090_c33_i000,90,33,T8,451.68,454.676,451.68,451.964,2.9960000000000004,0.28400000000000003,0.2839999999999918,2.995999999999981,0.09479305740987772,0.17317073170731206,0.0,2.711999999999989,1.3559999999999945,2.7120000000000006,0.7142265439033508,0.8625410199165344
manual_ground_truth_w0090_c42_i001,m3_improved_prediction_w0090_c42_i000,90,42,Pz,457.804,460.0,458.128,458.16,2.1959999999999997,0.03200000000000003,0.03200000000003911,2.1960000000000264,0.01457194899819614,0.028725314183158986,0.3240000000000123,1.839999999999975,0.7579999999999814,2.1639999999999997,0.4216020703315735,0.4561496376991272
manual_ground_truth_w0090_c43_i001,m3_improved_prediction_w0090_c43_i000,90,43,P3,457.804,460.0,458.08,458.188,2.1959999999999997,0.10800000000000054,0.10800000000000409,2.1960000000000264,0.049180327868853735,0.09375000000000354,0.27600000000001046,1.8120000000000118,0.7679999999999723,2.087999999999999,0.7164928913116455,0.8923652172088623
manual_ground_truth_w0090_c44_i001,m3_improved_prediction_w0090_c44_i007,90,44,P4,457.804,460.0,458.076,458.188,2.1959999999999997,0.1120000000000001,0.11199999999996635,2.1960000000000264,0.05100182149360884,0.09705372616981486,0.2720000000000482,1.8120000000000118,0.7699999999999818,2.0839999999999996,0.7038046717643738,0.8470134139060974
manual_ground_truth_w0090_c44_i000,m3_improved_prediction_w0090_c44_i001,90,44,P4,451.68,454.676,452.484,452.572,2.9960000000000004,0.08800000000000008,0.08800000000002228,2.995999999999981,0.029372496662223913,0.057068741893659056,0.8039999999999736,2.103999999999985,0.6499999999999773,2.9080000000000004,0.43134066462516785,0.4960949122905731
manual_ground_truth_w0090_c47_i001,m3_improved_prediction_w0090_c47_i000,90,47,P7,457.804,460.0,458.084,458.164,2.1959999999999997,0.08000000000000007,0.07999999999998408,2.1960000000000264,0.03642987249543858,0.07029876977151502,0.28000000000002956,1.8360000000000127,0.7779999999999632,2.1159999999999997,0.578384280204773,0.676103949546814
manual_ground_truth_w0090_c48_i001,m3_improved_prediction_w0090_c48_i001,90,48,P8,457.804,460.0,458.1,458.156,2.1959999999999997,0.05600000000000094,0.055999999999983174,2.1960000000000264,0.02550091074680442,0.04973357015984295,0.2960000000000491,1.843999999999994,0.7739999999999441,2.139999999999999,0.48236367106437683,0.5383272171020508
manual_ground_truth_w0091_c01_i001,m3_improved_prediction_w0091_c01_i010,91,1,Fp1,463.304,465.0,463.8,464.824,1.6959999999999997,1.0239999999999991,1.024000000000001,1.6960000000000264,0.6037735849056515,0.7529411764705892,0.49600000000003774,0.17599999999998772,0.160000000000025,0.6720000000000006,0.633080244064331,0.8090471029281616
manual_ground_truth_w0091_c01_i000,m3_improved_prediction_w0091_c01_i006,91,1,Fp1,457.804,460.896,459.432,460.356,3.092,0.9239999999999995,0.9239999999999782,3.0920000000000414,0.2988357050452671,0.46015936254978995,1.6280000000000427,0.5400000000000205,0.5439999999999827,2.1680000000000006,0.8329461216926575,0.9463609457015991
manual_ground_truth_w0091_c02_i001,m3_improved_prediction_w0091_c02_i008,91,2,Fp2,463.304,465.0,463.788,464.324,1.6959999999999997,0.5359999999999996,0.5360000000000014,1.6960000000000264,0.3160377358490525,0.48028673835125585,0.4840000000000373,0.6759999999999877,0.0959999999999468,1.1600000000000001,0.6825865507125854,0.8403419852256775
manual_ground_truth_w0091_c02_i000,m3_improved_prediction_w0091_c02_i004,91,2,Fp2,457.804,460.896,459.436,460.36,3.092,0.9240000000000004,0.924000000000035,3.0920000000000414,0.29883570504528545,0.4601593625498182,1.632000000000005,0.5360000000000014,0.5480000000000018,2.1679999999999997,0.811819851398468,0.9277417063713074
manual_ground_truth_w0091_c07_i001,m3_improved_prediction_w0091_c07_i001,91,7,Fz,463.304,465.0,463.8,463.844,1.6959999999999997,0.04399999999999871,0.04399999999998272,1.6960000000000264,0.025943396226404503,0.05057471264365834,0.49600000000003774,1.156000000000006,0.3299999999999841,1.652000000000001,0.40931975841522217,0.4603598415851593
manual_ground_truth_w0091_c07_i000,m3_improved_prediction_w0091_c07_i000,91,7,Fz,457.804,460.896,460.056,460.104,3.092,0.04800000000000004,0.04800000000000182,3.0920000000000414,0.015523932729625219,0.03057324840764447,2.2520000000000095,0.79200000000003,0.7299999999999613,3.044,0.3892935812473297,0.40341246128082275
manual_ground_truth_w0091_c11_i001,m3_improved_prediction_w0091_c11_i002,91,11,F4,463.304,465.0,463.796,463.848,1.6959999999999997,0.05200000000000138,0.05200000000002092,1.6960000000000264,0.030660377358502425,0.05949656750574472,0.49200000000001864,1.1519999999999868,0.3299999999999841,1.6439999999999984,0.4357690215110779,0.5136523246765137
manual_ground_truth_w0091_c14_i001,m3_improved_prediction_w0091_c14_i004,91,14,F7,463.304,465.0,464.348,464.724,1.6959999999999997,0.37599999999999945,0.37599999999997635,1.6960000000000264,0.22169811320752977,0.3629343629343402,1.0440000000000396,0.27600000000001046,0.38400000000001455,1.3200000000000003,0.5477392077445984,0.7627817392349243
manual_ground_truth_w0091_c15_i001,m3_improved_prediction_w0091_c15_i012,91,15,F8,463.304,465.0,464.416,464.73199999999997,1.6959999999999997,0.31599999999999895,0.3159999999999741,1.6960000000000264,0.18632075471696294,0.31411530815106786,1.1120000000000232,0.2680000000000291,0.4219999999999686,1.3800000000000008,0.5861274600028992,0.7849072217941284
manual_ground_truth_w0091_c15_i000,m3_improved_prediction_w0091_c15_i003,91,15,F8,457.804,460.896,459.924,459.96,3.092,0.03599999999999959,0.036000000000001364,3.0920000000000414,0.011642949547218914,0.023017902813300108,2.1200000000000045,0.9360000000000355,0.5919999999999845,3.0560000000000005,0.4161818027496338,0.46865522861480713
manual_ground_truth_w0091_c29_i001,m3_improved_prediction_w0091_c29_i000,91,29,C4,463.304,465.0,464.008,464.092,1.6959999999999997,0.0840000000000014,0.08400000000000318,1.6960000000000264,0.04952830188679356,0.09438202247191363,0.7040000000000077,0.9080000000000155,0.10200000000003229,1.6119999999999983,0.5141529440879822,0.5917500257492065
manual_ground_truth_w0091_c32_i001,m3_improved_prediction_w0091_c32_i006,91,32,T7,463.304,465.0,463.704,464.992,1.6959999999999997,1.2880000000000003,1.288000000000011,1.6960000000000264,0.7594339622641456,0.8632707774799001,0.4000000000000341,0.007999999999981355,0.19600000000002638,0.4079999999999995,0.8063231110572815,0.9690549969673157
manual_ground_truth_w0091_c32_i000,m3_improved_prediction_w0091_c32_i005,91,32,T7,457.804,460.896,458.864,460.52,3.092,1.6559999999999997,1.656000000000006,3.0920000000000414,0.5355756791720516,0.6975568660488652,1.0600000000000023,0.3760000000000332,0.34199999999998454,1.4360000000000004,0.775596559047699,0.939568042755127
manual_ground_truth_w0091_c33_i000,m3_improved_prediction_w0091_c33_i003,91,33,T8,457.804,460.896,458.36,460.476,3.092,2.116,2.1159999999999854,3.0920000000000414,0.6843467011642811,0.8125960061443877,0.55600000000004,0.4200000000000159,0.06799999999998363,0.976,0.8285583257675171,0.9359316825866699
manual_ground_truth_w0091_c33_i001,m3_improved_prediction_w0091_c33_i009,91,33,T8,463.304,465.0,463.64,464.536,1.6959999999999997,0.895999999999999,0.896000000000015,1.6960000000000264,0.5283018867924535,0.69135802469137,0.33600000000001273,0.46399999999999864,0.06400000000002137,0.8000000000000007,0.7655202150344849,0.9745591878890991
manual_ground_truth_w0091_c43_i000,m3_improved_prediction_w0091_c43_i001,91,43,P3,457.804,460.896,458.752,458.888,3.092,0.13600000000000012,0.13599999999996726,3.0920000000000414,0.0439844760672592,0.08426270136305282,0.9480000000000359,2.008000000000038,0.5300000000000296,2.956,0.4657789170742035,0.5838998556137085
manual_ground_truth_w0091_c44_i000,m3_improved_prediction_w0091_c44_i000,91,44,P4,457.804,460.896,458.088,458.192,3.092,0.10400000000000009,0.103999999999985,3.0920000000000414,0.03363518758084851,0.06508135168960262,0.28400000000004866,2.7040000000000077,1.2100000000000364,2.988,0.4965047538280487,0.6158465147018433
manual_ground_truth_w0091_c47_i000,m3_improved_prediction_w0091_c47_i000,91,47,P7,457.804,460.896,458.732,458.888,3.092,0.1559999999999997,0.15599999999994907,3.0920000000000414,0.05045278137126358,0.09605911330046125,0.9280000000000541,2.008000000000038,0.5400000000000205,2.9360000000000004,0.48874029517173767,0.6052365303039551
manual_ground_truth_w0091_c48_i000,m3_improved_prediction_w0091_c48_i007,91,48,P8,457.804,460.896,460.232,460.496,3.092,0.26400000000000023,0.26399999999995316,3.0920000000000414,0.08538163001292032,0.1573301549463368,2.428000000000054,0.4000000000000341,1.01400000000001,2.828,0.6398364901542664,0.9059436917304993
manual_ground_truth_w0091_c48_i001,m3_improved_prediction_w0091_c48_i008,91,48,P8,463.304,465.0,463.948,463.98,1.6959999999999997,0.03200000000000003,0.03200000000003911,1.6960000000000264,0.018867924528324653,0.037037037037082304,0.6440000000000055,1.0199999999999818,0.18799999999998818,1.6639999999999997,0.3881629407405853,0.41206446290016174
manual_ground_truth_w0092_c01_i002,m3_improved_prediction_w0092_c01_i027,92,1,Fp1,469.624,470.0,469.64,469.848,0.37599999999999945,0.20800000000000018,0.20800000000002683,0.37599999999997635,0.5531914893618083,0.71232876712338,0.01599999999996271,0.1519999999999868,0.06799999999998363,0.16799999999999926,0.5321130156517029,0.67641282081604
manual_ground_truth_w0092_c01_i000,m3_improved_prediction_w0092_c01_i004,92,1,Fp1,460.0,460.896,460.6,460.936,0.896,0.3360000000000001,0.29599999999999227,0.9359999999999786,0.3162393162393152,0.4805194805194679,0.6000000000000227,0.03999999999996362,0.32000000000005,0.5599999999999999,0.8194781541824341,0.9257957935333252
manual_ground_truth_w0092_c01_i001,m3_improved_prediction_w0092_c01_i017,92,1,Fp1,463.304,467.168,466.348,466.744,3.8640000000000003,0.3959999999999999,0.396000000000015,3.8640000000000327,0.10248447204969245,0.18591549295775353,3.0440000000000396,0.42399999999997817,1.3100000000000591,3.4680000000000004,0.6568151712417603,0.8701614737510681
manual_ground_truth_w0092_c02_i002,m3_improved_prediction_w0092_c02_i021,92,2,Fp2,469.624,470.0,469.624,469.844,0.37599999999999945,0.21999999999999886,0.21999999999997044,0.37599999999997635,0.5851063829786816,0.7382550335569499,0.0,0.1560000000000059,0.07799999999997453,0.15600000000000058,0.5871713757514954,0.7185271382331848
manual_ground_truth_w0092_c02_i000,m3_improved_prediction_w0092_c02_i001,92,2,Fp2,460.0,460.896,460.604,460.932,0.896,0.32800000000000007,0.29200000000003,0.9320000000000164,0.3133047210300696,0.47712418300658493,0.603999999999985,0.036000000000001364,0.32000000000005,0.568,0.8271000385284424,0.9401662349700928
manual_ground_truth_w0092_c02_i001,m3_improved_prediction_w0092_c02_i014,92,2,Fp2,463.304,467.168,466.352,466.848,3.8640000000000003,0.49599999999999955,0.49600000000003774,3.8640000000000327,0.12836438923396312,0.22752293577983385,3.048000000000002,0.3199999999999932,1.3640000000000327,3.3680000000000008,0.6692607402801514,0.8674890398979187
manual_ground_truth_w0092_c07_i001,m3_improved_prediction_w0092_c07_i003,92,7,Fz,463.304,467.168,466.42,466.464,3.8640000000000003,0.04400000000000048,0.04399999999998272,3.8640000000000327,0.011387163561072037,0.022517911975426158,3.1160000000000423,0.7040000000000077,1.2060000000000173,3.82,0.4378669559955597,0.5060306787490845
manual_ground_truth_w0092_c07_i000,m3_improved_prediction_w0092_c07_i000,92,7,Fz,460.0,460.896,460.696,460.704,0.896,0.008000000000000007,0.007999999999981355,0.896000000000015,0.008928571428550471,0.01769911504420654,0.6960000000000264,0.19200000000000728,0.2520000000000664,0.888,0.36352598667144775,0.37325993180274963
manual_ground_truth_w0092_c11_i000,m3_improved_prediction_w0092_c11_i000,92,11,F4,460.0,460.896,460.684,460.752,0.896,0.06799999999999995,0.06799999999998363,0.896000000000015,0.0758928571428376,0.1410788381742399,0.6840000000000259,0.14400000000000546,0.27000000000003865,0.8280000000000001,0.4353445768356323,0.5421728491783142
manual_ground_truth_w0092_c11_i002,m3_improved_prediction_w0092_c11_i008,92,11,F4,469.624,470.0,469.82,469.844,0.37599999999999945,0.023999999999999133,0.02400000000000091,0.37599999999997635,0.06382978723404899,0.12000000000000498,0.19599999999996953,0.1560000000000059,0.01999999999998181,0.3520000000000003,0.42414477467536926,0.48154953122138977
manual_ground_truth_w0092_c11_i001,m3_improved_prediction_w0092_c11_i003,92,11,F4,463.304,467.168,463.74,463.764,3.8640000000000003,0.023999999999999577,0.02400000000000091,3.8640000000000327,0.006211180124223785,0.012345679012346147,0.43600000000003547,3.4039999999999964,1.4839999999999804,3.8400000000000007,0.43059873580932617,0.48878777027130127
manual_ground_truth_w0092_c14_i001,m3_improved_prediction_w0092_c14_i006,92,14,F7,463.304,467.168,466.252,466.58,3.8640000000000003,0.3280000000000003,0.32799999999997453,3.8640000000000327,0.08488612836438192,0.15648854961830846,2.948000000000036,0.5880000000000223,1.1800000000000068,3.536,0.6443812847137451,0.8855416178703308
manual_ground_truth_w0092_c14_i000,m3_improved_prediction_w0092_c14_i002,92,14,F7,460.0,460.896,460.3,460.352,0.896,0.05199999999999999,0.051999999999964075,0.896000000000015,0.058035714285673216,0.10970464135013519,0.30000000000001137,0.5440000000000396,0.12199999999995725,0.8440000000000001,0.483274906873703,0.5796759724617004
manual_ground_truth_w0092_c15_i000,m3_improved_prediction_w0092_c15_i002,92,15,F8,460.0,460.896,460.612,460.752,0.896,0.14,0.13999999999998636,0.896000000000015,0.15624999999998215,0.2702702702702439,0.6120000000000232,0.14400000000000546,0.2340000000000373,0.756,0.5435509085655212,0.6877530813217163
manual_ground_truth_w0092_c15_i001,m3_improved_prediction_w0092_c15_i010,92,15,F8,463.304,467.168,466.232,466.56,3.8640000000000003,0.3279999999999994,0.32799999999997453,3.8640000000000327,0.08488612836438192,0.15648854961830846,2.928000000000054,0.6080000000000041,1.160000000000025,3.536000000000001,0.7530796527862549,0.9143412113189697
manual_ground_truth_w0092_c15_i002,m3_improved_prediction_w0092_c15_i011,92,15,F8,469.624,470.0,469.928,469.932,0.37599999999999945,0.0039999999999995595,0.004000000000019099,0.37599999999997635,0.010638297872391891,0.021052631579047947,0.3039999999999736,0.06799999999998363,0.117999999999995,0.3719999999999999,0.3600345551967621,0.3600345551967621
manual_ground_truth_w0092_c28_i001,m3_improved_prediction_w0092_c28_i000,92,28,C3,463.304,467.168,466.308,466.312,3.8640000000000003,0.004000000000000448,0.004000000000019099,3.8640000000000327,0.0010351966873755345,0.0020682523267937427,3.004000000000019,0.8559999999999945,1.0740000000000123,3.86,0.35556188225746155,0.35556188225746155
manual_ground_truth_w0092_c29_i002,m3_improved_prediction_w0092_c29_i002,92,29,C4,469.624,470.0,469.928,469.952,0.37599999999999945,0.023999999999999133,0.02400000000000091,0.37599999999997635,0.06382978723404899,0.12000000000000498,0.3039999999999736,0.04800000000000182,0.1279999999999859,0.3520000000000003,0.37257155776023865,0.38286614418029785
manual_ground_truth_w0092_c29_i001,m3_improved_prediction_w0092_c29_i000,92,29,C4,463.304,467.168,466.308,466.344,3.8640000000000003,0.036000000000000476,0.036000000000001364,3.8640000000000327,0.009316770186335678,0.018461538461539157,3.004000000000019,0.8240000000000123,1.0900000000000318,3.828,0.4061075448989868,0.4633907973766327
manual_ground_truth_w0092_c32_i000,m3_improved_prediction_w0092_c32_i000,92,32,T7,460.0,460.896,460.008,460.46,0.896,0.452,0.4519999999999982,0.896000000000015,0.5044642857142753,0.6706231454005908,0.007999999999981355,0.43600000000003547,0.21399999999999864,0.444,0.6427494287490845,0.8948975205421448
manual_ground_truth_w0092_c32_i002,m3_improved_prediction_w0092_c32_i013,92,32,T7,469.624,470.0,469.92,469.988,0.37599999999999945,0.06799999999999962,0.06799999999998363,0.37599999999997635,0.18085106382975508,0.30630630630623323,0.29599999999999227,0.012000000000000455,0.1419999999999959,0.30799999999999983,0.5601906776428223,0.6635721325874329
manual_ground_truth_w0092_c32_i001,m3_improved_prediction_w0092_c32_i011,92,32,T7,463.304,467.168,466.228,466.58,3.8640000000000003,0.3520000000000003,0.35199999999997544,3.8640000000000327,0.09109730848860571,0.16698292220112682,2.924000000000035,0.5880000000000223,1.1680000000000064,3.512,0.6444762945175171,0.8490164875984192
manual_ground_truth_w0092_c33_i000,m3_improved_prediction_w0092_c33_i000,92,33,T8,460.0,460.896,460.016,460.472,0.896,0.45599999999999996,0.45599999999996044,0.896000000000015,0.5089285714285188,0.674556213017693,0.016000000000019554,0.424000000000035,0.2039999999999509,0.44000000000000006,0.6929563283920288,0.9276132583618164
manual_ground_truth_w0092_c33_i001,m3_improved_prediction_w0092_c33_i014,92,33,T8,463.304,467.168,466.224,466.572,3.8640000000000003,0.34799999999999986,0.3480000000000132,3.8640000000000327,0.09006211180124489,0.1652421652421715,2.920000000000016,0.5960000000000036,1.1620000000000346,3.5160000000000005,0.6539329886436462,0.8849953413009644
manual_ground_truth_w0092_c43_i001,m3_improved_prediction_w0092_c43_i001,92,43,P3,463.304,467.168,466.26,466.368,3.8640000000000003,0.10800000000000054,0.10800000000000409,3.8640000000000327,0.027950310559007034,0.05438066465257003,2.9560000000000173,0.8000000000000114,1.0779999999999745,3.756,0.5364276170730591,0.6388698220252991
manual_ground_truth_w0092_c43_i000,m3_improved_prediction_w0092_c43_i000,92,43,P3,460.0,460.896,460.036,460.044,0.896,0.008,0.007999999999981355,0.896000000000015,0.008928571428550471,0.01769911504420654,0.036000000000001364,0.8520000000000323,0.40800000000001546,0.888,0.36965736746788025,0.37918391823768616
manual_ground_truth_w0092_c44_i000,m3_improved_prediction_w0092_c44_i001,92,44,P4,460.0,460.896,460.3,460.328,0.896,0.028000000000000025,0.027999999999963165,0.896000000000015,0.031249999999958367,0.06060606060598087,0.30000000000001137,0.5680000000000405,0.13400000000001455,0.868,0.41310742497444153,0.45525220036506653
manual_ground_truth_w0092_c44_i001,m3_improved_prediction_w0092_c44_i006,92,44,P4,463.304,467.168,466.26,466.368,3.8640000000000003,0.10800000000000054,0.10800000000000409,3.8640000000000327,0.027950310559007034,0.05438066465257003,2.9560000000000173,0.8000000000000114,1.0779999999999745,3.756,0.5022215843200684,0.5758548378944397
manual_ground_truth_w0092_c47_i000,m3_improved_prediction_w0092_c47_i001,92,47,P7,460.0,460.896,460.18,460.324,0.896,0.14400000000000002,0.14400000000000546,0.896000000000015,0.1607142857142891,0.27692307692308743,0.18000000000000682,0.5720000000000027,0.19599999999996953,0.752,0.5059244632720947,0.6965764164924622
manual_ground_truth_w0092_c47_i001,m3_improved_prediction_w0092_c47_i003,92,47,P7,463.304,467.168,466.252,466.396,3.8640000000000003,0.14400000000000013,0.14400000000000546,3.8640000000000327,0.03726708074534271,0.0718562874251524,2.948000000000036,0.7719999999999914,1.0880000000000223,3.72,0.5369340181350708,0.7539795637130737
manual_ground_truth_w0092_c48_i000,m3_improved_prediction_w0092_c48_i003,92,48,P8,460.0,460.896,460.232,460.484,0.896,0.252,0.2519999999999527,0.896000000000015,0.2812499999999425,0.43902439024382,0.23200000000002774,0.41200000000003456,0.08999999999997499,0.644,0.6214728355407715,0.8622900247573853
manual_ground_truth_w0092_c48_i001,m3_improved_prediction_w0092_c48_i004,92,48,P8,463.304,467.168,463.832,463.972,3.8640000000000003,0.14000000000000012,0.13999999999998636,3.8640000000000327,0.03623188405796718,0.06993006993006311,0.52800000000002,3.1960000000000264,1.3340000000000032,3.724,0.405160129070282,0.4826935827732086
manual_ground_truth_w0092_c57_i000,m3_improved_prediction_w0092_c57_i000,92,57,O1,460.0,460.896,460.28,460.296,0.896,0.01599999999999996,0.016000000000019554,0.896000000000015,0.01785714285716438,0.0350877192982885,0.2799999999999727,0.6000000000000227,0.15999999999996817,0.8800000000000001,0.3609253168106079,0.3694359064102173
manual_ground_truth_w0092_c58_i000,m3_improved_prediction_w0092_c58_i000,92,58,O2,460.0,460.896,460.204,460.34,0.896,0.13600000000000004,0.13599999999996726,0.896000000000015,0.1517857142856752,0.26356589147280474,0.20400000000000773,0.55600000000004,0.17599999999998772,0.76,0.43986576795578003,0.6004797220230103
manual_ground_truth_w0093_c01_i000,m3_improved_prediction_w0093_c01_i000,93,1,Fp1,465.0,467.168,466.236,466.848,2.168,0.6120000000000001,0.6120000000000232,2.1680000000000064,0.28228782287823867,0.4402877697841893,1.23599999999999,0.3199999999999932,0.45800000000002683,1.556,0.7238510251045227,0.9212007522583008
manual_ground_truth_w0093_c01_i001,m3_improved_prediction_w0093_c01_i015,93,1,Fp1,469.624,472.904,471.548,472.248,3.2800000000000002,0.7000000000000002,0.6999999999999886,3.2799999999999727,0.21341463414633977,0.3517587939698435,1.9239999999999782,0.6560000000000059,0.6340000000000146,2.58,0.6256977915763855,0.8404842615127563
manual_ground_truth_w0093_c02_i000,m3_improved_prediction_w0093_c02_i000,93,2,Fp2,465.0,467.168,466.224,466.936,2.168,0.712,0.7119999999999891,2.1680000000000064,0.3284132841328353,0.49444444444443686,1.2239999999999895,0.23200000000002774,0.4959999999999809,1.4560000000000002,0.7498308420181274,0.9216897487640381
manual_ground_truth_w0093_c02_i001,m3_improved_prediction_w0093_c02_i013,93,2,Fp2,469.624,472.904,471.54,472.284,3.2800000000000002,0.7439999999999998,0.7439999999999714,3.2799999999999727,0.22682926829267608,0.3697813121272223,1.9159999999999968,0.6200000000000045,0.6480000000000246,2.5360000000000005,0.6513557434082031,0.8631253242492676
manual_ground_truth_w0093_c07_i000,m3_improved_prediction_w0093_c07_i000,93,7,Fz,465.0,467.168,466.292,466.472,2.168,0.17999999999999994,0.18000000000000682,2.1680000000000064,0.08302583025830548,0.15332197614992063,1.2919999999999732,0.6960000000000264,0.297999999999945,1.9880000000000002,0.5844329595565796,0.7223771810531616
manual_ground_truth_w0093_c07_i001,m3_improved_prediction_w0093_c07_i003,93,7,Fz,469.624,472.904,470.06,470.256,3.2800000000000002,0.19600000000000062,0.19599999999996953,3.2799999999999727,0.059756097560966816,0.11277330264670281,0.4359999999999786,2.6480000000000246,1.1059999999999945,3.0839999999999996,0.5952527523040771,0.7620157599449158
manual_ground_truth_w0093_c11_i000,m3_improved_prediction_w0093_c11_i000,93,11,F4,465.0,467.168,466.252,466.468,2.168,0.21599999999999997,0.21600000000000819,2.1680000000000064,0.09963099630996658,0.181208053691282,1.2520000000000095,0.6999999999999886,0.27600000000001046,1.9520000000000002,0.5933325886726379,0.7793114185333252
manual_ground_truth_w0093_c11_i001,m3_improved_prediction_w0093_c11_i004,93,11,F4,469.624,472.904,470.124,470.248,3.2800000000000002,0.12400000000000055,0.1239999999999668,3.2799999999999727,0.03780487804877068,0.07285546415979247,0.5,2.656000000000006,1.0779999999999745,3.1559999999999997,0.4855712354183197,0.5840921998023987
manual_ground_truth_w0093_c14_i000,m3_improved_prediction_w0093_c14_i000,93,14,F7,465.0,467.168,466.26,466.548,2.168,0.28800000000000003,0.2880000000000109,2.1680000000000064,0.13284132841328877,0.23452768729642579,1.259999999999991,0.6200000000000045,0.3199999999999932,1.8800000000000001,0.6075259447097778,0.8435859680175781
manual_ground_truth_w0093_c14_i001,m3_improved_prediction_w0093_c14_i006,93,14,F7,469.624,472.904,470.112,470.204,3.2800000000000002,0.09199999999999964,0.09199999999998454,3.2799999999999727,0.028048780487800396,0.05456702253854362,0.48799999999999955,2.6999999999999886,1.1059999999999945,3.1880000000000006,0.4924284517765045,0.589601993560791
manual_ground_truth_w0093_c15_i000,m3_improved_prediction_w0093_c15_i000,93,15,F8,465.0,467.168,466.26,466.576,2.168,0.31600000000000006,0.3160000000000309,2.1680000000000064,0.1457564575645895,0.254428341384888,1.259999999999991,0.5919999999999845,0.3340000000000032,1.852,0.732336699962616,0.9312490820884705
manual_ground_truth_w0093_c15_i001,m3_improved_prediction_w0093_c15_i003,93,15,F8,469.624,472.904,470.116,470.196,3.2800000000000002,0.08000000000000007,0.08000000000004093,3.2799999999999727,0.024390243902451706,0.04761904761907198,0.4919999999999618,2.70799999999997,1.108000000000004,3.2,0.42472052574157715,0.4825749397277832
manual_ground_truth_w0093_c32_i000,m3_improved_prediction_w0093_c32_i004,93,32,T7,465.0,467.168,466.476,466.584,2.168,0.1080000000000001,0.10800000000000409,2.1680000000000064,0.04981549815498329,0.09490333919156774,1.475999999999999,0.5840000000000032,0.44599999999996953,2.06,0.5810801982879639,0.7805050015449524
manual_ground_truth_w0093_c32_i001,m3_improved_prediction_w0093_c32_i014,93,32,T7,469.624,472.904,472.336,472.424,3.2800000000000002,0.08800000000000008,0.08799999999996544,3.2799999999999727,0.02682926829267261,0.05225653206648779,2.711999999999989,0.4800000000000182,1.1159999999999854,3.192,0.4745796024799347,0.5687351822853088
manual_ground_truth_w0093_c33_i000,m3_improved_prediction_w0093_c33_i000,93,33,T8,465.0,467.168,466.424,466.584,2.168,0.16000000000000014,0.160000000000025,2.1680000000000064,0.0738007380073914,0.13745704467356099,1.4239999999999782,0.5840000000000032,0.4200000000000159,2.008,0.5967087745666504,0.8337501883506775
manual_ground_truth_w0093_c33_i001,m3_improved_prediction_w0093_c33_i011,93,33,T8,469.624,472.904,472.316,472.436,3.2800000000000002,0.1200000000000001,0.12000000000000455,3.2799999999999727,0.03658536585366023,0.07058823529412031,2.6919999999999504,0.46800000000001774,1.1119999999999663,3.16,0.537742018699646,0.6867755055427551
manual_ground_truth_w0093_c43_i001,m3_improved_prediction_w0093_c43_i001,93,43,P3,469.624,472.904,472.324,472.384,3.2800000000000002,0.0600000000000005,0.060000000000002274,3.2799999999999727,0.018292682926830114,0.0359281437125762,2.6999999999999886,0.5199999999999818,1.0900000000000318,3.2199999999999998,0.5911340117454529,0.6918865442276001
manual_ground_truth_w0093_c44_i001,m3_improved_prediction_w0093_c44_i001,93,44,P4,469.624,472.904,472.292,472.4,3.2800000000000002,0.10800000000000054,0.10800000000000409,3.2799999999999727,0.032926829268294204,0.06375442739079343,2.6679999999999495,0.5040000000000191,1.0819999999999936,3.1719999999999997,0.6690544486045837,0.8330941200256348
manual_ground_truth_w0093_c47_i001,m3_improved_prediction_w0093_c47_i005,93,47,P7,469.624,472.904,472.268,472.392,3.2800000000000002,0.12400000000000055,0.12400000000002365,3.2799999999999727,0.03780487804878801,0.07285546415982586,2.6439999999999486,0.5120000000000005,1.065999999999974,3.1559999999999997,0.5015340447425842,0.6710138916969299
manual_ground_truth_w0093_c47_i000,m3_improved_prediction_w0093_c47_i001,93,47,P7,465.0,467.168,466.316,466.392,2.168,0.07599999999999985,0.07600000000002183,2.1680000000000064,0.0350553505535155,0.06773618538326366,1.315999999999974,0.7760000000000105,0.2699999999999818,2.0920000000000005,0.5639901161193848,0.7111940979957581
manual_ground_truth_w0093_c48_i001,m3_improved_prediction_w0093_c48_i005,93,48,P8,469.624,472.904,472.2,472.436,3.2800000000000002,0.23599999999999977,0.23599999999999,3.2799999999999727,0.07195121951219267,0.1342434584755347,2.575999999999965,0.46800000000001774,1.0539999999999736,3.0440000000000005,0.7722200751304626,0.9573624730110168
manual_ground_truth_w0093_c48_i000,m3_improved_prediction_w0093_c48_i000,93,48,P8,465.0,467.168,466.256,466.392,2.168,0.1359999999999999,0.1360000000000241,2.1680000000000064,0.062730627306284,0.11805555555557647,1.2559999999999718,0.7760000000000105,0.23999999999995225,2.032,0.48176708817481995,0.6456707119941711
manual_ground_truth_w0094_c01_i000,m3_improved_prediction_w0094_c01_i008,94,1,Fp1,470.0,472.904,471.356,472.196,2.904,0.8400000000000001,0.8400000000000318,2.9039999999999964,0.28925619834711874,0.4487179487179658,1.3559999999999945,0.70799999999997,0.3240000000000123,2.064,0.7163348197937012,0.8772504925727844
manual_ground_truth_w0094_c01_i001,m3_improved_prediction_w0094_c01_i019,94,1,Fp1,475.508,478.936,477.564,477.78,3.428,0.2160000000000002,0.21599999999995134,3.4279999999999973,0.06301050175027757,0.11855104281007209,2.05600000000004,1.156000000000006,0.4500000000000455,3.2119999999999997,0.5903627872467041,0.7520202398300171
manual_ground_truth_w0094_c02_i000,m3_improved_prediction_w0094_c02_i009,94,2,Fp2,470.0,472.904,471.452,472.204,2.904,0.7520000000000002,0.7520000000000095,2.9039999999999964,0.25895316804408075,0.4113785557986923,1.4519999999999982,0.6999999999999886,0.37599999999997635,2.1519999999999997,0.7922008633613586,0.9058014154434204
manual_ground_truth_w0094_c02_i001,m3_improved_prediction_w0094_c02_i021,94,2,Fp2,475.508,478.936,476.684,477.088,3.428,0.4039999999999999,0.40399999999999636,3.4279999999999973,0.11785297549591502,0.210855949895614,1.1760000000000446,1.8479999999999563,0.3359999999999559,3.024,0.6157494187355042,0.7808130383491516
manual_ground_truth_w0094_c07_i001,m3_improved_prediction_w0094_c07_i001,94,7,Fz,475.508,478.936,476.728,476.756,3.428,0.02800000000000047,0.027999999999963165,3.4279999999999973,0.008168028004656706,0.016203703703682387,1.2200000000000273,2.180000000000007,0.4800000000000182,3.3999999999999995,0.39872869849205017,0.44674164056777954
manual_ground_truth_w0094_c11_i001,m3_improved_prediction_w0094_c11_i006,94,11,F4,475.508,478.936,476.708,476.78,3.428,0.07200000000000006,0.07199999999994589,3.4279999999999973,0.021003500583414804,0.04114285714282622,1.2000000000000455,2.156000000000006,0.4779999999999518,3.356,0.4775657057762146,0.5756579637527466
manual_ground_truth_w0094_c11_i000,m3_improved_prediction_w0094_c11_i003,94,11,F4,470.0,472.904,471.652,471.704,2.904,0.052000000000000046,0.05200000000002092,2.9039999999999964,0.017906336088161497,0.03518267929636057,1.6519999999999868,1.1999999999999886,0.2259999999999991,2.852,0.503109872341156,0.5857436656951904
manual_ground_truth_w0094_c14_i000,m3_improved_prediction_w0094_c14_i004,94,14,F7,470.0,472.904,470.92,471.408,2.904,0.4879999999999999,0.48799999999999955,2.9039999999999964,0.16804407713498629,0.2877358490566035,0.9200000000000159,1.495999999999981,0.2880000000000109,2.416,0.6470562815666199,0.9019833207130432
manual_ground_truth_w0094_c14_i001,m3_improved_prediction_w0094_c14_i012,94,14,F7,475.508,478.936,476.36,476.476,3.428,0.11599999999999966,0.11599999999998545,3.4279999999999973,0.03383897316218948,0.0654627539503304,0.8520000000000323,2.4599999999999795,0.8039999999999736,3.3120000000000003,0.6270931363105774,0.7320639491081238
manual_ground_truth_w0094_c15_i000,m3_improved_prediction_w0094_c15_i001,94,15,F8,470.0,472.904,470.916,471.632,2.904,0.7159999999999999,0.7160000000000082,2.9039999999999964,0.24655647382920423,0.3955801104972421,0.9159999999999968,1.2719999999999914,0.17799999999999727,2.188,0.6079275608062744,0.8970322608947754
manual_ground_truth_w0094_c15_i001,m3_improved_prediction_w0094_c15_i012,94,15,F8,475.508,478.936,477.46,477.776,3.428,0.31599999999999984,0.3160000000000309,3.4279999999999973,0.09218203033839882,0.16880341880343533,1.9519999999999982,1.1599999999999682,0.396000000000015,3.112,0.47602811455726624,0.7065525054931641
manual_ground_truth_w0094_c28_i001,m3_improved_prediction_w0094_c28_i000,94,28,C3,475.508,478.936,478.448,478.468,3.428,0.019999999999999574,0.020000000000038654,3.4279999999999973,0.005834305717630884,0.011600928074268362,2.9399999999999977,0.4679999999999609,1.23599999999999,3.4080000000000004,0.3627764582633972,0.36663582921028137
manual_ground_truth_w0094_c29_i001,m3_improved_prediction_w0094_c29_i001,94,29,C4,475.508,478.936,478.032,478.104,3.428,0.07199999999999918,0.07200000000000273,3.4279999999999973,0.021003500583431384,0.041142857142858716,2.524000000000001,0.8319999999999936,0.8460000000000036,3.3560000000000008,0.41231945157051086,0.46308067440986633
manual_ground_truth_w0094_c32_i000,m3_improved_prediction_w0094_c32_i007,94,32,T7,470.0,472.904,471.512,472.16,2.904,0.6480000000000001,0.6480000000000246,2.9039999999999964,0.22314049586777734,0.3648648648648787,1.5120000000000005,0.7439999999999714,0.38400000000001455,2.256,0.628779947757721,0.8493067622184753
manual_ground_truth_w0094_c32_i001,m3_improved_prediction_w0094_c32_i017,94,32,T7,475.508,478.936,477.892,478.204,3.428,0.3120000000000003,0.3120000000000118,3.4279999999999973,0.09101516919486934,0.16684491978610258,2.3840000000000146,0.7319999999999709,0.8260000000000218,3.1159999999999997,0.5379854440689087,0.763062059879303
manual_ground_truth_w0094_c33_i000,m3_improved_prediction_w0094_c33_i006,94,33,T8,470.0,472.904,471.516,472.208,2.904,0.6920000000000002,0.6920000000000073,2.9039999999999964,0.23829201101928654,0.3848720800889918,1.5160000000000196,0.6959999999999695,0.410000000000025,2.2119999999999997,0.6737549901008606,0.8577651977539062
manual_ground_truth_w0094_c33_i001,m3_improved_prediction_w0094_c33_i012,94,33,T8,475.508,478.936,476.756,476.972,3.428,0.2160000000000002,0.21600000000000819,3.4279999999999973,0.06301050175029416,0.11855104281010329,1.2479999999999905,1.9639999999999986,0.3580000000000041,3.2119999999999997,0.4730745255947113,0.6722350120544434
manual_ground_truth_w0094_c43_i000,m3_improved_prediction_w0094_c43_i000,94,43,P3,470.0,472.904,472.328,472.352,2.904,0.02400000000000002,0.02400000000000091,2.9039999999999964,0.008264462809917678,0.01639344262295144,2.3279999999999745,0.5520000000000209,0.8879999999999768,2.88,0.4484177529811859,0.4780879616737366
manual_ground_truth_w0094_c44_i000,m3_improved_prediction_w0094_c44_i000,94,44,P4,470.0,472.904,472.264,472.38,2.904,0.1160000000000001,0.11599999999998545,2.9039999999999964,0.03994490358126226,0.0768211920529705,2.26400000000001,0.5240000000000009,0.8700000000000045,2.788,0.5180537104606628,0.7341214418411255
manual_ground_truth_w0094_c47_i000,m3_improved_prediction_w0094_c47_i004,94,47,P7,470.0,472.904,472.32,472.392,2.904,0.07200000000000006,0.07200000000000273,2.9039999999999964,0.024793388429753038,0.048387096774195386,2.319999999999993,0.5120000000000005,0.9039999999999964,2.832,0.5685726404190063,0.6692559123039246
manual_ground_truth_w0094_c48_i000,m3_improved_prediction_w0094_c48_i005,94,48,P8,470.0,472.904,472.132,472.48,2.904,0.34799999999999986,0.3480000000000132,2.9039999999999964,0.11983471074380635,0.21402214022141033,2.132000000000005,0.42399999999997817,0.8540000000000418,2.556,0.6831072568893433,0.9399711489677429
manual_ground_truth_w0094_c48_i001,m3_improved_prediction_w0094_c48_i007,94,48,P8,475.508,478.936,478.364,478.388,3.428,0.023999999999999133,0.02400000000000091,3.4279999999999973,0.007001166861143795,0.013904982618772257,2.8559999999999945,0.5480000000000018,1.1539999999999964,3.404000000000001,0.3753490149974823,0.40002137422561646
manual_ground_truth_w0094_c58_i000,m3_improved_prediction_w0094_c58_i000,94,58,O2,470.0,472.904,472.224,472.244,2.904,0.020000000000000018,0.020000000000038654,2.9039999999999964,0.0068870523416111155,0.013679890560901952,2.2239999999999895,0.6599999999999682,0.7820000000000391,2.884,0.3788583278656006,0.39307719469070435
manual_ground_truth_w0095_c01_i000,m3_improved_prediction_w0095_c01_i002,95,1,Fp1,475.508,478.936,478.484,478.592,3.428,0.1080000000000001,0.10800000000000409,3.4279999999999973,0.03150525087514708,0.06108597285068105,2.975999999999999,0.3439999999999941,1.316000000000031,3.32,0.49462851881980896,0.6247061491012573
manual_ground_truth_w0095_c02_i000,m3_improved_prediction_w0095_c02_i001,95,2,Fp2,475.508,478.936,478.488,478.596,3.428,0.1080000000000001,0.10800000000000409,3.4279999999999973,0.03150525087514708,0.06108597285068105,2.980000000000018,0.339999999999975,1.32000000000005,3.32,0.5014256238937378,0.6331804394721985
manual_ground_truth_w0095_c07_i000,m3_improved_prediction_w0095_c07_i000,95,7,Fz,475.508,478.936,477.988,478.0,3.428,0.01200000000000001,0.012000000000000455,3.4279999999999973,0.0035005834305718974,0.006976744186046776,2.480000000000018,0.9359999999999786,0.7720000000000482,3.416,0.40102624893188477,0.41572174429893494
manual_ground_truth_w0095_c32_i000,m3_improved_prediction_w0095_c32_i001,95,32,T7,475.508,478.936,478.3,478.5,3.428,0.20000000000000018,0.19999999999998863,3.4279999999999973,0.058343057176192765,0.11025358324144907,2.79200000000003,0.4359999999999786,1.1779999999999973,3.2279999999999998,0.5873199701309204,0.8213714957237244
manual_ground_truth_w0095_c33_i000,m3_improved_prediction_w0095_c33_i001,95,33,T8,475.508,478.936,478.32,478.436,3.428,0.1160000000000001,0.11599999999998545,3.4279999999999973,0.03383897316218948,0.06546275395033038,2.812000000000012,0.5,1.156000000000006,3.312,0.5162205100059509,0.6598055362701416
manual_ground_truth_w0095_c48_i000,m3_improved_prediction_w0095_c48_i000,95,48,P8,475.508,478.936,478.344,478.368,3.428,0.02400000000000002,0.02400000000000091,3.4279999999999973,0.007001166861143795,0.013904982618772254,2.8360000000000127,0.5679999999999836,1.1340000000000146,3.404,0.3814977705478668,0.40096431970596313
manual_ground_truth_w0124_c02_i000,m3_improved_prediction_w0124_c02_i000,124,2,Fp2,626.508,627.688,626.492,626.8,1.1799999999999997,0.30799999999999983,0.2919999999999163,1.1960000000000264,0.2441471571905601,0.3924731182794575,0.016000000000076398,0.8880000000000337,0.4519999999999982,0.8719999999999999,0.6760149598121643,0.8984336853027344
manual_ground_truth_w0124_c02_i001,m3_improved_prediction_w0124_c02_i006,124,2,Fp2,628.776,629.66,628.824,628.976,0.8840000000000003,0.15200000000000102,0.15200000000004366,0.8840000000000146,0.1719457013575126,0.29343629343637734,0.04800000000000182,0.6839999999999691,0.31799999999998363,0.7319999999999993,0.6276863217353821,0.8439180850982666
manual_ground_truth_w0124_c07_i000,m3_improved_prediction_w0124_c07_i001,124,7,Fz,626.508,627.688,626.64,626.796,1.1799999999999997,0.15600000000000058,0.15600000000006276,1.17999999999995,0.13220338983056726,0.23353293413183043,0.13199999999994816,0.8919999999999391,0.37999999999988177,1.0239999999999991,0.7468051910400391,0.8891732692718506
manual_ground_truth_w0124_c07_i001,m3_improved_prediction_w0124_c07_i012,124,7,Fz,628.776,629.66,629.4,629.484,0.8840000000000003,0.08399999999999963,0.08400000000006003,0.8840000000000146,0.09502262443445549,0.17355371900838848,0.6240000000000236,0.17599999999993088,0.22400000000004638,0.8000000000000007,0.42518842220306396,0.47244900465011597
manual_ground_truth_w0124_c11_i001,m3_improved_prediction_w0124_c11_i012,124,11,F4,628.776,629.66,629.376,629.552,0.8840000000000003,0.17600000000000016,0.17600000000004457,0.8840000000000146,0.19909502262448153,0.3320754716981971,0.6000000000000227,0.10799999999994725,0.2459999999999809,0.7080000000000002,0.6210922598838806,0.7334736585617065
manual_ground_truth_w0124_c11_i000,m3_improved_prediction_w0124_c11_i001,124,11,F4,626.508,627.688,626.64,626.804,1.1799999999999997,0.1640000000000006,0.16399999999998727,1.17999999999995,0.13898305084745272,0.24404761904760006,0.13199999999994816,0.8840000000000146,0.37599999999997635,1.0159999999999991,0.7581570744514465,0.9168602228164673
manual_ground_truth_w0124_c15_i000,m3_improved_prediction_w0124_c15_i001,124,15,F8,626.508,627.688,626.644,626.956,1.1799999999999997,0.3120000000000003,0.3120000000000118,1.17999999999995,0.2644067796610382,0.41823056300269684,0.13599999999996726,0.7319999999999709,0.2980000000000018,0.8679999999999994,0.6457719206809998,0.9015063047409058
manual_ground_truth_w0124_c15_i001,m3_improved_prediction_w0124_c15_i015,124,15,F8,628.776,629.66,629.356,629.468,0.8840000000000003,0.1120000000000001,0.11199999999996635,0.8840000000000146,0.12669683257914538,0.22489959839350662,0.5800000000000409,0.19200000000000728,0.19400000000007367,0.7720000000000002,0.5922660827636719,0.7519789338111877
manual_ground_truth_w0124_c29_i001,m3_improved_prediction_w0124_c29_i025,124,29,C4,628.776,629.66,629.544,629.708,0.8840000000000003,0.1639999999999997,0.11599999999998545,0.9320000000000164,0.12446351931328692,0.22137404580149894,0.7680000000000291,0.04800000000000182,0.40800000000001546,0.7200000000000006,0.5622140169143677,0.835694432258606
manual_ground_truth_w0124_c29_i000,m3_improved_prediction_w0124_c29_i013,124,29,C4,626.508,627.688,627.536,627.672,1.1799999999999997,0.13600000000000012,0.13600000000008095,1.17999999999995,0.11525423728820908,0.20668693009130845,1.0279999999999063,0.01599999999996271,0.5060000000000855,1.0439999999999996,0.5556434392929077,0.7763814330101013
manual_ground_truth_w0124_c33_i000,m3_improved_prediction_w0124_c33_i007,124,33,T8,626.508,627.688,626.748,626.992,1.1799999999999997,0.24399999999999977,0.2439999999999145,1.17999999999995,0.20677966101688547,0.3426966292133632,0.2400000000000091,0.6960000000000264,0.2279999999999518,0.9359999999999999,0.5688135623931885,0.7511212229728699
manual_ground_truth_w0124_c33_i001,m3_improved_prediction_w0124_c33_i022,124,33,T8,628.776,629.66,629.364,629.528,0.8840000000000003,0.1639999999999997,0.16399999999998727,0.8840000000000146,0.18552036199093278,0.31297709923661693,0.5880000000000791,0.13199999999994816,0.22800000000006548,0.7200000000000006,0.6780782341957092,0.8655728101730347
manual_ground_truth_w0125_c02_i001,m3_improved_prediction_w0125_c02_i009,125,2,Fp2,628.776,629.66,629.36,629.756,0.8840000000000003,0.3959999999999999,0.2999999999999545,0.9800000000000182,0.3061224489795398,0.46874999999992883,0.58400000000006,0.09600000000000364,0.34000000000003183,0.48800000000000043,0.7768483757972717,0.9700848460197449
manual_ground_truth_w0125_c02_i000,m3_improved_prediction_w0125_c02_i002,125,2,Fp2,626.508,627.688,626.848,627.096,1.1800000000000002,0.248,0.2480000000000473,1.17999999999995,0.2101694915254727,0.3473389355742959,0.33999999999991815,0.5919999999999845,0.12599999999997635,0.9320000000000002,0.6512824892997742,0.8365201950073242
manual_ground_truth_w0125_c07_i001,m3_improved_prediction_w0125_c07_i012,125,7,Fz,628.776,629.66,629.356,629.512,0.8840000000000003,0.1559999999999997,0.15599999999994907,0.8840000000000146,0.1764705882352336,0.29999999999990207,0.5800000000000409,0.14800000000002456,0.21600000000000819,0.7280000000000006,0.6982426047325134,0.8767616152763367
manual_ground_truth_w0125_c07_i000,m3_improved_prediction_w0125_c07_i002,125,7,Fz,626.508,627.688,626.896,627.08,1.1800000000000002,0.18400000000000016,0.18400000000008276,1.17999999999995,0.15593220338990726,0.2697947214077459,0.38799999999991996,0.6079999999999472,0.10999999999989996,0.996,0.6049817204475403,0.7331761121749878
manual_ground_truth_w0125_c11_i000,m3_improved_prediction_w0125_c11_i000,125,11,F4,626.508,627.688,626.644,627.084,1.1800000000000002,0.44000000000000017,0.4399999999999409,1.17999999999995,0.3728813559321691,0.5432098765431368,0.13599999999996726,0.6040000000000418,0.2339999999999236,0.74,0.6959280967712402,0.9639959335327148
manual_ground_truth_w0125_c11_i001,m3_improved_prediction_w0125_c11_i008,125,11,F4,628.776,629.66,629.332,629.74,0.8840000000000003,0.40800000000000036,0.32799999999997453,0.9640000000000555,0.34024896265555565,0.5077399380804557,0.55600000000004,0.08000000000004093,0.3180000000000973,0.476,0.7710736393928528,0.9482817053794861
manual_ground_truth_w0125_c15_i001,m3_improved_prediction_w0125_c15_i009,125,15,F8,628.776,629.66,628.98,629.312,0.8840000000000003,0.3320000000000003,0.33199999999999363,0.8840000000000146,0.3755656108597151,0.5460526315789366,0.20400000000006457,0.34799999999995634,0.07200000000000273,0.552,0.7139183878898621,0.8839392066001892
manual_ground_truth_w0125_c15_i000,m3_improved_prediction_w0125_c15_i002,125,15,F8,626.508,627.688,626.908,627.284,1.1800000000000002,0.3759999999999999,0.37599999999997635,1.17999999999995,0.31864406779660365,0.4832904884318462,0.39999999999997726,0.40399999999999636,0.0019999999999527063,0.8040000000000003,0.7791115641593933,0.9138974547386169
manual_ground_truth_w0125_c29_i001,m3_improved_prediction_w0125_c29_i011,125,29,C4,628.776,629.66,628.788,628.94,0.8840000000000003,0.15200000000000014,0.15200000000004366,0.8840000000000146,0.1719457013575126,0.29343629343637756,0.012000000000057298,0.7199999999999136,0.35399999999992815,0.7320000000000002,0.634802520275116,0.813389241695404
manual_ground_truth_w0125_c29_i000,m3_improved_prediction_w0125_c29_i003,125,29,C4,626.508,627.688,626.824,626.988,1.1800000000000002,0.16399999999999992,0.16400000000010095,1.17999999999995,0.13898305084754908,0.24404761904776925,0.31599999999991724,0.6999999999999318,0.19200000000000728,1.0160000000000002,0.5257079601287842,0.6169219017028809
manual_ground_truth_w0125_c33_i001,m3_improved_prediction_w0125_c33_i008,125,33,T8,628.776,629.66,628.816,629.12,0.8840000000000003,0.30400000000000027,0.3039999999999736,0.8840000000000146,0.34389140271489665,0.5117845117844672,0.04000000000007731,0.5399999999999636,0.2499999999998863,0.5800000000000001,0.695615291595459,0.8724040389060974
manual_ground_truth_w0125_c33_i000,m3_improved_prediction_w0125_c33_i006,125,33,T8,626.508,627.688,627.364,627.668,1.1800000000000002,0.30400000000000027,0.3039999999999736,1.17999999999995,0.25762711864405635,0.409703504043091,0.8559999999999945,0.01999999999998181,0.41800000000012005,0.8759999999999999,0.675230860710144,0.8882197141647339
manual_ground_truth_w0130_c00_i000,m3_improved_prediction_w0130_c00_i012,130,0,Fpz,656.472,660.0,657.22,657.904,3.5279999999999996,0.6840000000000002,0.6839999999999691,3.52800000000002,0.1938775510203983,0.32478632478631014,0.7480000000000473,2.0960000000000036,0.6739999999999782,2.8439999999999994,0.8141668438911438,0.9408666491508484
manual_ground_truth_w0130_c01_i000,m3_improved_prediction_w0130_c01_i032,130,1,Fp1,656.472,660.0,656.972,657.988,3.5279999999999996,1.016,1.0160000000000764,3.52800000000002,0.28798185941045085,0.44718309859158295,0.5,2.0119999999999436,0.7559999999999718,2.5119999999999996,0.8407376408576965,0.9727546572685242
manual_ground_truth_w0130_c02_i000,m3_improved_prediction_w0130_c02_i025,130,2,Fp2,656.472,660.0,656.468,657.996,3.5279999999999996,1.5280000000000005,1.524000000000001,3.532000000000039,0.4314835787089423,0.6028481012658231,0.004000000000019099,2.004000000000019,1.004000000000019,1.9999999999999991,0.7316536903381348,0.9413315057754517
manual_ground_truth_w0130_c03_i000,m3_improved_prediction_w0130_c03_i022,130,3,AF3,656.472,660.0,657.276,657.82,3.5279999999999996,0.5440000000000005,0.5440000000000964,3.52800000000002,0.15419501133789493,0.2671905697446446,0.8039999999999736,2.17999999999995,0.6879999999999882,2.983999999999999,0.7105040550231934,0.8960764408111572
manual_ground_truth_w0130_c04_i000,m3_improved_prediction_w0130_c04_i023,130,4,AF4,656.472,660.0,657.256,657.836,3.5279999999999996,0.5800000000000001,0.5800000000000409,3.52800000000002,0.1643990929705322,0.28237585199612514,0.7839999999999918,2.1639999999999873,0.6899999999999409,2.9479999999999995,0.8156080842018127,0.9152326583862305
manual_ground_truth_w0130_c05_i000,m3_improved_prediction_w0130_c05_i018,130,5,AF7,656.472,660.0,656.976,657.936,3.5279999999999996,0.96,0.9600000000000364,3.52800000000002,0.27210884353742376,0.4278074866310323,0.5040000000000191,2.0639999999999645,0.7799999999999727,2.5679999999999996,0.7151347994804382,0.9279972314834595
manual_ground_truth_w0130_c06_i000,m3_improved_prediction_w0130_c06_i025,130,6,AF8,656.472,660.0,656.984,657.94,3.5279999999999996,0.9560000000000004,0.9560000000000173,3.52800000000002,0.27097505668934574,0.4264049955397044,0.5120000000000573,2.0599999999999454,0.7740000000000009,2.571999999999999,0.7035230398178101,0.9517070055007935
manual_ground_truth_w0130_c07_i000,m3_improved_prediction_w0130_c07_i030,130,7,Fz,656.472,660.0,656.984,658.0,3.5279999999999996,1.016,1.0159999999999627,3.52800000000002,0.28798185941041865,0.44718309859153293,0.5120000000000573,2.0,0.7440000000000282,2.5119999999999996,0.772075355052948,0.9728842377662659
manual_ground_truth_w0130_c08_i000,m3_improved_prediction_w0130_c08_i025,130,8,F1,656.472,660.0,657.216,657.996,3.5279999999999996,0.7800000000000002,0.7799999999999727,3.52800000000002,0.22108843537414066,0.3621169916434414,0.7440000000000282,2.004000000000019,0.6299999999999955,2.7479999999999993,0.7674136161804199,0.9851295948028564
manual_ground_truth_w0130_c09_i000,m3_improved_prediction_w0130_c09_i033,130,9,F2,656.472,660.0,658.368,659.128,3.5279999999999996,0.7599999999999998,0.7599999999999909,3.52800000000002,0.21541950113378305,0.3544776119402943,1.8960000000000719,0.8719999999999573,0.5120000000000573,2.768,0.764779806137085,0.9781965017318726
manual_ground_truth_w0130_c10_i000,m3_improved_prediction_w0130_c10_i040,130,10,F3,656.472,660.0,658.36,659.148,3.5279999999999996,0.7880000000000003,0.7880000000000109,3.52800000000002,0.22335600907029662,0.3651529193697919,1.8880000000000337,0.8519999999999754,0.5180000000000291,2.7399999999999993,0.7974121570587158,0.9819098711013794
manual_ground_truth_w0130_c11_i000,m3_improved_prediction_w0130_c11_i032,130,11,F4,656.472,660.0,656.992,657.936,3.5279999999999996,0.944,0.9440000000000737,3.52800000000002,0.2675736961451441,0.42218246869412956,0.5199999999999818,2.0639999999999645,0.7720000000000482,2.5839999999999996,0.7965840101242065,0.9896219968795776
manual_ground_truth_w0130_c12_i000,m3_improved_prediction_w0130_c12_i032,130,12,F5,656.472,660.0,657.02,657.936,3.5279999999999996,0.9160000000000004,0.9160000000000537,3.52800000000002,0.2596371882086305,0.4122412241224364,0.5480000000000018,2.0639999999999645,0.7579999999999245,2.611999999999999,0.799493134021759,0.9877476692199707
manual_ground_truth_w0130_c13_i000,m3_improved_prediction_w0130_c13_i027,130,13,F6,656.472,660.0,657.18,657.936,3.5279999999999996,0.7560000000000002,0.7560000000000855,3.52800000000002,0.2142857142857373,0.35294117647062817,0.70799999999997,2.0639999999999645,0.6779999999999973,2.7719999999999994,0.8436432480812073,0.9836539626121521
manual_ground_truth_w0130_c14_i000,m3_improved_prediction_w0130_c14_i033,130,14,F7,656.472,660.0,656.996,657.936,3.5279999999999996,0.9399999999999995,0.9400000000000546,3.52800000000002,0.2664399092970661,0.4207699194270612,0.5240000000000009,2.0639999999999645,0.7699999999999818,2.588,0.796906054019928,0.9820868968963623
manual_ground_truth_w0130_c15_i000,m3_improved_prediction_w0130_c15_i044,130,15,F8,656.472,660.0,656.996,657.932,3.5279999999999996,0.9359999999999999,0.9360000000000355,3.52800000000002,0.26530612244898816,0.41935483870969337,0.5240000000000009,2.0679999999999836,0.7720000000000482,2.5919999999999996,0.7745904922485352,0.9882193803787231
manual_ground_truth_w0130_c16_i000,m3_improved_prediction_w0130_c16_i046,130,16,FCz,656.472,660.0,657.184,657.928,3.5279999999999996,0.7439999999999998,0.7440000000000282,3.52800000000002,0.21088435374150338,0.34831460674158626,0.7119999999999891,2.0720000000000027,0.67999999999995,2.784,0.815254807472229,0.9871990084648132
manual_ground_truth_w0130_c17_i000,m3_improved_prediction_w0130_c17_i059,130,17,FC1,656.472,660.0,658.328,659.112,3.5279999999999996,0.7840000000000007,0.7839999999999918,3.52800000000002,0.22222222222221863,0.3636363636363598,1.8559999999999945,0.8880000000000337,0.4840000000000373,2.743999999999999,0.7822243571281433,0.9922176599502563
manual_ground_truth_w0130_c18_i000,m3_improved_prediction_w0130_c18_i049,130,18,FC2,656.472,660.0,658.328,659.08,3.5279999999999996,0.7520000000000007,0.7520000000000664,3.52800000000002,0.21315192743765934,0.35140186915890953,1.8559999999999945,0.9199999999999591,0.4679999999999609,2.775999999999999,0.7900159955024719,0.9934315085411072
manual_ground_truth_w0130_c19_i000,m3_improved_prediction_w0130_c19_i047,130,19,FC3,656.472,660.0,657.184,657.928,3.5279999999999996,0.7439999999999998,0.7440000000000282,3.52800000000002,0.21088435374150338,0.34831460674158626,0.7119999999999891,2.0720000000000027,0.67999999999995,2.784,0.8349034190177917,0.9877994060516357
manual_ground_truth_w0130_c20_i000,m3_improved_prediction_w0130_c20_i052,130,20,FC4,656.472,660.0,656.992,657.936,3.5279999999999996,0.944,0.9440000000000737,3.52800000000002,0.2675736961451441,0.42218246869412956,0.5199999999999818,2.0639999999999645,0.7720000000000482,2.5839999999999996,0.8000257015228271,0.9849309921264648
manual_ground_truth_w0130_c21_i000,m3_improved_prediction_w0130_c21_i042,130,21,FC5,656.472,660.0,656.96,657.94,3.5279999999999996,0.9800000000000004,0.9800000000000182,3.52800000000002,0.27777777777778134,0.43478260869566027,0.4880000000000564,2.0599999999999454,0.7859999999999445,2.547999999999999,0.7984588742256165,0.9735286235809326
manual_ground_truth_w0130_c22_i000,m3_improved_prediction_w0130_c22_i052,130,22,FC6,656.472,660.0,656.988,657.936,3.5279999999999996,0.9479999999999995,0.9479999999999791,3.52800000000002,0.2687074829931898,0.42359249329757787,0.5160000000000764,2.0639999999999645,0.7740000000000009,2.58,0.8116649389266968,0.9776294231414795
manual_ground_truth_w0130_c23_i000,m3_improved_prediction_w0130_c23_i036,130,23,FT7,656.472,660.0,656.908,657.936,3.5279999999999996,1.0279999999999996,1.02800000000002,3.52800000000002,0.29138321995465255,0.4512730465320545,0.43600000000003547,2.0639999999999645,0.8139999999999645,2.5,0.7704657912254333,0.9841501116752625
manual_ground_truth_w0130_c24_i000,m3_improved_prediction_w0130_c24_i036,130,24,FT8,656.472,660.0,657.244,657.936,3.5279999999999996,0.6920000000000002,0.6920000000000073,3.52800000000002,0.19614512471655424,0.3279620853080603,0.7720000000000482,2.0639999999999645,0.6459999999999582,2.8359999999999994,0.8148840665817261,0.9887763857841492
manual_ground_truth_w0130_c25_i000,m3_improved_prediction_w0130_c25_i046,130,25,Cz,656.472,660.0,657.308,657.932,3.5279999999999996,0.6240000000000006,0.6240000000000236,3.52800000000002,0.17687074829932542,0.3005780346820923,0.8360000000000127,2.0679999999999836,0.6159999999999854,2.903999999999999,0.8092721104621887,0.9812689423561096
manual_ground_truth_w0130_c26_i000,m3_improved_prediction_w0130_c26_i040,130,26,C1,656.472,660.0,657.308,657.936,3.5279999999999996,0.6280000000000001,0.6280000000000427,3.52800000000002,0.1780045351474034,0.30221366698750857,0.8360000000000127,2.0639999999999645,0.613999999999919,2.8999999999999995,0.7875954508781433,0.9583849310874939
manual_ground_truth_w0130_c27_i000,m3_improved_prediction_w0130_c27_i037,130,27,C2,656.472,660.0,658.316,659.068,3.5279999999999996,0.7519999999999989,0.7519999999999527,3.52800000000002,0.21315192743762712,0.3514018691588565,1.844000000000051,0.9320000000000164,0.4560000000000173,2.7760000000000007,0.7821763753890991,0.9958034157752991
manual_ground_truth_w0130_c28_i000,m3_improved_prediction_w0130_c28_i034,130,28,C3,656.472,660.0,656.904,657.932,3.5279999999999996,1.0280000000000005,1.02800000000002,3.52800000000002,0.29138321995465255,0.4512730465320544,0.43200000000001637,2.0679999999999836,0.8179999999999836,2.499999999999999,0.7531202435493469,0.9782322645187378
manual_ground_truth_w0130_c29_i000,m3_improved_prediction_w0130_c29_i038,130,29,C4,656.472,660.0,657.068,657.936,3.5279999999999996,0.8680000000000003,0.8680000000000518,3.52800000000002,0.24603174603175934,0.39490445859874973,0.5960000000000036,2.0639999999999645,0.7340000000000373,2.6599999999999993,0.7746309041976929,0.9750769138336182
manual_ground_truth_w0130_c30_i000,m3_improved_prediction_w0130_c30_i058,130,30,C5,656.472,660.0,658.408,659.064,3.5279999999999996,0.6560000000000006,0.6559999999999491,3.52800000000002,0.18594104308388473,0.3135755258125951,1.9360000000000355,0.9360000000000355,0.5,2.871999999999999,0.7944835424423218,0.9945381283760071
manual_ground_truth_w0130_c31_i000,m3_improved_prediction_w0130_c31_i036,130,31,C6,656.472,660.0,656.912,657.608,3.5279999999999996,0.6959999999999997,0.6959999999999127,3.52800000000002,0.19727891156459998,0.3295454545454133,0.44000000000005457,2.3920000000000528,0.9759999999999991,2.832,0.707965075969696,0.9664504528045654
manual_ground_truth_w0130_c32_i000,m3_improved_prediction_w0130_c32_i030,130,32,T7,656.472,660.0,656.828,657.936,3.5279999999999996,1.1079999999999997,1.108000000000061,3.52800000000002,0.31405895691611524,0.4779982743744871,0.35599999999999454,2.0639999999999645,0.8539999999999281,2.42,0.7149972319602966,0.9705636501312256
manual_ground_truth_w0130_c33_i000,m3_improved_prediction_w0130_c33_i047,130,33,T8,656.472,660.0,658.316,659.124,3.5279999999999996,0.8079999999999998,0.8079999999999927,3.52800000000002,0.22902494331065423,0.37269372693726605,1.844000000000051,0.8759999999999764,0.4840000000000373,2.7199999999999998,0.7735308408737183,0.992131769657135
manual_ground_truth_w0130_c34_i000,m3_improved_prediction_w0130_c34_i046,130,34,CP1,656.472,660.0,658.644,659.068,3.5279999999999996,0.4239999999999995,0.42399999999997817,3.52800000000002,0.12018140589568474,0.2145748987854141,2.1720000000000255,0.9320000000000164,0.6200000000000045,3.104,0.8813652992248535,0.9901847839355469
manual_ground_truth_w0130_c35_i000,m3_improved_prediction_w0130_c35_i045,130,35,CP2,656.472,660.0,657.328,657.924,3.5279999999999996,0.5960000000000001,0.5960000000000036,3.52800000000002,0.16893424036281188,0.28903976721629665,0.8559999999999945,2.076000000000022,0.6100000000000136,2.9319999999999995,0.7319338321685791,0.9413026571273804
manual_ground_truth_w0130_c36_i000,m3_improved_prediction_w0130_c36_i030,130,36,CP3,656.472,660.0,657.208,657.92,3.5279999999999996,0.7119999999999997,0.7119999999999891,3.52800000000002,0.20181405895691187,0.3358490566037685,0.73599999999999,2.080000000000041,0.6720000000000255,2.816,0.7484792470932007,0.9481968879699707
manual_ground_truth_w0130_c37_i000,m3_improved_prediction_w0130_c37_i040,130,37,CP4,656.472,660.0,658.416,659.124,3.5279999999999996,0.7080000000000002,0.70799999999997,3.52800000000002,0.20068027210883388,0.33427762039658643,1.9440000000000737,0.8759999999999764,0.5339999999999918,2.8199999999999994,0.7725306749343872,0.993431031703949
manual_ground_truth_w0130_c38_i000,m3_improved_prediction_w0130_c38_i045,130,38,CP5,656.472,660.0,658.424,659.076,3.5279999999999996,0.652000000000001,0.6520000000000437,3.52800000000002,0.184807256235839,0.31196172248805915,1.9519999999999982,0.9239999999999782,0.51400000000001,2.8759999999999986,0.8069672584533691,0.9949390888214111
manual_ground_truth_w0130_c39_i000,m3_improved_prediction_w0130_c39_i040,130,39,CP6,656.472,660.0,657.124,657.912,3.5279999999999996,0.7880000000000003,0.7880000000000109,3.52800000000002,0.22335600907029662,0.3651529193697919,0.6520000000000437,2.0879999999999654,0.7179999999999609,2.7399999999999993,0.7803691625595093,0.9644834995269775
manual_ground_truth_w0130_c40_i000,m3_improved_prediction_w0130_c40_i045,130,40,TP7,656.472,660.0,657.024,657.932,3.5279999999999996,0.9080000000000004,0.9080000000000155,3.52800000000002,0.2573696145124746,0.4093778178539294,0.5520000000000209,2.0679999999999836,0.7579999999999245,2.619999999999999,0.7690045237541199,0.9675000905990601
manual_ground_truth_w0130_c41_i000,m3_improved_prediction_w0130_c41_i050,130,41,TP8,656.472,660.0,656.992,657.924,3.5279999999999996,0.9320000000000004,0.9320000000000164,3.52800000000002,0.2641723356009102,0.41793721973094905,0.5199999999999818,2.076000000000022,0.77800000000002,2.595999999999999,0.7851734161376953,0.9648514986038208
manual_ground_truth_w0130_c42_i000,m3_improved_prediction_w0130_c42_i028,130,42,Pz,656.472,660.0,657.084,657.908,3.5279999999999996,0.8240000000000007,0.8240000000000691,3.52800000000002,0.2335600907029661,0.37867647058826703,0.6119999999999663,2.0919999999999845,0.7400000000000091,2.703999999999999,0.7379112839698792,0.973795473575592
manual_ground_truth_w0130_c43_i000,m3_improved_prediction_w0130_c43_i031,130,43,P3,656.472,660.0,657.12,657.912,3.5279999999999996,0.7919999999999998,0.79200000000003,3.52800000000002,0.2244897959183746,0.36666666666668063,0.6480000000000246,2.0879999999999654,0.7199999999999136,2.7359999999999998,0.7116747498512268,0.9550189971923828
manual_ground_truth_w0130_c44_i000,m3_improved_prediction_w0130_c44_i047,130,44,P4,656.472,660.0,658.396,659.072,3.5279999999999996,0.6759999999999984,0.6760000000000446,3.52800000000002,0.1916099773242746,0.32159847764036387,1.9239999999999782,0.9279999999999973,0.4979999999999336,2.852000000000001,0.7660634517669678,0.9913687109947205
manual_ground_truth_w0130_c45_i000,m3_improved_prediction_w0130_c45_i037,130,45,P5,656.472,660.0,658.416,659.068,3.5279999999999996,0.6519999999999992,0.65199999999993,3.52800000000002,0.18480725623580677,0.31196172248800486,1.9440000000000737,0.9320000000000164,0.5059999999999718,2.8760000000000003,0.7762511968612671,0.9941692352294922
manual_ground_truth_w0130_c46_i000,m3_improved_prediction_w0130_c46_i036,130,46,P6,656.472,660.0,657.088,657.908,3.5279999999999996,0.8200000000000003,0.82000000000005,3.52800000000002,0.23242630385488813,0.3771849126035189,0.6159999999999854,2.0919999999999845,0.7379999999999427,2.7079999999999993,0.7160869240760803,0.9658416509628296
manual_ground_truth_w0130_c47_i000,m3_improved_prediction_w0130_c47_i052,130,47,P7,656.472,660.0,657.188,657.912,3.5279999999999996,0.7240000000000002,0.7240000000000464,3.52800000000002,0.20521541950114577,0.34054562558798046,0.7160000000000082,2.0879999999999654,0.6860000000000355,2.8039999999999994,0.795767068862915,0.9694650769233704
manual_ground_truth_w0130_c48_i000,m3_improved_prediction_w0130_c48_i034,130,48,P8,656.472,660.0,657.136,657.908,3.5279999999999996,0.7720000000000002,0.7720000000000482,3.52800000000002,0.21882086167801695,0.3590697674418829,0.6639999999999873,2.0919999999999845,0.7140000000000555,2.7559999999999993,0.7942115664482117,0.9482164978981018
manual_ground_truth_w0130_c49_i000,m3_improved_prediction_w0130_c49_i038,130,49,POz,656.472,660.0,657.18,657.904,3.5279999999999996,0.7240000000000002,0.7240000000000464,3.52800000000002,0.20521541950114577,0.34054562558798046,0.70799999999997,2.0960000000000036,0.6940000000000737,2.8039999999999994,0.7675690054893494,0.9531002640724182
manual_ground_truth_w0130_c50_i000,m3_improved_prediction_w0130_c50_i012,130,50,PO3,656.472,660.0,657.196,657.904,3.5279999999999996,0.7080000000000002,0.70799999999997,3.52800000000002,0.20068027210883388,0.33427762039658643,0.7240000000000464,2.0960000000000036,0.6860000000000355,2.8199999999999994,0.7107855677604675,0.9586576223373413
manual_ground_truth_w0130_c51_i000,m3_improved_prediction_w0130_c51_i012,130,51,PO4,656.472,660.0,657.284,657.9,3.5279999999999996,0.6160000000000005,0.6159999999999854,3.52800000000002,0.1746031746031695,0.29729729729729026,0.8120000000000118,2.1000000000000227,0.6440000000000055,2.911999999999999,0.7049978971481323,0.9658399820327759
manual_ground_truth_w0130_c52_i000,m3_improved_prediction_w0130_c52_i012,130,52,PO5,656.472,660.0,657.324,657.696,3.5279999999999996,0.3719999999999999,0.37200000000007094,3.52800000000002,0.1054421768707678,0.19076923076926716,0.8519999999999754,2.3039999999999736,0.7259999999999991,3.1559999999999997,0.6047176718711853,0.7730425000190735
manual_ground_truth_w0130_c53_i000,m3_improved_prediction_w0130_c53_i014,130,53,PO6,656.472,660.0,658.444,659.024,3.5279999999999996,0.5799999999999983,0.5800000000000409,3.52800000000002,0.1643990929705322,0.28237585199612525,1.97199999999998,0.9759999999999991,0.4979999999999336,2.9480000000000013,0.7509766221046448,0.9888803958892822
manual_ground_truth_w0130_c54_i000,m3_improved_prediction_w0130_c54_i019,130,54,PO7,656.472,660.0,658.532,659.036,3.5279999999999996,0.5039999999999996,0.5039999999999054,3.52800000000002,0.14285714285711523,0.24999999999995315,2.060000000000059,0.9640000000000555,0.5480000000000018,3.024,0.7860370874404907,0.992845356464386
manual_ground_truth_w0130_c55_i000,m3_improved_prediction_w0130_c55_i015,130,55,PO8,656.472,660.0,658.636,659.028,3.5279999999999996,0.39200000000000124,0.39200000000005275,3.52800000000002,0.11111111111112543,0.20000000000002688,2.1639999999999873,0.97199999999998,0.5960000000000036,3.1359999999999983,0.8071906566619873,0.9804456830024719
manual_ground_truth_w0130_c56_i000,m3_improved_prediction_w0130_c56_i001,130,56,Oz,656.472,660.0,657.3,657.892,3.5279999999999996,0.5920000000000005,0.5920000000000982,3.52800000000002,0.1678004535147661,0.2873786407767467,0.8279999999999745,2.1079999999999472,0.6399999999999864,2.935999999999999,0.6694003939628601,0.8245249390602112
manual_ground_truth_w0130_c57_i000,m3_improved_prediction_w0130_c57_i003,130,57,O1,656.472,660.0,657.28,657.896,3.5279999999999996,0.6159999999999997,0.6159999999999854,3.52800000000002,0.1746031746031695,0.2972972972972903,0.8079999999999927,2.104000000000042,0.6480000000000246,2.912,0.7337489724159241,0.8799225687980652
manual_ground_truth_w0130_c58_i000,m3_improved_prediction_w0130_c58_i009,130,58,O2,656.472,660.0,658.564,659.028,3.5279999999999996,0.4640000000000004,0.4640000000000555,3.52800000000002,0.1315192743764322,0.23246492985974723,2.0919999999999845,0.97199999999998,0.5600000000000591,3.063999999999999,0.695990264415741,0.9131137728691101
manual_ground_truth_w0131_c00_i000,m3_improved_prediction_w0131_c00_i017,131,0,Fpz,656.472,665.0,659.416,660.74,8.528,1.3239999999999998,1.3239999999999554,8.52800000000002,0.1552532833020582,0.26877791311407945,2.9440000000000737,4.259999999999991,0.6580000000000155,7.204000000000001,0.6638623476028442,0.8960279226303101
manual_ground_truth_w0131_c01_i000,m3_improved_prediction_w0131_c01_i006,131,1,Fp1,656.472,665.0,659.332,662.7,8.528,3.3680000000000003,3.368000000000052,8.52800000000002,0.39493433395872934,0.5662407531943597,2.8600000000000136,2.2999999999999545,0.2800000000000864,5.16,0.8737322688102722,0.9741652607917786
manual_ground_truth_w0131_c02_i000,m3_improved_prediction_w0131_c02_i008,131,2,Fp2,656.472,665.0,659.332,662.7,8.528,3.3680000000000003,3.368000000000052,8.52800000000002,0.39493433395872934,0.5662407531943597,2.8600000000000136,2.2999999999999545,0.2800000000000864,5.16,0.8210945725440979,0.9649991393089294
manual_ground_truth_w0131_c03_i000,m3_improved_prediction_w0131_c03_i009,131,3,AF3,656.472,665.0,658.332,659.116,8.528,0.7839999999999998,0.7839999999999918,8.52800000000002,0.09193245778611514,0.16838487972508412,1.8600000000000136,5.8840000000000146,2.0120000000000573,7.744000000000001,0.6984224915504456,0.9354944825172424
manual_ground_truth_w0131_c04_i000,m3_improved_prediction_w0131_c04_i015,131,4,AF4,656.472,665.0,659.432,660.732,8.528,1.2999999999999998,1.2999999999999545,8.52800000000002,0.1524390243902382,0.2645502645502553,2.9600000000000364,4.268000000000029,0.6539999999999964,7.228000000000001,0.6691702604293823,0.9394052624702454
manual_ground_truth_w0131_c05_i000,m3_improved_prediction_w0131_c05_i020,131,5,AF7,656.472,665.0,659.36,661.528,8.528,2.1679999999999993,2.1680000000000064,8.52800000000002,0.25422138836773,0.40538519072550605,2.8880000000000337,3.47199999999998,0.29200000000003,6.360000000000001,0.7369056940078735,0.9395429491996765
manual_ground_truth_w0131_c06_i000,m3_improved_prediction_w0131_c06_i020,131,6,AF8,656.472,665.0,659.464,660.748,8.528,1.2839999999999998,1.2839999999999918,8.52800000000002,0.15056285178236267,0.26172034243782955,2.9920000000000755,4.251999999999953,0.6299999999999955,7.244000000000001,0.754554033279419,0.9937422871589661
manual_ground_truth_w0131_c07_i000,m3_improved_prediction_w0131_c07_i034,131,7,Fz,656.472,665.0,659.336,660.788,8.528,1.452,1.4519999999999982,8.52800000000002,0.17026266416510258,0.29098196392785536,2.8640000000000327,4.211999999999989,0.6739999999999782,7.0760000000000005,0.7270315885543823,0.9978616833686829
manual_ground_truth_w0131_c08_i000,m3_improved_prediction_w0131_c08_i031,131,8,F1,656.472,665.0,659.688,660.668,8.528,0.9800000000000004,0.9800000000000182,8.52800000000002,0.11491557223264727,0.20614219604543924,3.216000000000008,4.331999999999994,0.5579999999999927,7.548,0.6847577691078186,0.999015212059021
manual_ground_truth_w0131_c09_i000,m3_improved_prediction_w0131_c09_i023,131,9,F2,656.472,665.0,659.684,660.672,8.528,0.9879999999999995,0.9880000000000564,8.52800000000002,0.1158536585365917,0.20765027322405558,3.211999999999989,4.3279999999999745,0.5579999999999927,7.540000000000001,0.7138248085975647,0.9988479614257812
manual_ground_truth_w0131_c10_i000,m3_improved_prediction_w0131_c10_i031,131,10,F3,656.472,665.0,659.564,660.788,8.528,1.2240000000000002,1.2240000000000464,8.52800000000002,0.14352720450281936,0.25102543068089544,3.0919999999999845,4.211999999999989,0.5600000000000591,7.304,0.7381969690322876,0.9992081522941589
manual_ground_truth_w0131_c11_i000,m3_improved_prediction_w0131_c11_i023,131,11,F4,656.472,665.0,656.948,658.004,8.528,1.056,1.05600000000004,8.52800000000002,0.12382739212007945,0.22036727879800502,0.4759999999999991,6.995999999999981,3.259999999999991,7.472,0.776760458946228,0.9920475482940674
manual_ground_truth_w0131_c12_i000,m3_improved_prediction_w0131_c12_i014,131,12,F5,656.472,665.0,656.988,658.172,8.528,1.1840000000000002,1.183999999999969,8.52800000000002,0.1388367729831105,0.2438220757825307,0.5160000000000764,6.8279999999999745,3.155999999999949,7.344,0.7355039715766907,0.9892451763153076
manual_ground_truth_w0131_c13_i000,m3_improved_prediction_w0131_c13_i009,131,13,F6,656.472,665.0,657.008,658.052,8.528,1.044,1.0439999999999827,8.52800000000002,0.1224202626641628,0.21813623067279203,0.5360000000000582,6.947999999999979,3.2060000000000173,7.484,0.7436153292655945,0.9877166152000427
manual_ground_truth_w0131_c14_i000,m3_improved_prediction_w0131_c14_i016,131,14,F7,656.472,665.0,657.14,658.172,8.528,1.032,1.032000000000039,8.52800000000002,0.12101313320825946,0.21589958158996633,0.6680000000000064,6.8279999999999745,3.080000000000041,7.496,0.7760570645332336,0.9901083707809448
manual_ground_truth_w0131_c15_i000,m3_improved_prediction_w0131_c15_i021,131,15,F8,656.472,665.0,656.984,658.172,8.528,1.1880000000000002,1.1879999999999882,8.52800000000002,0.13930581613508272,0.24454508027994815,0.5120000000000573,6.8279999999999745,3.1580000000000155,7.34,0.7538765668869019,0.9894052147865295
manual_ground_truth_w0131_c16_i000,m3_improved_prediction_w0131_c16_i020,131,16,FCz,656.472,665.0,659.62,660.664,8.528,1.0439999999999996,1.0439999999999827,8.52800000000002,0.1224202626641628,0.21813623067279206,3.1480000000000246,4.336000000000013,0.5939999999999372,7.484000000000001,0.7517997622489929,0.9993100166320801
manual_ground_truth_w0131_c17_i000,m3_improved_prediction_w0131_c17_i018,131,17,FC1,656.472,665.0,656.948,658.052,8.528,1.104,1.1040000000000418,8.52800000000002,0.12945590994371942,0.22923588039867976,0.4759999999999991,6.947999999999979,3.23599999999999,7.424,0.7591031789779663,0.9790161848068237
manual_ground_truth_w0131_c18_i000,m3_improved_prediction_w0131_c18_i019,131,18,FC2,656.472,665.0,659.304,660.668,8.528,1.3639999999999999,1.3640000000000327,8.52800000000002,0.15994371482176706,0.275778406793375,2.8319999999999936,4.331999999999994,0.75,7.164000000000001,0.7795645594596863,0.9989432692527771
manual_ground_truth_w0131_c19_i000,m3_improved_prediction_w0131_c19_i020,131,19,FC3,656.472,665.0,656.996,658.016,8.528,1.02,1.0199999999999818,8.52800000000002,0.1196060037523428,0.21365731043150016,0.5240000000000009,6.984000000000037,3.230000000000018,7.508000000000001,0.7300888299942017,0.9890255331993103
manual_ground_truth_w0131_c20_i000,m3_improved_prediction_w0131_c20_i014,131,20,FC4,656.472,665.0,656.952,658.232,8.528,1.2800000000000002,1.2799999999999727,8.52800000000002,0.15009380863039046,0.2610114192495866,0.4800000000000182,6.768000000000029,3.1440000000000055,7.248,0.7221106290817261,0.9887241721153259
manual_ground_truth_w0131_c21_i000,m3_improved_prediction_w0131_c21_i022,131,21,FC5,656.472,665.0,656.952,658.06,8.528,1.108,1.1079999999999472,8.52800000000002,0.1299249530956783,0.22997094229969844,0.4800000000000182,6.940000000000055,3.230000000000018,7.42,0.7454467415809631,0.9704710245132446
manual_ground_truth_w0131_c22_i000,m3_improved_prediction_w0131_c22_i016,131,22,FC6,656.472,665.0,656.996,658.016,8.528,1.02,1.0199999999999818,8.52800000000002,0.1196060037523428,0.21365731043150016,0.5240000000000009,6.984000000000037,3.230000000000018,7.508000000000001,0.7788152694702148,0.9756247401237488
manual_ground_truth_w0131_c23_i000,m3_improved_prediction_w0131_c23_i017,131,23,FT7,656.472,665.0,659.296,661.452,8.528,2.1559999999999997,2.155999999999949,8.52800000000002,0.2528142589118133,0.40359415949081784,2.824000000000069,3.548000000000002,0.36199999999996635,6.372000000000001,0.720406174659729,0.9987446069717407
manual_ground_truth_w0131_c24_i000,m3_improved_prediction_w0131_c24_i022,131,24,FT8,656.472,665.0,659.3,660.932,8.528,1.6320000000000006,1.6320000000000618,8.52800000000002,0.19136960600375916,0.3212598425196972,2.8279999999999745,4.067999999999984,0.6200000000000045,6.896,0.6964976191520691,0.9982031583786011
manual_ground_truth_w0131_c25_i000,m3_improved_prediction_w0131_c25_i031,131,25,Cz,656.472,665.0,659.716,660.932,8.528,1.2160000000000002,1.2160000000000082,8.52800000000002,0.14258911819887493,0.249589490968803,3.244000000000028,4.067999999999984,0.4119999999999209,7.312,0.7191329002380371,0.9982543587684631
manual_ground_truth_w0131_c26_i000,m3_improved_prediction_w0131_c26_i024,131,26,C1,656.472,665.0,659.632,660.936,8.528,1.3040000000000003,1.3040000000000873,8.52800000000002,0.15290806754222377,0.2652563059398062,3.159999999999968,4.0639999999999645,0.4519999999999982,7.224,0.7645003199577332,0.9988265633583069
manual_ground_truth_w0131_c27_i000,m3_improved_prediction_w0131_c27_i020,131,27,C2,656.472,665.0,659.252,660.932,8.528,1.6800000000000006,1.6800000000000637,8.52800000000002,0.19699812382739912,0.3291536050156864,2.7799999999999727,4.067999999999984,0.6440000000000055,6.848,0.7009338140487671,0.9981223940849304
manual_ground_truth_w0131_c28_i000,m3_improved_prediction_w0131_c28_i020,131,28,C3,656.472,665.0,659.252,660.716,8.528,1.4640000000000004,1.4640000000000555,8.52800000000002,0.17166979362101922,0.29303442754204473,2.7799999999999727,4.283999999999992,0.7520000000000664,7.064,0.7034059762954712,0.9980818033218384
manual_ground_truth_w0131_c29_i000,m3_improved_prediction_w0131_c29_i010,131,29,C4,656.472,665.0,658.076,659.724,8.528,1.6480000000000001,1.6480000000000246,8.52800000000002,0.1932457786116347,0.3238993710691872,1.6040000000000418,5.275999999999954,1.835999999999899,6.880000000000001,0.7000510096549988,0.9987015724182129
manual_ground_truth_w0131_c30_i000,m3_improved_prediction_w0131_c30_i032,131,30,C5,656.472,665.0,658.24,659.116,8.528,0.8759999999999994,0.8759999999999764,8.52800000000002,0.10272045028142288,0.18630370055295117,1.768000000000029,5.8840000000000146,2.0579999999999927,7.652000000000001,0.7194020748138428,0.998613715171814
manual_ground_truth_w0131_c31_i000,m3_improved_prediction_w0131_c31_i032,131,31,C6,656.472,665.0,661.08,662.96,8.528,1.88,1.8799999999999955,8.52800000000002,0.22045028142589013,0.36126056879323504,4.608000000000061,2.0399999999999636,1.2839999999999918,6.648000000000001,0.6528593301773071,0.987555205821991
manual_ground_truth_w0131_c32_i000,m3_improved_prediction_w0131_c32_i008,131,32,T7,656.472,665.0,658.192,662.72,8.528,4.528,4.52800000000002,8.52800000000002,0.5309568480300199,0.6936274509803951,1.7200000000000273,2.2799999999999727,0.2799999999999727,4.000000000000001,0.781389057636261,0.9986745119094849
manual_ground_truth_w0131_c33_i000,m3_improved_prediction_w0131_c33_i009,131,33,T8,656.472,665.0,657.7,662.7,8.528,5.0,5.0,8.52800000000002,0.5863039399624752,0.7392075694855115,1.2280000000000655,2.2999999999999545,0.5359999999999445,3.5280000000000005,0.7642316818237305,0.998505711555481
manual_ground_truth_w0131_c34_i000,m3_improved_prediction_w0131_c34_i014,131,34,CP1,656.472,665.0,659.62,661.276,8.528,1.6559999999999997,1.655999999999949,8.52800000000002,0.1941838649155658,0.3252160251374605,3.1480000000000246,3.7240000000000464,0.2880000000000109,6.872000000000001,0.7050080895423889,0.9927045106887817
manual_ground_truth_w0131_c35_i000,m3_improved_prediction_w0131_c35_i017,131,35,CP2,656.472,665.0,659.728,661.276,8.528,1.548,1.5480000000000018,8.52800000000002,0.18151969981238253,0.30726478761413295,3.255999999999972,3.7240000000000464,0.2340000000000373,6.98,0.7297360301017761,0.9946532249450684
manual_ground_truth_w0131_c36_i000,m3_improved_prediction_w0131_c36_i030,131,36,CP3,656.472,665.0,661.288,662.64,8.528,1.3519999999999994,1.3519999999999754,8.52800000000002,0.1585365853658504,0.27368421052631087,4.816000000000031,2.3600000000000136,1.2279999999999518,7.176000000000001,0.7195132374763489,0.9894683957099915
manual_ground_truth_w0131_c37_i000,m3_improved_prediction_w0131_c37_i029,131,37,CP4,656.472,665.0,659.74,660.82,8.528,1.08,1.080000000000041,8.52800000000002,0.12664165103189945,0.22481265611990858,3.268000000000029,4.17999999999995,0.4560000000000173,7.448,0.7239692807197571,0.996333122253418
manual_ground_truth_w0131_c38_i000,m3_improved_prediction_w0131_c38_i018,131,38,CP5,656.472,665.0,658.2,659.236,8.528,1.0359999999999996,1.0359999999999445,8.52800000000002,0.12148217636021835,0.2166457549142502,1.7280000000000655,5.76400000000001,2.0179999999999154,7.492000000000001,0.7058492302894592,0.9964637160301208
manual_ground_truth_w0131_c39_i000,m3_improved_prediction_w0131_c39_i027,131,39,CP6,656.472,665.0,658.212,659.24,8.528,1.028,1.02800000000002,8.52800000000002,0.12054409005628725,0.21515278359146503,1.740000000000009,5.759999999999991,2.009999999999991,7.5,0.6831917762756348,0.9975854158401489
manual_ground_truth_w0131_c40_i000,m3_improved_prediction_w0131_c40_i028,131,40,TP7,656.472,665.0,658.244,659.244,8.528,0.9999999999999996,1.0,8.52800000000002,0.11726078799249504,0.20990764063811923,1.7720000000000482,5.755999999999972,1.9919999999999618,7.5280000000000005,0.7427768707275391,0.9959706664085388
manual_ground_truth_w0131_c41_i000,m3_improved_prediction_w0131_c41_i019,131,41,TP8,656.472,665.0,658.248,659.24,8.528,0.992,0.9919999999999618,8.52800000000002,0.11632270168855059,0.2084033613445298,1.7760000000000673,5.759999999999991,1.9919999999999618,7.5360000000000005,0.7392226457595825,0.9935513734817505
manual_ground_truth_w0131_c42_i000,m3_improved_prediction_w0131_c42_i021,131,42,Pz,656.472,665.0,658.404,659.176,8.528,0.7720000000000002,0.7720000000000482,8.52800000000002,0.09052532833021182,0.16602150537635443,1.9320000000000164,5.823999999999955,1.9460000000000264,7.756,0.7479654550552368,0.9955896139144897
manual_ground_truth_w0131_c43_i000,m3_improved_prediction_w0131_c43_i025,131,43,P3,656.472,665.0,658.308,659.12,8.528,0.8120000000000003,0.8120000000000118,8.52800000000002,0.09521575984990735,0.1738758029978612,1.8360000000000127,5.8799999999999955,2.022000000000048,7.716,0.752251386642456,0.9968531727790833
manual_ground_truth_w0131_c44_i000,m3_improved_prediction_w0131_c44_i049,131,44,P4,656.472,665.0,661.376,662.596,8.528,1.2199999999999998,1.2200000000000273,8.52800000000002,0.14305816135084715,0.2503077554370183,4.903999999999996,2.4039999999999964,1.25,7.308000000000001,0.7365861535072327,0.985205352306366
manual_ground_truth_w0131_c45_i000,m3_improved_prediction_w0131_c45_i050,131,45,P5,656.472,665.0,663.66,664.584,8.528,0.9239999999999995,0.9239999999999782,8.52800000000002,0.10834896810506285,0.19551417689377448,7.187999999999988,0.41600000000005366,3.3859999999999673,7.604000000000001,0.7982218861579895,0.9716154336929321
manual_ground_truth_w0131_c46_i000,m3_improved_prediction_w0131_c46_i024,131,46,P6,656.472,665.0,658.244,659.176,8.528,0.9319999999999999,0.9320000000000164,8.52800000000002,0.1092870544090073,0.19704016913319583,1.7720000000000482,5.823999999999955,2.0259999999999536,7.596,0.7173841595649719,0.9960418939590454
manual_ground_truth_w0131_c47_i000,m3_improved_prediction_w0131_c47_i021,131,47,P7,656.472,665.0,657.128,657.924,8.528,0.7959999999999998,0.7959999999999354,8.52800000000002,0.09333958724201848,0.1707421707421569,0.6560000000000628,7.076000000000022,3.2099999999999227,7.732000000000001,0.7169689536094666,0.9268726110458374
manual_ground_truth_w0131_c48_i000,m3_improved_prediction_w0131_c48_i015,131,48,P8,656.472,665.0,658.204,659.056,8.528,0.8519999999999999,0.8520000000000891,8.52800000000002,0.09990619136961622,0.18166311300641558,1.731999999999971,5.94399999999996,2.1059999999999945,7.676,0.7177165150642395,0.9932823181152344
manual_ground_truth_w0131_c49_i000,m3_improved_prediction_w0131_c49_i044,131,49,POz,656.472,665.0,661.496,662.556,8.528,1.0599999999999996,1.0600000000000591,8.52800000000002,0.12429643527205167,0.22110972048395056,5.024000000000001,2.44399999999996,1.2900000000000773,7.468000000000001,0.719210147857666,0.9796739220619202
manual_ground_truth_w0131_c50_i000,m3_improved_prediction_w0131_c50_i037,131,50,PO3,656.472,665.0,661.38,662.576,8.528,1.1959999999999997,1.1960000000000264,8.52800000000002,0.14024390243902715,0.24598930481283965,4.9080000000000155,2.423999999999978,1.2420000000000755,7.332000000000001,0.6958073377609253,0.9829711318016052
manual_ground_truth_w0131_c51_i000,m3_improved_prediction_w0131_c51_i012,131,51,PO4,656.472,665.0,659.992,660.644,8.528,0.6520000000000001,0.6520000000000437,8.52800000000002,0.07645403377111189,0.14204793028323393,3.519999999999982,4.3559999999999945,0.41800000000000637,7.876,0.7556235790252686,0.9953799247741699
manual_ground_truth_w0131_c52_i000,m3_improved_prediction_w0131_c52_i037,131,52,PO5,656.472,665.0,663.932,664.572,8.528,0.6399999999999988,0.6399999999999864,8.52800000000002,0.07504690431519523,0.13961605584641937,7.460000000000036,0.42799999999999727,3.5159999999999627,7.888000000000002,0.6797742247581482,0.9586649537086487
manual_ground_truth_w0131_c53_i000,m3_improved_prediction_w0131_c53_i032,131,53,PO6,656.472,665.0,663.932,664.58,8.528,0.6479999999999997,0.6480000000000246,8.52800000000002,0.07598499061913966,0.1412380122057595,7.460000000000036,0.4199999999999591,3.5200000000000955,7.880000000000001,0.7625384330749512,0.9767577052116394
manual_ground_truth_w0131_c54_i000,m3_improved_prediction_w0131_c54_i017,131,54,PO7,656.472,665.0,663.944,664.54,8.528,0.5959999999999983,0.5960000000000036,8.52800000000002,0.06988742964352747,0.13064445418676102,7.47199999999998,0.4600000000000364,3.505999999999972,7.932000000000002,0.778259813785553,0.9903916120529175
manual_ground_truth_w0131_c55_i000,m3_improved_prediction_w0131_c55_i021,131,55,PO8,656.472,665.0,663.948,664.54,8.528,0.5919999999999987,0.5919999999999845,8.52800000000002,0.06941838649155525,0.1298245614035054,7.475999999999999,0.4600000000000364,3.5079999999999245,7.936000000000002,0.7497642040252686,0.9773793816566467
manual_ground_truth_w0131_c56_i000,m3_improved_prediction_w0131_c56_i013,131,56,Oz,656.472,665.0,663.944,664.54,8.528,0.5959999999999983,0.5960000000000036,8.52800000000002,0.06988742964352747,0.13064445418676102,7.47199999999998,0.4600000000000364,3.505999999999972,7.932000000000002,0.6468619704246521,0.9164350032806396
manual_ground_truth_w0131_c57_i000,m3_improved_prediction_w0131_c57_i009,131,57,O1,656.472,665.0,663.944,664.54,8.528,0.5959999999999983,0.5960000000000036,8.52800000000002,0.06988742964352747,0.13064445418676102,7.47199999999998,0.4600000000000364,3.505999999999972,7.932000000000002,0.7280443906784058,0.9346139430999756
manual_ground_truth_w0131_c58_i000,m3_improved_prediction_w0131_c58_i014,131,58,O2,656.472,665.0,664.16,664.54,8.528,0.379999999999999,0.37999999999999545,8.52800000000002,0.04455909943714758,0.08531656937584092,7.687999999999988,0.4600000000000364,3.613999999999919,8.148000000000001,0.7672938108444214,0.9635353088378906
manual_ground_truth_w0132_c00_i000,m3_improved_prediction_w0132_c00_i020,132,0,Fpz,660.0,667.088,665.68,667.224,7.088,1.5440000000000005,1.4080000000000155,7.224000000000046,0.19490586932447487,0.32622798887859483,5.67999999999995,0.13600000000008095,2.9080000000000155,5.544,0.6759318709373474,0.9129123091697693
manual_ground_truth_w0132_c01_i000,m3_improved_prediction_w0132_c01_i000,132,1,Fp1,660.0,667.088,660.0,662.636,7.088,2.636,2.6359999999999673,7.087999999999965,0.3718961625282139,0.5421637186343001,0.0,4.451999999999998,2.225999999999999,4.452,0.7903059124946594,0.9731277227401733
manual_ground_truth_w0132_c02_i000,m3_improved_prediction_w0132_c02_i001,132,2,Fp2,660.0,667.088,660.2,662.696,7.088,2.496,2.495999999999981,7.087999999999965,0.3521444695259584,0.5208681135225336,0.20000000000004547,4.391999999999939,2.09599999999989,4.5920000000000005,0.7600165009498596,0.9573794007301331
manual_ground_truth_w0132_c03_i000,m3_improved_prediction_w0132_c03_i023,132,3,AF3,660.0,667.088,665.844,666.996,7.088,1.1520000000000001,1.15199999999993,7.087999999999965,0.16252821670427986,0.2796116504854199,5.844000000000051,0.09199999999998454,2.87600000000009,5.936,0.6700398921966553,0.928305447101593
manual_ground_truth_w0132_c04_i000,m3_improved_prediction_w0132_c04_i014,132,4,AF4,660.0,667.088,665.844,666.656,7.088,0.8119999999999994,0.8119999999998981,7.087999999999965,0.11455981941307875,0.2055696202531388,5.844000000000051,0.43200000000001637,2.7060000000000173,6.276000000000001,0.7968328595161438,0.9437583088874817
manual_ground_truth_w0132_c05_i000,m3_improved_prediction_w0132_c05_i024,132,5,AF7,660.0,667.088,665.376,668.244,7.088,2.8679999999999994,1.711999999999989,8.244000000000028,0.20766618146530608,0.3439132181599014,5.375999999999976,1.1560000000000628,3.2659999999999627,4.220000000000001,0.7105890512466431,0.9642542600631714
manual_ground_truth_w0132_c06_i000,m3_improved_prediction_w0132_c06_i021,132,6,AF8,660.0,667.088,665.264,668.248,7.088,2.983999999999999,1.8239999999999554,8.248000000000047,0.22114451988360148,0.36219221604447094,5.26400000000001,1.1600000000000819,3.2120000000001028,4.104000000000001,0.6769380569458008,0.9661833643913269
manual_ground_truth_w0132_c07_i000,m3_improved_prediction_w0132_c07_i020,132,7,Fz,660.0,667.088,665.152,669.56,7.088,4.408,1.9359999999999218,9.559999999999945,0.202510460251039,0.3368128044537094,5.152000000000044,2.47199999999998,3.812000000000012,2.6799999999999997,0.7186400294303894,0.9837661981582642
manual_ground_truth_w0132_c08_i000,m3_improved_prediction_w0132_c08_i045,132,8,F1,660.0,667.088,665.84,666.944,7.088,1.104,1.1039999999999281,7.087999999999965,0.1557562076749342,0.26953124999998246,5.840000000000032,0.14400000000000546,2.84800000000007,5.984,0.8148502111434937,0.991292417049408
manual_ground_truth_w0132_c09_i000,m3_improved_prediction_w0132_c09_i033,132,9,F2,660.0,667.088,665.836,666.944,7.088,1.1079999999999997,1.1079999999999472,7.087999999999965,0.15632054176071566,0.27037579306977727,5.836000000000013,0.14400000000000546,2.8460000000000036,5.98,0.8190585970878601,0.9882290363311768
manual_ground_truth_w0132_c10_i000,m3_improved_prediction_w0132_c10_i008,132,10,F3,660.0,667.088,661.488,662.804,7.088,1.3159999999999998,1.3159999999999172,7.087999999999965,0.18566591422120818,0.3131841980009322,1.4880000000000564,4.283999999999992,1.3980000000000246,5.772,0.7123677730560303,0.9872495532035828
manual_ground_truth_w0132_c11_i000,m3_improved_prediction_w0132_c11_i007,132,11,F4,660.0,667.088,661.688,662.808,7.088,1.1199999999999999,1.1200000000000045,7.087999999999965,0.15801354401806011,0.2729044834308003,1.6879999999999882,4.279999999999973,1.2959999999999354,5.968,0.7281618118286133,0.9917526841163635
manual_ground_truth_w0132_c12_i000,m3_improved_prediction_w0132_c12_i038,132,12,F5,660.0,667.088,665.84,666.94,7.088,1.1000000000000005,1.1000000000000227,7.087999999999965,0.15519187358916875,0.26868588177821756,5.840000000000032,0.14799999999991087,2.8460000000001173,5.9879999999999995,0.7897976040840149,0.9916184544563293
manual_ground_truth_w0132_c13_i000,m3_improved_prediction_w0132_c13_i049,132,13,F6,660.0,667.088,665.936,666.884,7.088,0.9480000000000004,0.9479999999999791,7.087999999999965,0.1337471783295688,0.2359382777501192,5.9360000000000355,0.2039999999999509,2.866000000000099,6.14,0.7880093455314636,0.9930151700973511
manual_ground_truth_w0132_c14_i000,m3_improved_prediction_w0132_c14_i040,132,14,F7,660.0,667.088,665.26,666.88,7.088,1.62,1.6200000000000045,7.087999999999965,0.22855530474040808,0.3720716582452927,5.259999999999991,0.20799999999997,2.5259999999999536,5.468,0.720382034778595,0.9947761297225952
manual_ground_truth_w0132_c15_i000,m3_improved_prediction_w0132_c15_i030,132,15,F8,660.0,667.088,665.208,666.884,7.088,1.6760000000000002,1.6760000000000446,7.087999999999965,0.2364559819413167,0.3824737562756834,5.20799999999997,0.2039999999999509,2.5020000000000664,5.412,0.7797753214836121,0.9955148100852966
manual_ground_truth_w0132_c16_i000,m3_improved_prediction_w0132_c16_i038,132,16,FCz,660.0,667.088,665.684,666.884,7.088,1.2000000000000002,1.2000000000000455,7.087999999999965,0.16930022573364156,0.28957528957530054,5.683999999999969,0.2039999999999509,2.740000000000009,5.888,0.7329394817352295,0.9952881336212158
manual_ground_truth_w0132_c17_i000,m3_improved_prediction_w0132_c17_i025,132,17,FC1,660.0,667.088,665.2,666.94,7.088,1.7400000000000002,1.740000000000009,7.087999999999965,0.24548532731377223,0.39420027186225853,5.2000000000000455,0.14799999999991087,2.5260000000000673,5.348,0.7445141077041626,0.9948734641075134
manual_ground_truth_w0132_c18_i000,m3_improved_prediction_w0132_c18_i021,132,18,FC2,660.0,667.088,664.656,667.032,7.088,2.3760000000000003,2.37600000000009,7.087999999999965,0.33521444695261027,0.5021132713440596,4.655999999999949,0.05599999999992633,2.300000000000068,4.712,0.772741973400116,0.9949347376823425
manual_ground_truth_w0132_c19_i000,m3_improved_prediction_w0132_c19_i020,132,19,FC3,660.0,667.088,665.056,667.028,7.088,1.9719999999999995,1.97199999999998,7.087999999999965,0.2782167042889376,0.4353200883002164,5.05600000000004,0.05999999999994543,2.4980000000000473,5.1160000000000005,0.7791542410850525,0.9956210255622864
manual_ground_truth_w0132_c20_i000,m3_improved_prediction_w0132_c20_i029,132,20,FC4,660.0,667.088,665.12,666.944,7.088,1.8239999999999998,1.8239999999999554,7.087999999999965,0.2573363431151191,0.4093357271095053,5.1200000000000045,0.14400000000000546,2.4879999999999427,5.264,0.7267423868179321,0.9971432089805603
manual_ground_truth_w0132_c21_i000,m3_improved_prediction_w0132_c21_i012,132,21,FC5,660.0,667.088,661.636,662.544,7.088,0.9080000000000001,0.9080000000000155,7.087999999999965,0.1281038374717861,0.22711355677839304,1.6359999999999673,4.543999999999983,1.4540000000000646,6.18,0.7401870489120483,0.9929249286651611
manual_ground_truth_w0132_c22_i000,m3_improved_prediction_w0132_c22_i029,132,22,FC6,660.0,667.088,665.896,666.852,7.088,0.9560000000000004,0.9560000000000173,7.087999999999965,0.13487584650113177,0.23769269020388295,5.895999999999958,0.23599999999999,2.830000000000041,6.132,0.7535264492034912,0.9948152899742126
manual_ground_truth_w0132_c23_i000,m3_improved_prediction_w0132_c23_i016,132,23,FT7,660.0,667.088,664.752,669.38,7.088,4.628000000000001,2.3360000000000127,9.379999999999995,0.24904051172708036,0.39877091157391814,4.751999999999953,2.29200000000003,3.522000000000048,2.459999999999999,0.7243255376815796,0.9954581260681152
manual_ground_truth_w0132_c24_i000,m3_improved_prediction_w0132_c24_i025,132,24,FT8,660.0,667.088,665.728,666.868,7.088,1.1400000000000006,1.1400000000001,7.087999999999965,0.1608352144469675,0.2771025765678415,5.727999999999952,0.2199999999999136,2.754000000000019,5.9479999999999995,0.7759972214698792,0.9955694079399109
manual_ground_truth_w0132_c25_i000,m3_improved_prediction_w0132_c25_i030,132,25,Cz,660.0,667.088,665.728,666.816,7.088,1.088,1.0880000000000791,7.087999999999965,0.15349887133184034,0.26614481409003893,5.727999999999952,0.2719999999999345,2.727999999999952,6.0,0.7413897514343262,0.9954480528831482
manual_ground_truth_w0132_c26_i000,m3_improved_prediction_w0132_c26_i033,132,26,C1,660.0,667.088,665.72,666.94,7.088,1.2200000000000006,1.2200000000000273,7.087999999999965,0.1721218961625329,0.2936928261916291,5.720000000000027,0.14799999999991087,2.786000000000058,5.867999999999999,0.7137672305107117,0.9932030439376831
manual_ground_truth_w0132_c27_i000,m3_improved_prediction_w0132_c27_i024,132,27,C2,660.0,667.088,665.72,667.028,7.088,1.3079999999999998,1.3079999999999927,7.087999999999965,0.18453724604966126,0.3115769414006652,5.720000000000027,0.05999999999994543,2.830000000000041,5.78,0.7396515011787415,0.9922852516174316
manual_ground_truth_w0132_c28_i000,m3_improved_prediction_w0132_c28_i028,132,28,C3,660.0,667.088,665.952,667.336,7.088,1.3840000000000003,1.1359999999999673,7.336000000000013,0.15485278080697454,0.26817752596788647,5.951999999999998,0.2480000000000473,3.1000000000000227,5.704,0.7276993989944458,0.9928498268127441
manual_ground_truth_w0132_c29_i000,m3_improved_prediction_w0132_c29_i031,132,29,C4,660.0,667.088,665.944,667.132,7.088,1.1879999999999997,1.1440000000000055,7.131999999999948,0.16040381379697333,0.2764620589656852,5.94399999999996,0.04399999999998272,2.994000000000028,5.9,0.7340605854988098,0.9945789575576782
manual_ground_truth_w0132_c30_i000,m3_improved_prediction_w0132_c30_i001,132,30,C5,660.0,667.088,660.1,660.716,7.088,0.616,0.6159999999999854,7.087999999999965,0.08690744920993065,0.1599169262720627,0.10000000000002274,6.371999999999957,3.1359999999999673,6.472,0.7546980381011963,0.9965117573738098
manual_ground_truth_w0132_c31_i000,m3_improved_prediction_w0132_c31_i045,132,31,C6,660.0,667.088,665.792,666.856,7.088,1.064,1.0639999999999645,7.087999999999965,0.1501128668171515,0.2610402355250158,5.79200000000003,0.2319999999999709,2.7800000000000864,6.024,0.7427902817726135,0.9916450381278992
manual_ground_truth_w0132_c32_i000,m3_improved_prediction_w0132_c32_i020,132,32,T7,660.0,667.088,664.94,667.308,7.088,2.3679999999999994,2.147999999999911,7.307999999999993,0.29392446633824754,0.4543147208121639,4.940000000000055,0.22000000000002728,2.580000000000041,4.720000000000001,0.7375144362449646,0.9912543892860413
manual_ground_truth_w0132_c33_i000,m3_improved_prediction_w0132_c33_i023,132,33,T8,660.0,667.088,665.72,667.292,7.088,1.572,1.3679999999999382,7.29200000000003,0.187602852441022,0.31593533487296493,5.720000000000027,0.20400000000006457,2.9620000000001028,5.516,0.7504823207855225,0.992566704750061
manual_ground_truth_w0132_c34_i000,m3_improved_prediction_w0132_c34_i014,132,34,CP1,660.0,667.088,661.524,662.592,7.088,1.068,1.0679999999999836,7.087999999999965,0.15067720090293296,0.2618930848455085,1.524000000000001,4.495999999999981,1.48599999999999,6.02,0.7147150635719299,0.975104570388794
manual_ground_truth_w0132_c35_i000,m3_improved_prediction_w0132_c35_i008,132,35,CP2,660.0,667.088,661.392,662.596,7.088,1.2040000000000002,1.2039999999999509,7.087999999999965,0.16986455981940699,0.29040038591412226,1.3920000000000528,4.491999999999962,1.5499999999999545,5.884,0.6992281079292297,0.9770456552505493
manual_ground_truth_w0132_c36_i000,m3_improved_prediction_w0132_c36_i030,132,36,CP3,660.0,667.088,665.72,666.66,7.088,0.9400000000000004,0.9399999999999409,7.087999999999965,0.13261851015800585,0.23418036870950196,5.720000000000027,0.42799999999999727,2.646000000000072,6.148,0.7746219635009766,0.9907400608062744
manual_ground_truth_w0132_c37_i000,m3_improved_prediction_w0132_c37_i034,132,37,CP4,660.0,667.088,665.784,666.684,7.088,0.9000000000000004,0.8999999999999773,7.087999999999965,0.12697516930022315,0.22533800701051007,5.783999999999992,0.40399999999999636,2.689999999999941,6.188,0.7577369809150696,0.9910035133361816
manual_ground_truth_w0132_c38_i000,m3_improved_prediction_w0132_c38_i019,132,38,CP5,660.0,667.088,661.864,662.592,7.088,0.728,0.7279999999999518,7.087999999999965,0.10270880361173185,0.1862845445240409,1.8640000000000327,4.495999999999981,1.3159999999999172,6.36,0.749457061290741,0.9881624579429626
manual_ground_truth_w0132_c39_i000,m3_improved_prediction_w0132_c39_i024,132,39,CP6,660.0,667.088,663.668,664.536,7.088,0.8679999999999994,0.8679999999999382,7.087999999999965,0.12246049661398736,0.2182001005530262,3.6680000000000064,2.552000000000021,0.5579999999999927,6.220000000000001,0.7527243494987488,0.965398907661438
manual_ground_truth_w0132_c40_i000,m3_improved_prediction_w0132_c40_i016,132,40,TP7,660.0,667.088,663.664,664.536,7.088,0.8719999999999994,0.8719999999999573,7.087999999999965,0.12302483069976884,0.21909547738692395,3.6639999999999873,2.552000000000021,0.5559999999999263,6.216000000000001,0.7684535980224609,0.9634186029434204
manual_ground_truth_w0132_c41_i000,m3_improved_prediction_w0132_c41_i022,132,41,TP8,660.0,667.088,663.652,664.576,7.088,0.9239999999999995,0.9239999999999782,7.087999999999965,0.13036117381489598,0.23065401897153723,3.6520000000000437,2.5119999999999436,0.57000000000005,6.164000000000001,0.780456006526947,0.9660751223564148
manual_ground_truth_w0132_c42_i000,m3_improved_prediction_w0132_c42_i027,132,42,Pz,660.0,667.088,665.964,666.652,7.088,0.6879999999999997,0.6879999999999882,7.087999999999965,0.09706546275394914,0.17695473251028504,5.9640000000000555,0.4359999999999218,2.76400000000001,6.4,0.8303555250167847,0.9895553588867188
manual_ground_truth_w0132_c43_i000,m3_improved_prediction_w0132_c43_i035,132,43,P3,660.0,667.088,665.952,666.688,7.088,0.7359999999999998,0.73599999999999,7.087999999999965,0.1038374717832948,0.18813905930470093,5.951999999999998,0.39999999999997726,2.7759999999999536,6.352,0.7986645698547363,0.9904590845108032
manual_ground_truth_w0132_c44_i000,m3_improved_prediction_w0132_c44_i029,132,44,P4,660.0,667.088,665.692,666.692,7.088,1.0,1.0,7.087999999999965,0.14108352144469594,0.2472799208704253,5.692000000000007,0.39599999999995816,2.6480000000000246,6.088,0.742031455039978,0.9881388545036316
manual_ground_truth_w0132_c45_i000,m3_improved_prediction_w0132_c45_i023,132,45,P5,660.0,667.088,665.668,666.692,7.088,1.024,1.024000000000001,7.087999999999965,0.14446952595936877,0.25246548323471424,5.668000000000006,0.39599999999995816,2.636000000000081,6.064,0.7414301037788391,0.9875373244285583
manual_ground_truth_w0132_c46_i000,m3_improved_prediction_w0132_c46_i027,132,46,P6,660.0,667.088,665.668,666.688,7.088,1.0199999999999996,1.0199999999999818,7.087999999999965,0.1439051918735873,0.25160335471139167,5.668000000000006,0.39999999999997726,2.6340000000000146,6.0680000000000005,0.7568894624710083,0.989525318145752
manual_ground_truth_w0132_c47_i000,m3_improved_prediction_w0132_c47_i037,132,47,P7,660.0,667.088,665.652,666.664,7.088,1.0119999999999996,1.0119999999999436,7.087999999999965,0.14277652370202434,0.24987654320986263,5.652000000000044,0.42399999999997817,2.6140000000000327,6.0760000000000005,0.7499498724937439,0.9893794655799866
manual_ground_truth_w0132_c48_i000,m3_improved_prediction_w0132_c48_i042,132,48,P8,660.0,667.088,665.648,666.684,7.088,1.0360000000000005,1.0359999999999445,7.087999999999965,0.14616252821669717,0.25504677498767714,5.648000000000025,0.40399999999999636,2.6219999999999573,6.052,0.7576660513877869,0.9818476438522339
manual_ground_truth_w0132_c49_i000,m3_improved_prediction_w0132_c49_i033,132,49,POz,660.0,667.088,665.672,666.788,7.088,1.1160000000000005,1.1159999999999854,7.087999999999965,0.15744920993227862,0.27206240858117636,5.6720000000000255,0.2999999999999545,2.6860000000000355,5.9719999999999995,0.7679402828216553,0.9777469038963318
manual_ground_truth_w0132_c50_i000,m3_improved_prediction_w0132_c50_i026,132,50,PO3,660.0,667.088,665.676,666.692,7.088,1.016,1.0159999999999627,7.087999999999965,0.1433408577878058,0.25074037512338665,5.676000000000045,0.39599999999995816,2.6399999999999864,6.072,0.715442955493927,0.9765745997428894
manual_ground_truth_w0132_c51_i000,m3_improved_prediction_w0132_c51_i015,132,51,PO4,660.0,667.088,665.688,666.66,7.088,0.9720000000000004,0.97199999999998,7.087999999999965,0.13713318284424164,0.24119106699751364,5.687999999999988,0.42799999999999727,2.6299999999999955,6.116,0.7004943490028381,0.9711889028549194
manual_ground_truth_w0132_c52_i000,m3_improved_prediction_w0132_c52_i011,132,52,PO5,660.0,667.088,663.868,664.508,7.088,0.6400000000000001,0.6399999999999864,7.087999999999965,0.09029345372460348,0.16563146997929254,3.868000000000052,2.5799999999999272,0.6440000000001191,6.448,0.7359054088592529,0.9473713040351868
manual_ground_truth_w0132_c53_i000,m3_improved_prediction_w0132_c53_i009,132,53,PO6,660.0,667.088,663.896,664.572,7.088,0.6760000000000002,0.6760000000000446,7.087999999999965,0.09537246049662075,0.17413704276147463,3.895999999999958,2.5159999999999627,0.6899999999999409,6.412,0.7708685994148254,0.9785297513008118
manual_ground_truth_w0132_c54_i000,m3_improved_prediction_w0132_c54_i014,132,54,PO7,660.0,667.088,665.944,666.652,7.088,0.7080000000000002,0.7080000000000837,7.087999999999965,0.09988713318285654,0.1816316059517916,5.94399999999996,0.4359999999999218,2.754000000000019,6.38,0.6552416682243347,0.9820343255996704
manual_ground_truth_w0132_c55_i000,m3_improved_prediction_w0132_c55_i008,132,55,PO8,660.0,667.088,663.936,664.532,7.088,0.5960000000000001,0.5960000000000036,7.087999999999965,0.0840857787810393,0.15512753774076096,3.9360000000000355,2.5559999999999263,0.6900000000000546,6.492,0.7680273652076721,0.9670650959014893
manual_ground_truth_w0132_c56_i000,m3_improved_prediction_w0132_c56_i016,132,56,Oz,660.0,667.088,665.984,666.628,7.088,0.6440000000000001,0.6440000000000055,7.087999999999965,0.09085778781038496,0.16658044490429524,5.984000000000037,0.4599999999999227,2.7620000000000573,6.444,0.6366649866104126,0.9072080254554749
manual_ground_truth_w0132_c57_i000,m3_improved_prediction_w0132_c57_i008,132,57,O1,660.0,667.088,665.992,666.628,7.088,0.6360000000000001,0.636000000000081,7.087999999999965,0.08972911963883805,0.16468151216988114,5.991999999999962,0.4599999999999227,2.7659999999999627,6.452,0.6576471328735352,0.8479254841804504
manual_ground_truth_w0132_c58_i000,m3_improved_prediction_w0132_c58_i003,132,58,O2,660.0,667.088,663.936,664.532,7.088,0.5960000000000001,0.5960000000000036,7.087999999999965,0.0840857787810393,0.15512753774076096,3.9360000000000355,2.5559999999999263,0.6900000000000546,6.492,0.7166662216186523,0.9533463716506958
manual_ground_truth_w0133_c00_i000,m3_improved_prediction_w0133_c00_i004,133,0,Fpz,665.0,667.088,666.012,666.68,2.088,0.6679999999999999,0.6680000000000064,2.0879999999999654,0.31992337164751794,0.48476052249637613,1.0119999999999436,0.40800000000001546,0.3020000000000209,1.4200000000000002,0.7422657608985901,0.9401299953460693
manual_ground_truth_w0133_c01_i000,m3_improved_prediction_w0133_c01_i008,133,1,Fp1,665.0,667.088,665.968,666.916,2.088,0.948,0.9480000000000928,2.0879999999999654,0.4540229885057991,0.6245059288538161,0.9679999999999609,0.17199999999991178,0.39800000000002456,1.1400000000000001,0.8117494583129883,0.955722451210022
manual_ground_truth_w0133_c02_i000,m3_improved_prediction_w0133_c02_i002,133,2,Fp2,665.0,667.088,665.696,667.96,2.088,2.2640000000000002,1.391999999999939,2.9600000000000364,0.47027027027024393,0.6397058823529131,0.6960000000000264,0.8720000000000709,0.7839999999999918,0.17600000000000016,0.7504130005836487,0.9463324546813965
manual_ground_truth_w0133_c03_i000,m3_improved_prediction_w0133_c03_i004,133,3,AF3,665.0,667.088,666.156,666.5,2.088,0.3440000000000001,0.34400000000005093,2.0879999999999654,0.16475095785443325,0.2828947368421471,1.155999999999949,0.5879999999999654,0.2839999999999918,1.744,0.6995673775672913,0.9249277114868164
manual_ground_truth_w0133_c04_i000,m3_improved_prediction_w0133_c04_i006,133,4,AF4,665.0,667.088,666.0,666.68,2.088,0.6799999999999999,0.67999999999995,2.0879999999999654,0.3256704980842726,0.49132947976875,1.0,0.40800000000001546,0.2959999999999354,1.4080000000000001,0.7798064947128296,0.9417489171028137
manual_ground_truth_w0133_c05_i000,m3_improved_prediction_w0133_c05_i006,133,5,AF7,665.0,667.088,665.996,666.68,2.088,0.6839999999999999,0.6839999999999691,2.0879999999999654,0.32758620689654233,0.49350649350647113,0.9959999999999809,0.40800000000001546,0.2939999999999827,1.4040000000000001,0.739713191986084,0.9169239401817322
manual_ground_truth_w0133_c06_i000,m3_improved_prediction_w0133_c06_i004,133,6,AF8,665.0,667.088,666.0,666.684,2.088,0.6839999999999999,0.6839999999999691,2.0879999999999654,0.32758620689654233,0.49350649350647113,1.0,0.40399999999999636,0.2980000000000018,1.4040000000000001,0.7504037618637085,0.9242841601371765
manual_ground_truth_w0133_c07_i000,m3_improved_prediction_w0133_c07_i003,133,7,Fz,665.0,667.088,665.972,666.752,2.088,0.78,0.7799999999999727,2.0879999999999654,0.3735632183907977,0.5439330543932863,0.97199999999998,0.33600000000001273,0.31799999999998363,1.308,0.7939127683639526,0.9387184977531433
manual_ground_truth_w0133_c08_i000,m3_improved_prediction_w0133_c08_i010,133,8,F1,665.0,667.088,665.996,666.68,2.088,0.6839999999999999,0.6839999999999691,2.0879999999999654,0.32758620689654233,0.49350649350647113,0.9959999999999809,0.40800000000001546,0.2939999999999827,1.4040000000000001,0.7950314283370972,0.9594253301620483
manual_ground_truth_w0133_c09_i000,m3_improved_prediction_w0133_c09_i016,133,9,F2,665.0,667.088,665.988,666.676,2.088,0.688,0.6879999999999882,2.0879999999999654,0.32950191570881204,0.49567723342938635,0.9880000000000564,0.4119999999999209,0.2880000000001246,1.4000000000000001,0.7781888246536255,0.9478569626808167
manual_ground_truth_w0133_c10_i000,m3_improved_prediction_w0133_c10_i006,133,10,F3,665.0,667.088,665.704,666.68,2.088,0.976,0.9759999999999991,2.0879999999999654,0.46743295019157816,0.6370757180156652,0.7039999999999509,0.40800000000001546,0.14800000000002456,1.112,0.7555844783782959,0.9524160027503967
manual_ground_truth_w0133_c11_i000,m3_improved_prediction_w0133_c11_i001,133,11,F4,665.0,667.088,665.144,665.948,2.088,0.8039999999999999,0.8039999999999736,2.0879999999999654,0.3850574712643616,0.5560165975103553,0.14400000000000546,1.1399999999999864,0.4979999999999336,1.2840000000000003,0.5818189382553101,0.8698571920394897
manual_ground_truth_w0133_c12_i000,m3_improved_prediction_w0133_c12_i011,133,12,F5,665.0,667.088,665.98,666.684,2.088,0.704,0.7039999999999509,2.0879999999999654,0.3371647509578365,0.5042979942693058,0.9800000000000182,0.40399999999999636,0.2880000000000109,1.3840000000000001,0.8283929228782654,0.9638236165046692
manual_ground_truth_w0133_c13_i000,m3_improved_prediction_w0133_c13_i016,133,13,F6,665.0,667.088,665.996,666.684,2.088,0.688,0.6879999999999882,2.0879999999999654,0.32950191570881204,0.49567723342938635,0.9959999999999809,0.40399999999999636,0.2959999999999354,1.4000000000000001,0.8313262462615967,0.9820752739906311
manual_ground_truth_w0133_c14_i000,m3_improved_prediction_w0133_c14_i012,133,14,F7,665.0,667.088,665.98,666.744,2.088,0.764,0.76400000000001,2.0879999999999654,0.3659003831417733,0.5357643758765848,0.9800000000000182,0.34399999999993724,0.3180000000000973,1.324,0.8269989490509033,0.964145839214325
manual_ground_truth_w0133_c15_i000,m3_improved_prediction_w0133_c15_i006,133,15,F8,665.0,667.088,665.976,666.804,2.088,0.8280000000000001,0.8279999999999745,2.0879999999999654,0.3965517241379254,0.5679012345678837,0.9759999999999991,0.2839999999999918,0.34600000000000364,1.26,0.7874621748924255,0.9608727097511292
manual_ground_truth_w0133_c16_i000,m3_improved_prediction_w0133_c16_i005,133,16,FCz,665.0,667.088,665.988,666.692,2.088,0.704,0.7039999999999509,2.0879999999999654,0.3371647509578365,0.5042979942693058,0.9880000000000564,0.39599999999995816,0.2960000000000491,1.3840000000000001,0.8147255182266235,0.9674298167228699
manual_ground_truth_w0133_c17_i000,m3_improved_prediction_w0133_c17_i011,133,17,FC1,665.0,667.088,665.968,666.684,2.088,0.716,0.7160000000000082,2.0879999999999654,0.3429118773946456,0.5106990014265393,0.9679999999999609,0.40399999999999636,0.2820000000000391,1.372,0.8133081197738647,0.978696346282959
manual_ground_truth_w0133_c18_i000,m3_improved_prediction_w0133_c18_i015,133,18,FC2,665.0,667.088,665.968,666.732,2.088,0.764,0.76400000000001,2.0879999999999654,0.3659003831417733,0.5357643758765848,0.9679999999999609,0.35599999999999454,0.30599999999992633,1.324,0.8054466247558594,0.9711191654205322
manual_ground_truth_w0133_c19_i000,m3_improved_prediction_w0133_c19_i009,133,19,FC3,665.0,667.088,665.968,666.852,2.088,0.8840000000000001,0.8840000000000146,2.0879999999999654,0.4233716475095925,0.5948855989232937,0.9679999999999609,0.23599999999999,0.36599999999998545,1.204,0.781287670135498,0.9797633290290833
manual_ground_truth_w0133_c20_i000,m3_improved_prediction_w0133_c20_i012,133,20,FC4,665.0,667.088,665.976,666.684,2.088,0.708,0.70799999999997,2.0879999999999654,0.3390804597701062,0.5064377682403218,0.9759999999999991,0.40399999999999636,0.2859999999999445,1.3800000000000001,0.8353912830352783,0.9964685440063477
manual_ground_truth_w0133_c21_i000,m3_improved_prediction_w0133_c21_i009,133,21,FC5,665.0,667.088,665.976,666.684,2.088,0.708,0.70799999999997,2.0879999999999654,0.3390804597701062,0.5064377682403218,0.9759999999999991,0.40399999999999636,0.2859999999999445,1.3800000000000001,0.8108611702919006,0.9651802182197571
manual_ground_truth_w0133_c22_i000,m3_improved_prediction_w0133_c22_i007,133,22,FC6,665.0,667.088,666.0,666.692,2.088,0.692,0.6920000000000073,2.0879999999999654,0.33141762452108176,0.49784172661871023,1.0,0.39599999999995816,0.3020000000000209,1.3960000000000001,0.821923553943634,0.9796758890151978
manual_ground_truth_w0133_c23_i000,m3_improved_prediction_w0133_c23_i009,133,23,FT7,665.0,667.088,665.968,666.824,2.088,0.8560000000000001,0.8559999999999945,2.0879999999999654,0.40996168582375897,0.581521739130431,0.9679999999999609,0.26400000000001,0.35199999999997544,1.232,0.7820081114768982,0.9715700745582581
manual_ground_truth_w0133_c24_i000,m3_improved_prediction_w0133_c24_i003,133,24,FT8,665.0,667.088,665.972,666.696,2.088,0.724,0.7240000000000464,2.0879999999999654,0.34674329501918505,0.514935988620232,0.97199999999998,0.39199999999993906,0.2900000000000773,1.364,0.805829644203186,0.9739421010017395
manual_ground_truth_w0133_c25_i000,m3_improved_prediction_w0133_c25_i003,133,25,Cz,665.0,667.088,665.952,666.676,2.088,0.724,0.7240000000000464,2.0879999999999654,0.34674329501918505,0.514935988620232,0.9519999999999982,0.4119999999999209,0.2700000000000955,1.364,0.7764862179756165,0.9523681402206421
manual_ground_truth_w0133_c26_i000,m3_improved_prediction_w0133_c26_i005,133,26,C1,665.0,667.088,665.768,666.656,2.088,0.8879999999999999,0.88799999999992,2.0879999999999654,0.4252873563218078,0.5967741935483333,0.7680000000000291,0.43200000000001637,0.16800000000000637,1.2000000000000002,0.7303401231765747,0.9767184853553772
manual_ground_truth_w0133_c27_i000,m3_improved_prediction_w0133_c27_i007,133,27,C2,665.0,667.088,665.768,666.7,2.088,0.9319999999999999,0.9320000000000164,2.0879999999999654,0.4463601532567202,0.6172185430463685,0.7680000000000291,0.38799999999991996,0.19000000000005457,1.1560000000000001,0.7491289973258972,0.9624794721603394
manual_ground_truth_w0133_c28_i000,m3_improved_prediction_w0133_c28_i011,133,28,C3,665.0,667.088,665.96,666.708,2.088,0.748,0.7479999999999336,2.0879999999999654,0.35823754789269446,0.527503526093042,0.9600000000000364,0.37999999999999545,0.2900000000000773,1.34,0.7903021574020386,0.9739221930503845
manual_ground_truth_w0133_c29_i000,m3_improved_prediction_w0133_c29_i004,133,29,C4,665.0,667.088,665.896,666.68,2.088,0.7839999999999999,0.7839999999999918,2.0879999999999654,0.3754789272030674,0.5459610027855096,0.8959999999999582,0.40800000000001546,0.2440000000000282,1.3040000000000003,0.7765599489212036,0.9624119997024536
manual_ground_truth_w0133_c30_i000,m3_improved_prediction_w0133_c30_i004,133,30,C5,665.0,667.088,665.928,666.648,2.088,0.7199999999999999,0.7200000000000273,2.0879999999999654,0.34482758620691534,0.5128205128205323,0.9279999999999973,0.4399999999999409,0.2440000000000282,1.3680000000000003,0.7664628028869629,0.9722169637680054
manual_ground_truth_w0133_c31_i000,m3_improved_prediction_w0133_c31_i005,133,31,C6,665.0,667.088,665.924,666.656,2.088,0.7319999999999999,0.7319999999999709,2.0879999999999654,0.35057471264367,0.5191489361701922,0.9239999999999782,0.43200000000001637,0.2459999999999809,1.3560000000000003,0.7637761235237122,0.961050271987915
manual_ground_truth_w0133_c32_i000,m3_improved_prediction_w0133_c32_i002,133,32,T7,665.0,667.088,665.8,666.7,2.088,0.8999999999999999,0.900000000000091,2.0879999999999654,0.4310344827586714,0.6024096385542778,0.7999999999999545,0.38799999999991996,0.20600000000001728,1.1880000000000002,0.7402878403663635,0.9758642315864563
manual_ground_truth_w0133_c33_i000,m3_improved_prediction_w0133_c33_i004,133,33,T8,665.0,667.088,666.184,666.676,2.088,0.492,0.4920000000000755,2.0879999999999654,0.23563218390808602,0.38139534883726783,1.183999999999969,0.4119999999999209,0.38600000000008095,1.596,0.7781925797462463,0.9558388590812683
manual_ground_truth_w0133_c34_i000,m3_improved_prediction_w0133_c34_i010,133,34,CP1,665.0,667.088,666.356,666.644,2.088,0.2879999999999998,0.2880000000000109,2.0879999999999654,0.13793103448276614,0.24242424242425162,1.3559999999999945,0.44399999999996,0.4560000000000173,1.8000000000000003,0.7967809438705444,0.9299631714820862
manual_ground_truth_w0133_c35_i000,m3_improved_prediction_w0133_c35_i011,133,35,CP2,665.0,667.088,666.332,666.644,2.088,0.31199999999999983,0.3120000000000118,2.0879999999999654,0.14942528735632998,0.2600000000000099,1.3319999999999936,0.44399999999996,0.44400000000007367,1.7760000000000002,0.8163344860076904,0.9269936084747314
manual_ground_truth_w0133_c36_i000,m3_improved_prediction_w0133_c36_i003,133,36,CP3,665.0,667.088,666.072,666.644,2.088,0.5719999999999998,0.5720000000000027,2.0879999999999654,0.27394636015326257,0.43007518796992683,1.0720000000000027,0.44399999999996,0.31399999999996453,1.5160000000000002,0.743743896484375,0.9385168552398682
manual_ground_truth_w0133_c37_i000,m3_improved_prediction_w0133_c37_i004,133,37,CP4,665.0,667.088,666.112,666.652,2.088,0.5399999999999998,0.5400000000000773,2.0879999999999654,0.25862068965521373,0.41095890410964786,1.1119999999999663,0.4359999999999218,0.3380000000000791,1.5480000000000003,0.8277637362480164,0.9616241455078125
manual_ground_truth_w0133_c38_i000,m3_improved_prediction_w0133_c38_i002,133,38,CP5,665.0,667.088,665.96,666.656,2.088,0.696,0.6959999999999127,2.0879999999999654,0.333333333333297,0.49999999999993733,0.9600000000000364,0.43200000000001637,0.26400000000001,1.3920000000000001,0.8044202923774719,0.9775334000587463
manual_ground_truth_w0133_c39_i000,m3_improved_prediction_w0133_c39_i001,133,39,CP6,665.0,667.088,665.924,666.648,2.088,0.7239999999999999,0.7240000000000464,2.0879999999999654,0.34674329501918505,0.5149359886202322,0.9239999999999782,0.4399999999999409,0.2420000000000755,1.3640000000000003,0.8167087435722351,0.9884504079818726
manual_ground_truth_w0133_c40_i000,m3_improved_prediction_w0133_c40_i001,133,40,TP7,665.0,667.088,665.892,666.644,2.088,0.7519999999999999,0.7519999999999527,2.0879999999999654,0.3601532567049642,0.5295774647886992,0.8920000000000528,0.44399999999996,0.22400000000004638,1.3360000000000003,0.8155995607376099,0.988853931427002
manual_ground_truth_w0133_c41_i000,m3_improved_prediction_w0133_c41_i001,133,41,TP8,665.0,667.088,665.9,666.64,2.088,0.7399999999999999,0.7400000000000091,2.0879999999999654,0.35440613026820944,0.5233380480905298,0.8999999999999773,0.4479999999999791,0.2259999999999991,1.3480000000000003,0.8018068075180054,0.9791578650474548
manual_ground_truth_w0133_c42_i000,m3_improved_prediction_w0133_c42_i003,133,42,Pz,665.0,667.088,665.964,666.64,2.088,0.6759999999999999,0.6759999999999309,2.0879999999999654,0.3237547892720029,0.48914616497824226,0.9640000000000555,0.4479999999999791,0.2580000000000382,1.4120000000000001,0.7516554594039917,0.9527525305747986
manual_ground_truth_w0133_c43_i000,m3_improved_prediction_w0133_c43_i008,133,43,P3,665.0,667.088,666.288,666.652,2.088,0.3639999999999999,0.36400000000003274,2.0879999999999654,0.17432950191572738,0.2969004893964378,1.288000000000011,0.4359999999999218,0.42600000000004457,1.7240000000000002,0.8477410078048706,0.9510281085968018
manual_ground_truth_w0133_c44_i000,m3_improved_prediction_w0133_c44_i003,133,44,P4,665.0,667.088,666.208,666.644,2.088,0.43599999999999994,0.43600000000003547,2.0879999999999654,0.2088122605364189,0.3454833597464623,1.20799999999997,0.44399999999996,0.38199999999994816,1.6520000000000001,0.8106806874275208,0.9639235138893127
manual_ground_truth_w0133_c45_i000,m3_improved_prediction_w0133_c45_i005,133,45,P5,665.0,667.088,665.964,666.64,2.088,0.6759999999999999,0.6759999999999309,2.0879999999999654,0.3237547892720029,0.48914616497824226,0.9640000000000555,0.4479999999999791,0.2580000000000382,1.4120000000000001,0.8079767227172852,0.9708837866783142
manual_ground_truth_w0133_c46_i000,m3_improved_prediction_w0133_c46_i007,133,46,P6,665.0,667.088,665.956,666.644,2.088,0.688,0.6879999999999882,2.0879999999999654,0.32950191570881204,0.49567723342938635,0.9560000000000173,0.44399999999996,0.2559999999999718,1.4000000000000001,0.846355676651001,0.9935158491134644
manual_ground_truth_w0133_c47_i000,m3_improved_prediction_w0133_c47_i010,133,47,P7,665.0,667.088,665.9,666.652,2.088,0.7519999999999999,0.7520000000000664,2.0879999999999654,0.3601532567050186,0.5295774647887792,0.8999999999999773,0.4359999999999218,0.23200000000008458,1.3360000000000003,0.8307583332061768,0.9963274598121643
manual_ground_truth_w0133_c48_i000,m3_improved_prediction_w0133_c48_i001,133,48,P8,665.0,667.088,665.676,666.644,2.088,0.9679999999999999,0.9679999999999609,2.0879999999999654,0.46360153256703873,0.6335078534031158,0.6760000000000446,0.44399999999996,0.11600000000009913,1.12,0.7544231414794922,0.9828671813011169
manual_ground_truth_w0133_c49_i000,m3_improved_prediction_w0133_c49_i004,133,49,POz,665.0,667.088,665.904,666.64,2.088,0.7359999999999999,0.73599999999999,2.0879999999999654,0.35249042145593973,0.5212464589235057,0.9039999999999964,0.4479999999999791,0.2279999999999518,1.3520000000000003,0.8053334355354309,0.9688021540641785
manual_ground_truth_w0133_c50_i000,m3_improved_prediction_w0133_c50_i003,133,50,PO3,665.0,667.088,665.952,666.644,2.088,0.692,0.6920000000000073,2.0879999999999654,0.33141762452108176,0.49784172661871023,0.9519999999999982,0.44399999999996,0.2540000000000191,1.3960000000000001,0.760260283946991,0.9676849246025085
manual_ground_truth_w0133_c51_i000,m3_improved_prediction_w0133_c51_i004,133,51,PO4,665.0,667.088,666.26,666.644,2.088,0.3839999999999999,0.38400000000001455,2.0879999999999654,0.1839080459770215,0.31067961165049723,1.259999999999991,0.44399999999996,0.40800000000001546,1.7040000000000002,0.778569221496582,0.9699297547340393
manual_ground_truth_w0133_c52_i000,m3_improved_prediction_w0133_c52_i001,133,52,PO5,665.0,667.088,665.7,666.64,2.088,0.94,0.9399999999999409,2.0879999999999654,0.4501915708812052,0.6208718626155488,0.7000000000000455,0.4479999999999791,0.12600000000009004,1.1480000000000001,0.7052575945854187,0.9721282124519348
manual_ground_truth_w0133_c53_i000,m3_improved_prediction_w0133_c53_i005,133,53,PO6,665.0,667.088,665.972,666.364,2.088,0.3920000000000001,0.39200000000005275,2.0879999999999654,0.18773946360156094,0.316129032258107,0.97199999999998,0.7239999999999327,0.12400000000002365,1.696,0.6959073543548584,0.9312143325805664
manual_ground_truth_w0133_c54_i000,m3_improved_prediction_w0133_c54_i007,133,54,PO7,665.0,667.088,666.188,666.64,2.088,0.45199999999999996,0.4519999999999982,2.0879999999999654,0.21647509578544333,0.3559055118110222,1.1879999999999882,0.4479999999999791,0.37000000000000455,1.6360000000000001,0.891399621963501,0.9810794591903687
manual_ground_truth_w0133_c55_i000,m3_improved_prediction_w0133_c55_i004,133,55,PO8,665.0,667.088,666.208,666.636,2.088,0.42799999999999994,0.42799999999999727,2.0879999999999654,0.20498084291187949,0.340222575516691,1.20799999999997,0.4519999999999982,0.37800000000004275,1.6600000000000001,0.8470218777656555,0.9527039527893066
manual_ground_truth_w0133_c56_i000,m3_improved_prediction_w0133_c56_i006,133,56,Oz,665.0,667.088,666.072,666.604,2.088,0.532,0.5320000000000391,2.0879999999999654,0.2547892720306743,0.40610687022903746,1.0720000000000027,0.4839999999999236,0.2939999999999827,1.556,0.6571662425994873,0.8827346563339233
manual_ground_truth_w0133_c57_i000,m3_improved_prediction_w0133_c57_i006,133,57,O1,665.0,667.088,666.316,666.628,2.088,0.31199999999999983,0.3120000000000118,2.0879999999999654,0.14942528735632998,0.2600000000000099,1.316000000000031,0.4599999999999227,0.42799999999999727,1.7760000000000002,0.6885297298431396,0.85611492395401
manual_ground_truth_w0133_c58_i000,m3_improved_prediction_w0133_c58_i002,133,58,O2,665.0,667.088,666.204,666.636,2.088,0.43199999999999994,0.43200000000001637,2.0879999999999654,0.2068965517241492,0.34285714285715585,1.2039999999999509,0.4519999999999982,0.37599999999997635,1.6560000000000001,0.6756362318992615,0.891997754573822
manual_ground_truth_w0137_c00_i000,m3_improved_prediction_w0137_c00_i023,137,0,Fpz,690.232,695.0,690.996,691.748,4.768,0.7519999999999998,0.7520000000000664,4.768000000000029,0.15771812080538208,0.2724637681159661,0.76400000000001,3.2519999999999527,1.2439999999999145,4.016,0.7786656022071838,0.9512903690338135
manual_ground_truth_w0137_c01_i000,m3_improved_prediction_w0137_c01_i014,137,1,Fp1,690.232,695.0,692.112,694.984,4.768,2.872,2.872000000000071,4.768000000000029,0.6023489932886018,0.7518324607330029,1.8799999999999955,0.01599999999996271,0.9320000000000164,1.896,0.8116323351860046,0.9726583361625671
manual_ground_truth_w0137_c02_i000,m3_improved_prediction_w0137_c02_i008,137,2,Fp2,690.232,695.0,692.02,695.0,4.768,2.9800000000000004,2.980000000000018,4.768000000000029,0.625,0.7692307692307739,1.788000000000011,0.0,0.8940000000000055,1.7879999999999994,0.8091450929641724,0.9606507420539856
manual_ground_truth_w0137_c03_i000,m3_improved_prediction_w0137_c03_i024,137,3,AF3,690.232,695.0,690.996,691.744,4.768,0.7479999999999993,0.7480000000000473,4.768000000000029,0.15687919463088146,0.2712110224800752,0.76400000000001,3.255999999999972,1.245999999999981,4.0200000000000005,0.66935133934021,0.9294366240501404
manual_ground_truth_w0137_c04_i000,m3_improved_prediction_w0137_c04_i035,137,4,AF4,690.232,695.0,690.952,691.744,4.768,0.7919999999999998,0.79200000000003,4.768000000000029,0.16610738255034085,0.2848920863309461,0.7200000000000273,3.255999999999972,1.268000000000029,3.976,0.7695595622062683,0.930438756942749
manual_ground_truth_w0137_c05_i000,m3_improved_prediction_w0137_c05_i024,137,5,AF7,690.232,695.0,690.952,691.748,4.768,0.7960000000000003,0.7960000000000491,4.768000000000029,0.1669463087248415,0.2861250898634253,0.7200000000000273,3.2519999999999527,1.2659999999999627,3.9719999999999995,0.7475679516792297,0.9203959107398987
manual_ground_truth_w0137_c06_i000,m3_improved_prediction_w0137_c06_i046,137,6,AF8,690.232,695.0,693.276,693.752,4.768,0.47600000000000087,0.4759999999999991,4.768000000000029,0.09983221476509987,0.1815408085430965,3.0439999999999827,1.2480000000000473,0.8979999999999109,4.291999999999999,0.7589457035064697,0.889066755771637
manual_ground_truth_w0137_c07_i000,m3_improved_prediction_w0137_c07_i021,137,7,Fz,690.232,695.0,690.872,691.788,4.768,0.9160000000000004,0.9160000000000537,4.768000000000029,0.19211409395974163,0.32230823363830174,0.6399999999999864,3.211999999999989,1.2860000000000582,3.8519999999999994,0.7534143924713135,0.973053514957428
manual_ground_truth_w0137_c08_i000,m3_improved_prediction_w0137_c08_i047,137,8,F1,690.232,695.0,690.952,691.756,4.768,0.8040000000000003,0.8039999999999736,4.768000000000029,0.16862416107381895,0.2885857860732138,0.7200000000000273,3.244000000000028,1.2619999999999436,3.9639999999999995,0.7481622695922852,0.9871730804443359
manual_ground_truth_w0137_c09_i000,m3_improved_prediction_w0137_c09_i019,137,9,F2,690.232,695.0,690.96,691.784,4.768,0.8239999999999998,0.8239999999999554,4.768000000000029,0.17281879194629832,0.29470672389125735,0.7280000000000655,3.216000000000008,1.2439999999999145,3.944,0.7585641741752625,0.9830573201179504
manual_ground_truth_w0137_c10_i000,m3_improved_prediction_w0137_c10_i034,137,10,F3,690.232,695.0,692.364,693.76,4.768,1.396,1.3959999999999582,4.768000000000029,0.2927852348993183,0.4529526281635166,2.132000000000062,1.240000000000009,0.4460000000000264,3.372,0.7765517830848694,0.9652596116065979
manual_ground_truth_w0137_c11_i000,m3_improved_prediction_w0137_c11_i027,137,11,F4,690.232,695.0,690.964,691.812,4.768,0.8479999999999999,0.8479999999999563,4.768000000000029,0.17785234899327834,0.30199430199428645,0.7320000000000846,3.187999999999988,1.2279999999999518,3.92,0.8235233426094055,0.985310435295105
manual_ground_truth_w0137_c12_i000,m3_improved_prediction_w0137_c12_i063,137,12,F5,690.232,695.0,690.996,691.752,4.768,0.7559999999999993,0.7559999999999718,4.768000000000029,0.1585570469798589,0.2737146994931108,0.76400000000001,3.2480000000000473,1.2419999999999618,4.0120000000000005,0.8640663027763367,0.9838089346885681
manual_ground_truth_w0137_c13_i000,m3_improved_prediction_w0137_c13_i058,137,13,F6,690.232,695.0,690.996,691.788,4.768,0.7919999999999998,0.79200000000003,4.768000000000029,0.16610738255034085,0.2848920863309461,0.76400000000001,3.211999999999989,1.2239999999999327,3.976,0.8500937819480896,0.9813770651817322
manual_ground_truth_w0137_c14_i000,m3_improved_prediction_w0137_c14_i041,137,14,F7,690.232,695.0,690.996,691.788,4.768,0.7919999999999998,0.79200000000003,4.768000000000029,0.16610738255034085,0.2848920863309461,0.76400000000001,3.211999999999989,1.2239999999999327,3.976,0.8555999994277954,0.9870818853378296
manual_ground_truth_w0137_c15_i000,m3_improved_prediction_w0137_c15_i024,137,15,F8,690.232,695.0,690.992,691.784,4.768,0.7919999999999998,0.79200000000003,4.768000000000029,0.16610738255034085,0.2848920863309461,0.7599999999999909,3.216000000000008,1.2280000000000655,3.976,0.8566446304321289,0.9846031069755554
manual_ground_truth_w0137_c16_i000,m3_improved_prediction_w0137_c16_i056,137,16,FCz,690.232,695.0,690.992,691.784,4.768,0.7919999999999998,0.79200000000003,4.768000000000029,0.16610738255034085,0.2848920863309461,0.7599999999999909,3.216000000000008,1.2280000000000655,3.976,0.8503376245498657,0.9779354333877563
manual_ground_truth_w0137_c17_i000,m3_improved_prediction_w0137_c17_i015,137,17,FC1,690.232,695.0,690.976,691.788,4.768,0.8120000000000003,0.8120000000000118,4.768000000000029,0.17030201342282023,0.2910394265233017,0.7440000000000282,3.211999999999989,1.2339999999999236,3.9559999999999995,0.8202505707740784,0.987153947353363
manual_ground_truth_w0137_c18_i000,m3_improved_prediction_w0137_c18_i018,137,18,FC2,690.232,695.0,690.996,691.788,4.768,0.7919999999999998,0.79200000000003,4.768000000000029,0.16610738255034085,0.2848920863309461,0.76400000000001,3.211999999999989,1.2239999999999327,3.976,0.8207843899726868,0.9876204133033752
manual_ground_truth_w0137_c19_i000,m3_improved_prediction_w0137_c19_i043,137,19,FC3,690.232,695.0,690.996,691.788,4.768,0.7919999999999998,0.79200000000003,4.768000000000029,0.16610738255034085,0.2848920863309461,0.76400000000001,3.211999999999989,1.2239999999999327,3.976,0.8272969126701355,0.9885519742965698
manual_ground_truth_w0137_c20_i000,m3_improved_prediction_w0137_c20_i018,137,20,FC4,690.232,695.0,690.996,691.8,4.768,0.8039999999999994,0.8039999999999736,4.768000000000029,0.16862416107381895,0.28858578607321383,0.76400000000001,3.2000000000000455,1.2180000000000746,3.9640000000000004,0.8408244848251343,0.9884846806526184
manual_ground_truth_w0137_c21_i000,m3_improved_prediction_w0137_c21_i031,137,21,FC5,690.232,695.0,690.992,691.828,4.768,0.8360000000000003,0.8360000000000127,4.768000000000029,0.17533557046980025,0.29835831548894104,0.7599999999999909,3.1720000000000255,1.2060000000000173,3.9319999999999995,0.8360740542411804,0.9859620928764343
manual_ground_truth_w0137_c22_i000,m3_improved_prediction_w0137_c22_i051,137,22,FC6,690.232,695.0,692.9,693.744,4.768,0.8439999999999994,0.8440000000000509,4.768000000000029,0.17701342281880156,0.30078403421242017,2.6680000000000064,1.2559999999999718,0.7060000000000173,3.9240000000000004,0.7944112420082092,0.975552499294281
manual_ground_truth_w0137_c23_i000,m3_improved_prediction_w0137_c23_i016,137,23,FT7,690.232,695.0,692.816,693.744,4.768,0.9279999999999999,0.9279999999999973,4.768000000000029,0.19463087248321972,0.32584269662921256,2.58400000000006,1.2559999999999718,0.6639999999999873,3.84,0.800911545753479,0.9809848070144653
manual_ground_truth_w0137_c24_i000,m3_improved_prediction_w0137_c24_i025,137,24,FT8,690.232,695.0,692.816,693.712,4.768,0.8959999999999999,0.8959999999999582,4.768000000000029,0.1879194630872384,0.3163841807909457,2.58400000000006,1.288000000000011,0.6480000000000246,3.872,0.7914615869522095,0.9709605574607849
manual_ground_truth_w0137_c25_i000,m3_improved_prediction_w0137_c25_i046,137,25,Cz,690.232,695.0,692.832,693.712,4.768,0.8799999999999999,0.8799999999999955,4.768000000000029,0.18456375838925967,0.31161473087818536,2.6000000000000227,1.288000000000011,0.6559999999999491,3.888,0.7727716565132141,0.967210590839386
manual_ground_truth_w0137_c26_i000,m3_improved_prediction_w0137_c26_i008,137,26,C1,690.232,695.0,692.816,693.712,4.768,0.8959999999999999,0.8959999999999582,4.768000000000029,0.1879194630872384,0.3163841807909457,2.58400000000006,1.288000000000011,0.6480000000000246,3.872,0.7955321669578552,0.9747335910797119
manual_ground_truth_w0137_c27_i000,m3_improved_prediction_w0137_c27_i009,137,27,C2,690.232,695.0,691.112,691.784,4.768,0.6719999999999997,0.6720000000000255,4.768000000000029,0.14093959731544073,0.24705882352942116,0.8799999999999955,3.216000000000008,1.1680000000000064,4.096,0.8410727977752686,0.9821635484695435
manual_ground_truth_w0137_c28_i000,m3_improved_prediction_w0137_c28_i033,137,28,C3,690.232,695.0,690.996,691.84,4.768,0.8439999999999994,0.8440000000000509,4.768000000000029,0.17701342281880156,0.30078403421242017,0.76400000000001,3.159999999999968,1.197999999999979,3.9240000000000004,0.7999826669692993,0.9854470491409302
manual_ground_truth_w0137_c29_i000,m3_improved_prediction_w0137_c29_i016,137,29,C4,690.232,695.0,692.788,693.708,4.768,0.9199999999999999,0.9199999999999591,4.768000000000029,0.19295302013421842,0.323488045007018,2.55600000000004,1.29200000000003,0.6320000000000618,3.848,0.75409334897995,0.9820569753646851
manual_ground_truth_w0137_c30_i000,m3_improved_prediction_w0137_c30_i039,137,30,C5,690.232,695.0,692.988,693.704,4.768,0.7160000000000002,0.7159999999998945,4.768000000000029,0.15016778523487628,0.26112326768778066,2.7560000000000855,1.2960000000000491,0.7300000000000182,4.052,0.8133997321128845,0.9748703241348267
manual_ground_truth_w0137_c31_i000,m3_improved_prediction_w0137_c31_i037,137,31,C6,690.232,695.0,692.852,693.704,4.768,0.8520000000000003,0.8519999999999754,4.768000000000029,0.178691275167779,0.3032028469750802,2.6200000000000045,1.2960000000000491,0.6620000000000346,3.9159999999999995,0.7789085507392883,0.9816542863845825
manual_ground_truth_w0137_c32_i000,m3_improved_prediction_w0137_c32_i018,137,32,T7,690.232,695.0,690.952,692.204,4.768,1.2519999999999998,1.2519999999999527,4.768000000000029,0.26258389261743814,0.4159468438538049,0.7200000000000273,2.796000000000049,1.038000000000011,3.516,0.7481706142425537,0.9757241606712341
manual_ground_truth_w0137_c33_i000,m3_improved_prediction_w0137_c33_i027,137,33,T8,690.232,695.0,692.752,693.708,4.768,0.9560000000000004,0.9560000000000173,4.768000000000029,0.20050335570470038,0.3340321453529061,2.519999999999982,1.29200000000003,0.6140000000000327,3.8119999999999994,0.824679434299469,0.9758362174034119
manual_ground_truth_w0137_c34_i000,m3_improved_prediction_w0137_c34_i034,137,34,CP1,690.232,695.0,692.82,693.704,4.768,0.8840000000000003,0.8839999999999009,4.768000000000029,0.18540268456373646,0.31280962491150066,2.588000000000079,1.2960000000000491,0.6459999999999582,3.8839999999999995,0.7940905690193176,0.9528725743293762
manual_ground_truth_w0137_c35_i000,m3_improved_prediction_w0137_c35_i013,137,35,CP2,690.232,695.0,689.252,691.74,4.768,2.4880000000000004,1.5080000000000382,5.748000000000047,0.26235212247738793,0.4156560088202972,0.9800000000000182,3.259999999999991,2.1200000000000045,2.2799999999999994,0.7355037331581116,0.9704703688621521
manual_ground_truth_w0137_c36_i000,m3_improved_prediction_w0137_c36_i025,137,36,CP3,690.232,695.0,690.848,691.848,4.768,1.0,1.0,4.768000000000029,0.2097315436241598,0.34674063800277394,0.6159999999999854,3.1520000000000437,1.268000000000029,3.768,0.7694255113601685,0.9755511283874512
manual_ground_truth_w0137_c37_i000,m3_improved_prediction_w0137_c37_i043,137,37,CP4,690.232,695.0,690.996,691.836,4.768,0.8399999999999999,0.8400000000000318,4.768000000000029,0.1761744966443009,0.29957203994295,0.76400000000001,3.1639999999999873,1.2000000000000455,3.928,0.8341376781463623,0.974563479423523
manual_ground_truth_w0137_c38_i000,m3_improved_prediction_w0137_c38_i047,137,38,CP5,690.232,695.0,691.0,691.74,4.768,0.7400000000000002,0.7400000000000091,4.768000000000029,0.15520134228188015,0.2687000726216445,0.7680000000000291,3.259999999999991,1.245999999999981,4.028,0.8616634607315063,0.9827336072921753
manual_ground_truth_w0137_c39_i000,m3_improved_prediction_w0137_c39_i022,137,39,CP6,690.232,695.0,690.72,691.74,4.768,1.0200000000000005,1.0199999999999818,4.768000000000029,0.21392617449663917,0.35245335176226045,0.4880000000000564,3.259999999999991,1.3859999999999673,3.7479999999999993,0.7739660143852234,0.98068767786026
manual_ground_truth_w0137_c40_i000,m3_improved_prediction_w0137_c40_i009,137,40,TP7,690.232,695.0,689.252,691.784,4.768,2.532,1.552000000000021,5.748000000000047,0.2700069589422422,0.42520547945206055,0.9800000000000182,3.216000000000008,2.0979999999999563,2.2359999999999998,0.7000385522842407,0.9744372963905334
manual_ground_truth_w0137_c41_i000,m3_improved_prediction_w0137_c41_i026,137,41,TP8,690.232,695.0,690.66,691.78,4.768,1.12,1.1200000000000045,4.768000000000029,0.23489932885905992,0.38043478260869723,0.42799999999999727,3.2200000000000273,1.3959999999999582,3.6479999999999997,0.7814249396324158,0.980478823184967
manual_ground_truth_w0137_c42_i000,m3_improved_prediction_w0137_c42_i045,137,42,Pz,690.232,695.0,690.956,691.776,4.768,0.8199999999999994,0.8199999999999363,4.768000000000029,0.1719798657717977,0.29348604151751484,0.7240000000000464,3.2240000000000464,1.25,3.9480000000000004,0.8232323527336121,0.9748873114585876
manual_ground_truth_w0137_c43_i000,m3_improved_prediction_w0137_c43_i018,137,43,P3,690.232,695.0,690.992,691.776,4.768,0.7839999999999998,0.7839999999999918,4.768000000000029,0.16442953020133957,0.282420749279536,0.7599999999999909,3.2240000000000464,1.231999999999971,3.984,0.8047525882720947,0.9631338715553284
manual_ground_truth_w0137_c44_i000,m3_improved_prediction_w0137_c44_i008,137,44,P4,690.232,695.0,690.952,691.772,4.768,0.8200000000000003,0.82000000000005,4.768000000000029,0.17197986577182153,0.2934860415175555,0.7200000000000273,3.227999999999952,1.2539999999999054,3.9479999999999995,0.7907336950302124,0.9711130857467651
manual_ground_truth_w0137_c45_i000,m3_improved_prediction_w0137_c45_i014,137,45,P5,690.232,695.0,690.948,691.768,4.768,0.8199999999999994,0.82000000000005,4.768000000000029,0.17197986577182153,0.29348604151755553,0.7160000000000082,3.231999999999971,1.2580000000000382,3.9480000000000004,0.8205219507217407,0.9815826416015625
manual_ground_truth_w0137_c46_i000,m3_improved_prediction_w0137_c46_i016,137,46,P6,690.232,695.0,690.956,691.772,4.768,0.8159999999999998,0.8160000000000309,4.768000000000029,0.17114093959732088,0.2922636103151973,0.7240000000000464,3.227999999999952,1.2519999999999527,3.952,0.8148390650749207,0.978179395198822
manual_ground_truth_w0137_c47_i000,m3_improved_prediction_w0137_c47_i010,137,47,P7,690.232,695.0,690.972,691.772,4.768,0.7999999999999998,0.8000000000000682,4.768000000000029,0.16778523489934213,0.287356321839105,0.7400000000000091,3.227999999999952,1.2439999999999145,3.968,0.8057613968849182,0.9768868088722229
manual_ground_truth_w0137_c48_i000,m3_improved_prediction_w0137_c48_i014,137,48,P8,690.232,695.0,690.996,691.776,4.768,0.7799999999999994,0.7799999999999727,4.768000000000029,0.16359060402683892,0.2811824080749722,0.76400000000001,3.2240000000000464,1.2300000000000182,3.9880000000000004,0.8114060759544373,0.9761714339256287
manual_ground_truth_w0137_c49_i000,m3_improved_prediction_w0137_c49_i002,137,49,POz,690.232,695.0,690.996,691.772,4.768,0.7759999999999998,0.7760000000000673,4.768000000000029,0.1627516778523621,0.27994227994230425,0.76400000000001,3.227999999999952,1.231999999999971,3.992,0.8068686127662659,0.9707339406013489
manual_ground_truth_w0137_c50_i000,m3_improved_prediction_w0137_c50_i016,137,50,PO3,690.232,695.0,689.48,690.876,4.768,1.396,0.6440000000000055,5.519999999999982,0.11666666666666804,0.20895522388059878,0.7519999999999527,4.124000000000024,2.437999999999988,3.372,0.6725781559944153,0.8976156711578369
manual_ground_truth_w0137_c51_i000,m3_improved_prediction_w0137_c51_i053,137,51,PO4,690.232,695.0,691.348,691.764,4.768,0.41600000000000037,0.41600000000005366,4.768000000000029,0.08724832214766173,0.16049382716051452,1.1159999999999854,3.23599999999999,1.0599999999999454,4.351999999999999,0.8219420909881592,0.9699838161468506
manual_ground_truth_w0137_c52_i000,m3_improved_prediction_w0137_c52_i041,137,52,PO5,690.232,695.0,690.28,690.832,4.768,0.5519999999999996,0.5520000000000209,4.768000000000029,0.11577181208054059,0.2075187969924891,0.04800000000000182,4.168000000000006,2.0599999999999454,4.216,0.6819853782653809,0.8968150615692139
manual_ground_truth_w0137_c53_i000,m3_improved_prediction_w0137_c53_i031,137,53,PO6,690.232,695.0,691.348,691.768,4.768,0.41999999999999993,0.42000000000007276,4.768000000000029,0.08808724832216237,0.16191210485739121,1.1159999999999854,3.231999999999971,1.0579999999999927,4.348,0.7994935512542725,0.968420684337616
manual_ground_truth_w0137_c54_i000,m3_improved_prediction_w0137_c54_i038,137,54,PO7,690.232,695.0,690.28,690.776,4.768,0.49599999999999955,0.4959999999999809,4.768000000000029,0.10402684563757925,0.18844984802430886,0.04800000000000182,4.224000000000046,2.0879999999999654,4.272,0.5368576049804688,0.7235360741615295
manual_ground_truth_w0137_c55_i000,m3_improved_prediction_w0137_c55_i024,137,55,PO8,690.232,695.0,691.24,691.732,4.768,0.492,0.4919999999999618,4.768000000000029,0.1031879194630786,0.1870722433459931,1.0080000000000382,3.268000000000029,1.1299999999999955,4.276,0.7730954885482788,0.9541410803794861
manual_ground_truth_w0137_c56_i000,m3_improved_prediction_w0137_c56_i026,137,56,Oz,690.232,695.0,693.312,693.708,4.768,0.3960000000000008,0.39599999999995816,4.768000000000029,0.0830536912751585,0.153369481022447,3.080000000000041,1.29200000000003,0.8940000000000055,4.371999999999999,0.7206465005874634,0.8713663220405579
manual_ground_truth_w0137_c57_i000,m3_improved_prediction_w0137_c57_i003,137,57,O1,690.232,695.0,691.14,691.768,4.768,0.6280000000000001,0.6280000000000427,4.768000000000029,0.1317114093959813,0.2327650111193635,0.9080000000000155,3.231999999999971,1.1620000000000346,4.14,0.7225602269172668,0.9082733988761902
manual_ground_truth_w0137_c58_i000,m3_improved_prediction_w0137_c58_i009,137,58,O2,690.232,695.0,691.252,691.74,4.768,0.48800000000000043,0.4880000000000564,4.768000000000029,0.10234899328860181,0.18569254185694686,1.0199999999999818,3.259999999999991,1.1200000000000045,4.279999999999999,0.7130542993545532,0.9146990180015564
manual_ground_truth_w0138_c00_i000,m3_improved_prediction_w0138_c00_i024,138,0,Fpz,690.232,699.884,698.236,699.532,9.652000000000001,1.2959999999999994,1.2960000000000491,9.652000000000044,0.13427268959801525,0.23675557179394394,8.004000000000019,0.35199999999997544,3.826000000000022,8.356000000000002,0.6978269815444946,0.9058992266654968
manual_ground_truth_w0138_c01_i000,m3_improved_prediction_w0138_c01_i002,138,1,Fp1,690.232,699.884,691.796,699.996,9.652000000000001,8.200000000000001,8.087999999999965,9.76400000000001,0.8283490372797989,0.9061169616849613,1.5640000000000782,0.11199999999996635,0.8379999999999654,1.452,0.8902813792228699,0.9834635853767395
manual_ground_truth_w0138_c02_i000,m3_improved_prediction_w0138_c02_i000,138,2,Fp2,690.232,699.884,690.0,699.996,9.652000000000001,9.996,9.652000000000044,9.995999999999981,0.9655862344938038,0.9824918566775287,0.2319999999999709,0.11199999999996635,0.05999999999994543,0.3439999999999994,0.8440206050872803,0.973168671131134
manual_ground_truth_w0138_c03_i000,m3_improved_prediction_w0138_c03_i043,138,3,AF3,690.232,699.884,698.596,699.5,9.652000000000001,0.9039999999999999,0.9039999999999964,9.652000000000044,0.09365934521342646,0.17127699886320505,8.364000000000033,0.38400000000001455,3.990000000000009,8.748000000000001,0.701216995716095,0.9519183039665222
manual_ground_truth_w0138_c04_i000,m3_improved_prediction_w0138_c04_i013,138,4,AF4,690.232,699.884,692.628,693.752,9.652000000000001,1.1239999999999997,1.12399999999991,9.652000000000044,0.11645254869456122,0.20861172976984224,2.396000000000072,6.132000000000062,1.8679999999999382,8.528000000000002,0.7419283390045166,0.9535134434700012
manual_ground_truth_w0138_c05_i000,m3_improved_prediction_w0138_c05_i012,138,5,AF7,690.232,699.884,697.656,699.928,9.652000000000001,2.272000000000001,2.2280000000000655,9.696000000000026,0.2297854785478609,0.3737001006373809,7.423999999999978,0.04399999999998272,3.7339999999999236,7.38,0.7668348550796509,0.98017418384552
manual_ground_truth_w0138_c06_i000,m3_improved_prediction_w0138_c06_i013,138,6,AF8,690.232,699.884,695.736,697.604,9.652000000000001,1.8680000000000003,1.8680000000000518,9.652000000000044,0.19353501864898917,0.3243055555555645,5.504000000000019,2.2799999999999727,1.61200000000008,7.784000000000001,0.8105879426002502,0.9508050680160522
manual_ground_truth_w0138_c07_i000,m3_improved_prediction_w0138_c07_i008,138,7,Fz,690.232,699.884,697.656,699.968,9.652000000000001,2.3120000000000003,2.2280000000000655,9.73599999999999,0.2288414133114285,0.3724506853895127,7.423999999999978,0.08399999999994634,3.7539999999999054,7.340000000000001,0.7675237059593201,0.9901303648948669
manual_ground_truth_w0138_c08_i000,m3_improved_prediction_w0138_c08_i018,138,8,F1,690.232,699.884,698.232,699.88,9.652000000000001,1.6480000000000015,1.6480000000000246,9.652000000000044,0.17074181516784265,0.2916814159292078,8.0,0.004000000000019099,3.9980000000000473,8.004,0.746351420879364,0.9947270750999451
manual_ground_truth_w0138_c09_i000,m3_improved_prediction_w0138_c09_i012,138,9,F2,690.232,699.884,697.696,699.94,9.652000000000001,2.2439999999999998,2.187999999999988,9.708000000000084,0.22538112896579823,0.36785474108943983,7.4640000000000555,0.05600000000004002,3.759999999999991,7.408000000000001,0.7762447595596313,0.9940834641456604
manual_ground_truth_w0138_c10_i000,m3_improved_prediction_w0138_c10_i014,138,10,F3,690.232,699.884,697.96,699.976,9.652000000000001,2.016000000000001,1.9239999999999782,9.744000000000028,0.19745484400656532,0.3297908810421628,7.7280000000000655,0.09199999999998454,3.910000000000082,7.636,0.8499096035957336,0.9953911304473877
manual_ground_truth_w0138_c11_i000,m3_improved_prediction_w0138_c11_i020,138,11,F4,690.232,699.884,697.96,699.98,9.652000000000001,2.0200000000000005,1.9239999999999782,9.748000000000047,0.1973738202708216,0.3296778615490024,7.7280000000000655,0.09600000000000364,3.9120000000000346,7.632000000000001,0.8217730522155762,0.9970893263816833
manual_ground_truth_w0138_c12_i000,m3_improved_prediction_w0138_c12_i040,138,12,F5,690.232,699.884,698.52,699.972,9.652000000000001,1.452,1.3640000000000327,9.740000000000009,0.14004106776181022,0.24567723342940068,8.288000000000011,0.08799999999996544,4.187999999999988,8.200000000000001,0.7574575543403625,0.9969121217727661
manual_ground_truth_w0138_c13_i000,m3_improved_prediction_w0138_c13_i058,138,13,F6,690.232,699.884,697.904,699.968,9.652000000000001,2.064,1.9800000000000182,9.73599999999999,0.20336894001643593,0.33799931717309967,7.6720000000000255,0.08399999999994634,3.877999999999929,7.588000000000001,0.7033981084823608,0.9966225624084473
manual_ground_truth_w0138_c14_i000,m3_improved_prediction_w0138_c14_i020,138,14,F7,690.232,699.884,697.904,699.972,9.652000000000001,2.0679999999999996,1.9800000000000182,9.740000000000009,0.2032854209445602,0.3378839590443717,7.6720000000000255,0.08799999999996544,3.8799999999999955,7.584000000000001,0.7868554592132568,0.9966232776641846
manual_ground_truth_w0138_c15_i000,m3_improved_prediction_w0138_c15_i014,138,15,F8,690.232,699.884,694.096,697.892,9.652000000000001,3.7960000000000003,3.796000000000049,9.652000000000044,0.39328636552010277,0.5645449137418276,3.8640000000000327,1.9919999999999618,0.9360000000000355,5.856000000000001,0.7586973309516907,0.9950467348098755
manual_ground_truth_w0138_c16_i000,m3_improved_prediction_w0138_c16_i045,138,16,FCz,690.232,699.884,698.236,699.976,9.652000000000001,1.7400000000000002,1.6480000000000246,9.744000000000028,0.16912972085386083,0.2893258426966335,8.004000000000019,0.09199999999998454,4.048000000000002,7.912000000000001,0.755967915058136,0.996010422706604
manual_ground_truth_w0138_c17_i000,m3_improved_prediction_w0138_c17_i018,138,17,FC1,690.232,699.884,697.968,699.976,9.652000000000001,2.008000000000001,1.9160000000000537,9.744000000000028,0.19663382594417572,0.3286449399657038,7.73599999999999,0.09199999999998454,3.9139999999999873,7.644,0.7652059197425842,0.9949508905410767
manual_ground_truth_w0138_c18_i000,m3_improved_prediction_w0138_c18_i008,138,18,FC2,690.232,699.884,694.428,697.888,9.652000000000001,3.46,3.4600000000000364,9.652000000000044,0.3584749274761729,0.5277608297742581,4.196000000000026,1.995999999999981,1.1000000000000227,6.192000000000001,0.7694326043128967,0.9934301972389221
manual_ground_truth_w0138_c19_i000,m3_improved_prediction_w0138_c19_i012,138,19,FC3,690.232,699.884,694.368,697.888,9.652000000000001,3.5199999999999996,3.519999999999982,9.652000000000044,0.36469125569829736,0.5344670513209812,4.136000000000081,1.995999999999981,1.07000000000005,6.1320000000000014,0.7585621476173401,0.9942873120307922
manual_ground_truth_w0138_c20_i000,m3_improved_prediction_w0138_c20_i004,138,20,FC4,690.232,699.884,693.896,696.472,9.652000000000001,2.5760000000000005,2.576000000000022,9.652000000000044,0.2668876916701212,0.42132809944390276,3.6639999999999873,3.4120000000000346,0.12599999999997635,7.0760000000000005,0.7129674553871155,0.9950542449951172
manual_ground_truth_w0138_c21_i000,m3_improved_prediction_w0138_c21_i035,138,21,FC5,690.232,699.884,698.38,699.98,9.652000000000001,1.5999999999999996,1.504000000000019,9.748000000000047,0.1542880590890451,0.2673302523995768,8.148000000000025,0.09600000000000364,4.122000000000071,8.052000000000001,0.7282556295394897,0.9934265613555908
manual_ground_truth_w0138_c22_i000,m3_improved_prediction_w0138_c22_i018,138,22,FC6,690.232,699.884,694.748,696.476,9.652000000000001,1.7279999999999998,1.7279999999999518,9.652000000000044,0.1790302527973419,0.30369068541299676,4.516000000000076,3.4080000000000155,0.5540000000000873,7.924000000000001,0.6874714493751526,0.9933502078056335
manual_ground_truth_w0138_c23_i000,m3_improved_prediction_w0138_c23_i011,138,23,FT7,690.232,699.884,694.236,696.6,9.652000000000001,2.364,2.3640000000000327,9.652000000000044,0.24492333195192934,0.39347536617843415,4.004000000000019,3.283999999999992,0.36000000000001364,7.288000000000001,0.7360756397247314,0.9945366382598877
manual_ground_truth_w0138_c24_i000,m3_improved_prediction_w0138_c24_i016,138,24,FT8,690.232,699.884,694.096,696.472,9.652000000000001,2.3760000000000003,2.3759999999999764,9.652000000000044,0.2461665975963495,0.3950781509810402,3.8640000000000327,3.4120000000000346,0.2259999999999991,7.276000000000001,0.7150810956954956,0.9950408339500427
manual_ground_truth_w0138_c25_i000,m3_improved_prediction_w0138_c25_i038,138,25,Cz,690.232,699.884,698.464,699.716,9.652000000000001,1.251999999999999,1.2519999999999527,9.652000000000044,0.12971404890177654,0.22964049889947774,8.232000000000085,0.16800000000000637,4.032000000000039,8.400000000000002,0.725911021232605,0.9920629858970642
manual_ground_truth_w0138_c26_i000,m3_improved_prediction_w0138_c26_i008,138,26,C1,690.232,699.884,697.644,699.984,9.652000000000001,2.34,2.240000000000009,9.752000000000066,0.22969647251845712,0.3735823882588407,7.412000000000035,0.10000000000002274,3.7560000000000855,7.312000000000001,0.7103851437568665,0.9903087019920349
manual_ground_truth_w0138_c27_i000,m3_improved_prediction_w0138_c27_i005,138,27,C2,690.232,699.884,693.952,696.564,9.652000000000001,2.612,2.6119999999999663,9.652000000000044,0.2706174886033936,0.42596216568818757,3.7200000000000273,3.32000000000005,0.20000000000004547,7.040000000000001,0.7132182121276855,0.9934728741645813
manual_ground_truth_w0138_c28_i000,m3_improved_prediction_w0138_c28_i015,138,28,C3,690.232,699.884,696.668,699.984,9.652000000000001,3.316,3.216000000000008,9.752000000000066,0.3297785069729272,0.495990129549662,6.4360000000000355,0.10000000000002274,3.268000000000029,6.336000000000001,0.7288634777069092,0.991550087928772
manual_ground_truth_w0138_c29_i000,m3_improved_prediction_w0138_c29_i004,138,29,C4,690.232,699.884,693.872,696.472,9.652000000000001,2.6000000000000005,2.6000000000000227,9.652000000000044,0.2693742229589734,0.42442050277506077,3.6399999999999864,3.4120000000000346,0.11400000000003274,7.0520000000000005,0.7270178198814392,0.993069052696228
manual_ground_truth_w0138_c30_i000,m3_improved_prediction_w0138_c30_i016,138,30,C5,690.232,699.884,694.448,695.688,9.652000000000001,1.2399999999999993,1.240000000000009,9.652000000000044,0.12847078325735634,0.22769004774146331,4.216000000000008,4.196000000000026,0.009999999999990905,8.412000000000003,0.718994140625,0.9937170743942261
manual_ground_truth_w0138_c31_i000,m3_improved_prediction_w0138_c31_i016,138,31,C6,690.232,699.884,696.616,698.46,9.652000000000001,1.8440000000000012,1.844000000000051,9.652000000000044,0.19104848736013702,0.3208072372999392,6.3840000000000146,1.4239999999999782,2.480000000000018,7.808,0.7076222896575928,0.9395087957382202
manual_ground_truth_w0138_c32_i000,m3_improved_prediction_w0138_c32_i009,138,32,T7,690.232,699.884,694.932,699.984,9.652000000000001,5.052,4.951999999999998,9.752000000000066,0.5077932731747298,0.6735582154515776,4.7000000000000455,0.10000000000002274,2.400000000000091,4.600000000000001,0.8242428302764893,0.9941651225090027
manual_ground_truth_w0138_c33_i000,m3_improved_prediction_w0138_c33_i011,138,33,T8,690.232,699.884,693.964,699.984,9.652000000000001,6.02,5.919999999999959,9.752000000000066,0.6070549630844871,0.7554874936191882,3.7320000000000846,0.10000000000002274,1.9160000000000537,3.6320000000000014,0.7847451567649841,0.9939374923706055
manual_ground_truth_w0138_c34_i000,m3_improved_prediction_w0138_c34_i005,138,34,CP1,690.232,699.884,690.72,691.812,9.652000000000001,1.092,1.0919999999999845,9.652000000000044,0.11313717364276622,0.20327624720774096,0.4880000000000564,8.072000000000003,3.7919999999999163,8.56,0.7598987221717834,0.9846867918968201
manual_ground_truth_w0138_c35_i000,m3_improved_prediction_w0138_c35_i013,138,35,CP2,690.232,699.884,696.664,699.576,9.652000000000001,2.912000000000001,2.9120000000000346,9.652000000000044,0.3016991297140511,0.46354664119707645,6.432000000000016,0.3079999999999927,3.062000000000012,6.74,0.7414851188659668,0.9769273996353149
manual_ground_truth_w0138_c36_i000,m3_improved_prediction_w0138_c36_i013,138,36,CP3,690.232,699.884,696.664,699.984,9.652000000000001,3.3200000000000003,3.2200000000000273,9.752000000000066,0.33018867924528356,0.496453900709224,6.432000000000016,0.10000000000002274,3.2660000000000764,6.332000000000001,0.747395932674408,0.9814187288284302
manual_ground_truth_w0138_c37_i000,m3_improved_prediction_w0138_c37_i007,138,37,CP4,690.232,699.884,690.824,692.804,9.652000000000001,1.98,1.9800000000000182,9.652000000000044,0.2051388313302952,0.3404401650619013,0.5919999999999845,7.080000000000041,3.244000000000028,7.672000000000001,0.7061485052108765,0.9895632863044739
manual_ground_truth_w0138_c38_i000,m3_improved_prediction_w0138_c38_i046,138,38,CP5,690.232,699.884,698.612,699.572,9.652000000000001,0.9599999999999991,0.9600000000000364,9.652000000000044,0.09946125155408538,0.18092725216736455,8.379999999999995,0.3120000000000118,4.033999999999992,8.692000000000002,0.7492144107818604,0.9863632321357727
manual_ground_truth_w0138_c39_i000,m3_improved_prediction_w0138_c39_i038,138,39,CP6,690.232,699.884,698.232,699.544,9.652000000000001,1.3120000000000012,1.3120000000000118,9.652000000000044,0.13593037712391276,0.2393287121488529,8.0,0.34000000000003183,3.8299999999999272,8.34,0.74085533618927,0.9857079386711121
manual_ground_truth_w0138_c40_i000,m3_improved_prediction_w0138_c40_i022,138,40,TP7,690.232,699.884,697.944,699.544,9.652000000000001,1.6000000000000005,1.6000000000000227,9.652000000000044,0.16576875259013837,0.28439388553146505,7.711999999999989,0.34000000000003183,3.685999999999922,8.052,0.740660548210144,0.9877162575721741
manual_ground_truth_w0138_c41_i000,m3_improved_prediction_w0138_c41_i003,138,41,TP8,690.232,699.884,690.308,691.828,9.652000000000001,1.52,1.5199999999999818,9.652000000000044,0.15748031496062734,0.2721088435374117,0.07600000000002183,8.05600000000004,3.990000000000009,8.132000000000001,0.7109918594360352,0.9853273630142212
manual_ground_truth_w0138_c42_i000,m3_improved_prediction_w0138_c42_i002,138,42,Pz,690.232,699.884,690.304,691.828,9.652000000000001,1.524,1.524000000000001,9.652000000000044,0.15789473684210464,0.2727272727272728,0.07200000000000273,8.05600000000004,3.991999999999962,8.128,0.6728364825248718,0.9848985075950623
manual_ground_truth_w0138_c43_i000,m3_improved_prediction_w0138_c43_i038,138,43,P3,690.232,699.884,698.156,699.572,9.652000000000001,1.4159999999999986,1.4160000000000537,9.652000000000044,0.14670534604227592,0.25587278641128547,7.923999999999978,0.3120000000000118,3.80600000000004,8.236000000000002,0.7672468423843384,0.9870041012763977
manual_ground_truth_w0138_c44_i000,m3_improved_prediction_w0138_c44_i024,138,44,P4,690.232,699.884,697.872,699.548,9.652000000000001,1.6760000000000002,1.6760000000000446,9.652000000000044,0.17364276833817208,0.2959039548022677,7.639999999999986,0.33600000000001273,3.6520000000000437,7.976000000000001,0.7750676870346069,0.9812405705451965
manual_ground_truth_w0138_c45_i000,m3_improved_prediction_w0138_c45_i027,138,45,P5,690.232,699.884,697.84,699.548,9.652000000000001,1.7080000000000002,1.70799999999997,9.652000000000044,0.17695814338996707,0.30070422535210733,7.608000000000061,0.33600000000001273,3.6359999999999673,7.944000000000001,0.7577454447746277,0.9872193336486816
manual_ground_truth_w0138_c46_i000,m3_improved_prediction_w0138_c46_i017,138,46,P6,690.232,699.884,696.092,697.824,9.652000000000001,1.7320000000000002,1.731999999999971,9.652000000000044,0.17944467467881922,0.3042867182009787,5.860000000000014,2.060000000000059,1.8999999999999773,7.920000000000001,0.7459165453910828,0.9697637557983398
manual_ground_truth_w0138_c47_i000,m3_improved_prediction_w0138_c47_i027,138,47,P7,690.232,699.884,696.06,697.828,9.652000000000001,1.7680000000000007,1.768000000000029,9.652000000000044,0.18317447161210332,0.30963222416813113,5.8279999999999745,2.05600000000004,1.8859999999999673,7.884,0.7201481461524963,0.9300784468650818
manual_ground_truth_w0138_c48_i000,m3_improved_prediction_w0138_c48_i024,138,48,P8,690.232,699.884,696.056,697.928,9.652000000000001,1.8719999999999999,1.8719999999999573,9.652000000000044,0.1939494405304547,0.3248871919472331,5.824000000000069,1.9560000000000173,1.933999999999969,7.780000000000001,0.7195549607276917,0.9259112477302551
manual_ground_truth_w0138_c49_i000,m3_improved_prediction_w0138_c49_i021,138,49,POz,690.232,699.884,696.156,699.548,9.652000000000001,3.3920000000000003,3.3920000000000528,9.652000000000044,0.3514297554910938,0.5200858632321455,5.923999999999978,0.33600000000001273,2.7939999999999827,6.260000000000001,0.7621678709983826,0.9725263714790344
manual_ground_truth_w0138_c50_i000,m3_improved_prediction_w0138_c50_i020,138,50,PO3,690.232,699.884,696.16,697.924,9.652000000000001,1.7640000000000002,1.76400000000001,9.652000000000044,0.18276004973062598,0.3090399439383339,5.927999999999997,1.9600000000000364,1.9839999999999236,7.888000000000001,0.7175760865211487,0.9446074366569519
manual_ground_truth_w0138_c51_i000,m3_improved_prediction_w0138_c51_i023,138,51,PO4,690.232,699.884,696.876,697.684,9.652000000000001,0.8079999999999998,0.8079999999999927,9.652000000000044,0.08371322005801793,0.15449330783938675,6.6440000000000055,2.2000000000000455,2.22199999999998,8.844000000000001,0.7250003814697266,0.9420043230056763
manual_ground_truth_w0138_c52_i000,m3_improved_prediction_w0138_c52_i029,138,52,PO5,690.232,699.884,696.864,697.92,9.652000000000001,1.056,1.0559999999999263,9.652000000000044,0.10940737670948214,0.19723571161746847,6.632000000000062,1.9640000000000555,2.33400000000006,8.596,0.6943452954292297,0.9216390252113342
manual_ground_truth_w0138_c53_i000,m3_improved_prediction_w0138_c53_i028,138,53,PO6,690.232,699.884,696.472,698.084,9.652000000000001,1.6119999999999992,1.6119999999999663,9.652000000000044,0.16701201823455855,0.28622159090908494,6.240000000000009,1.8000000000000682,2.2200000000000273,8.040000000000003,0.6681188344955444,0.9649797081947327
manual_ground_truth_w0138_c54_i000,m3_improved_prediction_w0138_c54_i020,138,54,PO7,690.232,699.884,694.964,695.68,9.652000000000001,0.7159999999999993,0.7159999999998945,9.652000000000044,0.07418151678407493,0.13811728395059694,4.732000000000085,4.204000000000065,0.26400000000001,8.936000000000002,0.6614968180656433,0.9653653502464294
manual_ground_truth_w0138_c55_i000,m3_improved_prediction_w0138_c55_i029,138,55,PO8,690.232,699.884,696.908,697.592,9.652000000000001,0.6839999999999993,0.6839999999999691,9.652000000000044,0.07086614173227994,0.1323529411764646,6.676000000000045,2.29200000000003,2.1920000000000073,8.968000000000002,0.6467735171318054,0.896735668182373
manual_ground_truth_w0138_c56_i000,m3_improved_prediction_w0138_c56_i029,138,56,Oz,690.232,699.884,696.904,697.6,9.652000000000001,0.6959999999999997,0.6960000000000264,9.652000000000044,0.0721094073767119,0.1345187475840793,6.6720000000000255,2.283999999999992,2.19399999999996,8.956000000000001,0.6169437766075134,0.9063169956207275
manual_ground_truth_w0138_c57_i000,m3_improved_prediction_w0138_c57_i022,138,57,O1,690.232,699.884,696.908,697.6,9.652000000000001,0.6919999999999993,0.6920000000000073,9.652000000000044,0.07169498549523458,0.13379737045630455,6.676000000000045,2.283999999999992,2.1960000000000264,8.96,0.6383835077285767,0.8716350793838501
manual_ground_truth_w0138_c58_i000,m3_improved_prediction_w0138_c58_i025,138,58,O2,690.232,699.884,697.108,697.628,9.652000000000001,0.5200000000000005,0.5200000000000955,9.652000000000044,0.0538748445918041,0.10224144710973171,6.875999999999976,2.255999999999972,2.3099999999999454,9.132000000000001,0.655778169631958,0.8979637622833252
manual_ground_truth_w0139_c00_i000,m3_improved_prediction_w0139_c00_i010,139,0,Fpz,695.0,699.884,698.428,699.524,4.884,1.096,1.0960000000000036,4.8840000000000146,0.22440622440622449,0.3665551839464895,3.4279999999999973,0.36000000000001364,1.5339999999999918,3.7880000000000003,0.7161568999290466,0.9069429039955139
manual_ground_truth_w0139_c01_i000,m3_improved_prediction_w0139_c01_i000,139,1,Fp1,695.0,699.884,695.0,697.628,4.884,2.628,2.6280000000000427,4.8840000000000146,0.5380835380835453,0.6996805111821199,0.0,2.255999999999972,1.127999999999929,2.2560000000000002,0.8463554382324219,0.9770464301109314
manual_ground_truth_w0139_c02_i000,m3_improved_prediction_w0139_c02_i000,139,2,Fp2,695.0,699.884,695.0,697.628,4.884,2.628,2.6280000000000427,4.8840000000000146,0.5380835380835453,0.6996805111821199,0.0,2.255999999999972,1.127999999999929,2.2560000000000002,0.8138243556022644,0.9686784148216248
manual_ground_truth_w0139_c03_i000,m3_improved_prediction_w0139_c03_i016,139,3,AF3,695.0,699.884,698.596,699.408,4.884,0.8120000000000003,0.8120000000000118,4.8840000000000146,0.1662571662571682,0.2851123595505659,3.5960000000000036,0.4759999999999991,1.5599999999999454,4.072,0.6662817001342773,0.9171208143234253
manual_ground_truth_w0139_c04_i000,m3_improved_prediction_w0139_c04_i012,139,4,AF4,695.0,699.884,698.392,699.572,4.884,1.1800000000000002,1.17999999999995,4.8840000000000146,0.24160524160523064,0.3891820580474769,3.3920000000000528,0.3120000000000118,1.5399999999999636,3.704,0.7417474985122681,0.9458725452423096
manual_ground_truth_w0139_c05_i000,m3_improved_prediction_w0139_c05_i004,139,5,AF7,695.0,699.884,696.172,697.588,4.884,1.4160000000000001,1.41599999999994,4.8840000000000146,0.2899262899262768,0.4495238095237904,1.1720000000000255,2.296000000000049,0.5620000000000118,3.468,0.7438374161720276,0.9624069929122925
manual_ground_truth_w0139_c06_i000,m3_improved_prediction_w0139_c06_i006,139,6,AF8,695.0,699.884,697.724,699.58,4.884,1.8559999999999999,1.8559999999999945,4.8840000000000146,0.3800163800163778,0.5507418397626096,2.7240000000000464,0.3039999999999736,1.2100000000000364,3.0280000000000005,0.7798858880996704,0.9613375067710876
manual_ground_truth_w0139_c07_i000,m3_improved_prediction_w0139_c07_i001,139,7,Fz,695.0,699.884,695.74,697.624,4.884,1.8840000000000001,1.8840000000000146,4.8840000000000146,0.38574938574938755,0.5567375886524865,0.7400000000000091,2.259999999999991,0.7599999999999909,3.0,0.801195502281189,0.9615066647529602
manual_ground_truth_w0139_c08_i000,m3_improved_prediction_w0139_c08_i007,139,8,F1,695.0,699.884,697.752,702.636,4.884,4.884,2.132000000000062,7.635999999999967,0.2792037716081811,0.4365274365274492,2.7519999999999527,2.7519999999999527,2.7519999999999527,0.0,0.7313447594642639,0.9880481958389282
manual_ground_truth_w0139_c09_i000,m3_improved_prediction_w0139_c09_i007,139,9,F2,695.0,699.884,697.72,702.696,4.884,4.975999999999999,2.1639999999999873,7.696000000000026,0.2811850311850286,0.43894523326571755,2.7200000000000273,2.812000000000012,2.7660000000000764,0.09199999999999875,0.7655539512634277,0.9828580617904663
manual_ground_truth_w0139_c10_i000,m3_improved_prediction_w0139_c10_i005,139,10,F3,695.0,699.884,697.708,700.996,4.884,3.2880000000000003,2.1760000000000446,5.995999999999981,0.3629086057371667,0.532550171316702,2.70799999999997,1.1119999999999663,1.9099999999999682,1.596,0.780449390411377,0.985511839389801
manual_ground_truth_w0139_c11_i000,m3_improved_prediction_w0139_c11_i004,139,11,F4,695.0,699.884,697.704,701.0,4.884,3.296,2.1800000000000637,6.0,0.36333333333334394,0.5330073349633407,2.703999999999951,1.1159999999999854,1.9099999999999682,1.5880000000000005,0.7550718188285828,0.9909433722496033
manual_ground_truth_w0139_c12_i000,m3_improved_prediction_w0139_c12_i016,139,12,F5,695.0,699.884,698.516,699.804,4.884,1.2880000000000003,1.288000000000011,4.8840000000000146,0.2637182637182652,0.41736876215165614,3.5159999999999627,0.08000000000004093,1.717999999999961,3.596,0.7633634805679321,0.9911168813705444
manual_ground_truth_w0139_c13_i000,m3_improved_prediction_w0139_c13_i025,139,13,F6,695.0,699.884,698.516,699.748,4.884,1.2320000000000002,1.2320000000000846,4.8840000000000146,0.2522522522522688,0.40287769784175426,3.5159999999999627,0.13599999999996726,1.6900000000000546,3.652,0.7692673206329346,0.9910634756088257
manual_ground_truth_w0139_c14_i000,m3_improved_prediction_w0139_c14_i011,139,14,F7,695.0,699.884,698.176,699.88,4.884,1.7039999999999997,1.7039999999999509,4.8840000000000146,0.3488943488943378,0.5173041894353221,3.1760000000000446,0.004000000000019099,1.5860000000000127,3.1800000000000006,0.8049173951148987,0.9897178411483765
manual_ground_truth_w0139_c15_i000,m3_improved_prediction_w0139_c15_i008,139,15,F8,695.0,699.884,698.176,699.884,4.884,1.7080000000000002,1.70799999999997,4.8840000000000146,0.3497133497133425,0.5182038834951365,3.1760000000000446,0.0,1.5879999999999654,3.176,0.8398336172103882,0.9880955219268799
manual_ground_truth_w0139_c16_i000,m3_improved_prediction_w0139_c16_i024,139,16,FCz,695.0,699.884,698.52,699.876,4.884,1.3560000000000003,1.3559999999999945,4.8840000000000146,0.2776412776412757,0.43461538461538285,3.519999999999982,0.008000000000038199,1.7559999999999718,3.528,0.77009117603302,0.9851245284080505
manual_ground_truth_w0139_c17_i000,m3_improved_prediction_w0139_c17_i002,139,17,FC1,695.0,699.884,695.736,696.76,4.884,1.024,1.024000000000001,4.8840000000000146,0.20966420966420923,0.3466486120514559,0.73599999999999,3.1240000000000236,1.19399999999996,3.8600000000000003,0.6730263829231262,0.8741353750228882
manual_ground_truth_w0139_c18_i000,m3_improved_prediction_w0139_c18_i002,139,18,FC2,695.0,699.884,695.736,704.06,4.884,8.324,4.148000000000025,9.059999999999945,0.45783664459161694,0.6281041792852854,0.73599999999999,4.175999999999931,2.4559999999999036,3.4399999999999995,0.7651051878929138,0.9874215126037598
manual_ground_truth_w0139_c19_i000,m3_improved_prediction_w0139_c19_i001,139,19,FC3,695.0,699.884,695.736,703.972,4.884,8.235999999999999,4.148000000000025,8.97199999999998,0.4623272403031692,0.6323170731707355,0.73599999999999,4.087999999999965,2.4120000000000346,3.3519999999999985,0.7173078060150146,0.9893118739128113
manual_ground_truth_w0139_c20_i000,m3_improved_prediction_w0139_c20_i001,139,20,FC4,695.0,699.884,695.732,699.88,4.884,4.148,4.148000000000025,4.8840000000000146,0.8493038493038518,0.918511957484505,0.7319999999999709,0.004000000000019099,0.36400000000003274,0.7360000000000007,0.7585310339927673,0.9920454025268555
manual_ground_truth_w0139_c21_i000,m3_improved_prediction_w0139_c21_i014,139,21,FC5,695.0,699.884,697.968,699.88,4.884,1.912,1.9120000000000346,4.8840000000000146,0.3914823914823974,0.562683931724554,2.967999999999961,0.004000000000019099,1.481999999999971,2.9720000000000004,0.7108849287033081,0.9796699285507202
manual_ground_truth_w0139_c22_i000,m3_improved_prediction_w0139_c22_i011,139,22,FC6,695.0,699.884,698.196,699.884,4.884,1.6880000000000002,1.6879999999999882,4.8840000000000146,0.34561834561834215,0.5136944613511831,3.1960000000000264,0.0,1.5979999999999563,3.196,0.7428931593894958,0.9842911958694458
manual_ground_truth_w0139_c23_i000,m3_improved_prediction_w0139_c23_i000,139,23,FT7,695.0,699.884,695.0,697.632,4.884,2.632,2.631999999999948,4.8840000000000146,0.5389025389025267,0.7003725385843396,0.0,2.2520000000000664,1.1259999999999764,2.2520000000000002,0.800931990146637,0.9904234409332275
manual_ground_truth_w0139_c24_i000,m3_improved_prediction_w0139_c24_i009,139,24,FT8,695.0,699.884,698.18,699.564,4.884,1.384,1.3840000000000146,4.8840000000000146,0.2833742833742855,0.44160816847479717,3.17999999999995,0.32000000000005,1.42999999999995,3.5000000000000004,0.7976280450820923,0.9754616022109985
manual_ground_truth_w0139_c25_i000,m3_improved_prediction_w0139_c25_i024,139,25,Cz,695.0,699.884,698.476,699.556,4.884,1.08,1.080000000000041,4.8840000000000146,0.22113022113022884,0.36217303822938995,3.475999999999999,0.32799999999997453,1.5740000000000691,3.8040000000000003,0.7707672715187073,0.9659179449081421
manual_ground_truth_w0139_c26_i000,m3_improved_prediction_w0139_c26_i004,139,26,C1,695.0,699.884,695.788,697.628,4.884,1.84,1.8400000000000318,4.8840000000000146,0.37674037674038213,0.5472932778108364,0.7880000000000109,2.255999999999972,0.7339999999999236,3.0440000000000005,0.7195822596549988,0.9753122329711914
manual_ground_truth_w0139_c27_i000,m3_improved_prediction_w0139_c27_i000,139,27,C2,695.0,699.884,695.0,697.628,4.884,2.628,2.6280000000000427,4.8840000000000146,0.5380835380835453,0.6996805111821199,0.0,2.255999999999972,1.127999999999929,2.2560000000000002,0.7613379955291748,0.9839643239974976
manual_ground_truth_w0139_c28_i000,m3_improved_prediction_w0139_c28_i006,139,28,C3,695.0,699.884,698.176,699.564,4.884,1.388,1.38799999999992,4.8840000000000146,0.28419328419326695,0.442602040816301,3.1760000000000446,0.32000000000005,1.4279999999999973,3.4960000000000004,0.7244186401367188,0.9794225096702576
manual_ground_truth_w0139_c29_i000,m3_improved_prediction_w0139_c29_i000,139,29,C4,695.0,699.884,695.0,696.152,4.884,1.152,1.1520000000000437,4.8840000000000146,0.2358722358722441,0.38170974155071025,0.0,3.731999999999971,1.8659999999999854,3.732,0.7751095294952393,0.9846060276031494
manual_ground_truth_w0139_c30_i000,m3_improved_prediction_w0139_c30_i010,139,30,C5,695.0,699.884,696.684,697.596,4.884,0.9120000000000001,0.9120000000000346,4.8840000000000146,0.18673218673219324,0.31469979296067446,1.683999999999969,2.288000000000011,0.3020000000000209,3.9720000000000004,0.7793447971343994,0.9664466381072998
manual_ground_truth_w0139_c31_i000,m3_improved_prediction_w0139_c31_i013,139,31,C6,695.0,699.884,698.516,699.564,4.884,1.048,1.0480000000000018,4.8840000000000146,0.2145782145782143,0.3533378287255569,3.5159999999999627,0.32000000000005,1.5979999999999563,3.8360000000000003,0.7747019529342651,0.9767500758171082
manual_ground_truth_w0139_c32_i000,m3_improved_prediction_w0139_c32_i001,139,32,T7,695.0,699.884,696.16,699.568,4.884,3.4079999999999995,3.4080000000000155,4.8840000000000146,0.6977886977886989,0.821997105643998,1.1599999999999682,0.3160000000000309,0.42200000000002547,1.4760000000000009,0.7829104065895081,0.9761473536491394
manual_ground_truth_w0139_c33_i000,m3_improved_prediction_w0139_c33_i008,139,33,T8,695.0,699.884,696.628,698.124,4.884,1.4960000000000002,1.495999999999981,4.8840000000000146,0.30630630630630146,0.46896551724137325,1.6280000000000427,1.759999999999991,0.06600000000003092,3.388,0.782036304473877,0.953661322593689
manual_ground_truth_w0139_c34_i000,m3_improved_prediction_w0139_c34_i015,139,34,CP1,695.0,699.884,698.516,699.56,4.884,1.0439999999999996,1.0439999999999827,4.8840000000000146,0.2137592137592096,0.35222672064776744,3.5159999999999627,0.3240000000000691,1.5960000000000036,3.8400000000000007,0.7581806778907776,0.9737997651100159
manual_ground_truth_w0139_c35_i000,m3_improved_prediction_w0139_c35_i007,139,35,CP2,695.0,699.884,696.664,697.628,4.884,0.9640000000000002,0.9640000000000555,4.8840000000000146,0.19737919737920814,0.3296853625171188,1.6639999999999873,2.255999999999972,0.2960000000000491,3.92,0.7913902997970581,0.9542734026908875
manual_ground_truth_w0139_c36_i000,m3_improved_prediction_w0139_c36_i008,139,36,CP3,695.0,699.884,696.664,698.124,4.884,1.4600000000000002,1.4600000000000364,4.8840000000000146,0.2989352989353055,0.46027742749055367,1.6639999999999873,1.759999999999991,0.04800000000000182,3.4240000000000004,0.7339432239532471,0.9698666930198669
manual_ground_truth_w0139_c37_i000,m3_improved_prediction_w0139_c37_i012,139,37,CP4,695.0,699.884,696.672,698.124,4.884,1.4520000000000002,1.4519999999999982,4.8840000000000146,0.29729729729729604,0.45833333333333276,1.6720000000000255,1.759999999999991,0.04399999999998272,3.4320000000000004,0.732865571975708,0.974724531173706
manual_ground_truth_w0139_c38_i000,m3_improved_prediction_w0139_c38_i025,139,38,CP5,695.0,699.884,698.616,699.56,4.884,0.9439999999999995,0.94399999999996,4.8840000000000146,0.1932841932841845,0.32395332875770766,3.6159999999999854,0.3240000000000691,1.6459999999999582,3.940000000000001,0.7473418712615967,0.9741820693016052
manual_ground_truth_w0139_c39_i000,m3_improved_prediction_w0139_c39_i021,139,39,CP6,695.0,699.884,698.512,699.56,4.884,1.0479999999999996,1.0480000000000018,4.8840000000000146,0.2145782145782143,0.3533378287255569,3.5119999999999436,0.3240000000000691,1.5939999999999372,3.8360000000000007,0.7624251842498779,0.9767616987228394
manual_ground_truth_w0139_c40_i000,m3_improved_prediction_w0139_c40_i014,139,40,TP7,695.0,699.884,698.148,699.56,4.884,1.4119999999999995,1.4119999999999209,4.8840000000000146,0.28910728910727207,0.448538754764905,3.1480000000000246,0.3240000000000691,1.4120000000000346,3.472000000000001,0.7454066872596741,0.9759254455566406
manual_ground_truth_w0139_c41_i000,m3_improved_prediction_w0139_c41_i010,139,41,TP8,695.0,699.884,698.228,699.56,4.884,1.3319999999999994,1.3319999999999936,4.8840000000000146,0.2727272727272706,0.42857142857142655,3.227999999999952,0.3240000000000691,1.4519999999999982,3.552000000000001,0.7472779750823975,0.9750633239746094
manual_ground_truth_w0139_c42_i000,m3_improved_prediction_w0139_c42_i026,139,42,Pz,695.0,699.884,698.548,699.56,4.884,1.0119999999999996,1.0119999999999436,4.8840000000000146,0.20720720720719504,0.34328358208953313,3.548000000000002,0.3240000000000691,1.6119999999999663,3.8720000000000008,0.7049499750137329,0.9554936289787292
manual_ground_truth_w0139_c43_i000,m3_improved_prediction_w0139_c43_i026,139,43,P3,695.0,699.884,698.472,699.56,4.884,1.0879999999999996,1.0879999999999654,4.8840000000000146,0.22276822276821504,0.36436704621566157,3.47199999999998,0.3240000000000691,1.5739999999999554,3.7960000000000007,0.73792964220047,0.9597340226173401
manual_ground_truth_w0139_c44_i000,m3_improved_prediction_w0139_c44_i016,139,44,P4,695.0,699.884,698.208,699.56,4.884,1.3519999999999994,1.3519999999999754,4.8840000000000146,0.27682227682227095,0.43361128928799725,3.20799999999997,0.3240000000000691,1.4420000000000073,3.532000000000001,0.7666768431663513,0.9595251083374023
manual_ground_truth_w0139_c45_i000,m3_improved_prediction_w0139_c45_i009,139,45,P5,695.0,699.884,696.38,697.668,4.884,1.2880000000000003,1.288000000000011,4.8840000000000146,0.2637182637182652,0.41736876215165614,1.3799999999999955,2.216000000000008,0.41800000000000637,3.596,0.7682196497917175,0.9547839760780334
manual_ground_truth_w0139_c46_i000,m3_improved_prediction_w0139_c46_i012,139,46,P6,695.0,699.884,696.864,697.672,4.884,0.808,0.8079999999999927,4.8840000000000146,0.16543816543816345,0.2839072382290909,1.8640000000000327,2.211999999999989,0.17399999999997817,4.0760000000000005,0.8273284435272217,0.9522562623023987
manual_ground_truth_w0139_c47_i000,m3_improved_prediction_w0139_c47_i014,139,47,P7,695.0,699.884,696.864,697.636,4.884,0.772,0.7719999999999345,4.8840000000000146,0.1580671580671442,0.2729844413012498,1.8640000000000327,2.2480000000000473,0.19200000000000728,4.112,0.8312079310417175,0.9412980079650879
manual_ground_truth_w0139_c48_i000,m3_improved_prediction_w0139_c48_i014,139,48,P8,695.0,699.884,696.864,697.636,4.884,0.772,0.7719999999999345,4.8840000000000146,0.1580671580671442,0.2729844413012498,1.8640000000000327,2.2480000000000473,0.19200000000000728,4.112,0.828610897064209,0.9464175701141357
manual_ground_truth_w0139_c49_i000,m3_improved_prediction_w0139_c49_i007,139,49,POz,695.0,699.884,696.864,697.668,4.884,0.804,0.8039999999999736,4.8840000000000146,0.16461916461915874,0.282700421940919,1.8640000000000327,2.216000000000008,0.17599999999993088,4.08,0.810905933380127,0.9350180625915527
manual_ground_truth_w0139_c50_i000,m3_improved_prediction_w0139_c50_i007,139,50,PO3,695.0,699.884,696.868,697.668,4.884,0.8,0.7999999999999545,4.8840000000000146,0.163800163800154,0.28149190710765465,1.8680000000000518,2.216000000000008,0.17399999999997817,4.0840000000000005,0.7746875882148743,0.9389662742614746
manual_ground_truth_w0139_c51_i000,m3_improved_prediction_w0139_c51_i008,139,51,PO4,695.0,699.884,696.9,697.6,4.884,0.7000000000000002,0.7000000000000455,4.8840000000000146,0.1433251433251522,0.25071633237823976,1.8999999999999773,2.283999999999992,0.19200000000000728,4.184,0.707914412021637,0.93605637550354
manual_ground_truth_w0139_c52_i000,m3_improved_prediction_w0139_c52_i009,139,52,PO5,695.0,699.884,696.9,697.664,4.884,0.7640000000000002,0.76400000000001,4.8840000000000146,0.156429156429158,0.2705382436260658,1.8999999999999773,2.2200000000000273,0.16000000000008185,4.12,0.6828110218048096,0.9374979734420776
manual_ground_truth_w0139_c53_i000,m3_improved_prediction_w0139_c53_i011,139,53,PO6,695.0,699.884,696.9,697.824,4.884,0.9239999999999999,0.9239999999999782,4.8840000000000146,0.18918918918918415,0.3181818181818107,1.8999999999999773,2.060000000000059,0.08000000000004093,3.9600000000000004,0.6956406831741333,0.9722971320152283
manual_ground_truth_w0139_c54_i000,m3_improved_prediction_w0139_c54_i010,139,54,PO7,695.0,699.884,696.928,697.6,4.884,0.6720000000000002,0.6720000000000255,4.8840000000000146,0.1375921375921424,0.2419006479481733,1.9279999999999973,2.283999999999992,0.17799999999999727,4.212,0.7421925663948059,0.9771549105644226
manual_ground_truth_w0139_c55_i000,m3_improved_prediction_w0139_c55_i019,139,55,PO8,695.0,699.884,699.056,699.524,4.884,0.46799999999999997,0.4679999999999609,4.8840000000000146,0.09582309582308753,0.174887892376667,4.05600000000004,0.36000000000001364,1.8479999999999563,4.416,0.7695882320404053,0.923103928565979
manual_ground_truth_w0139_c56_i000,m3_improved_prediction_w0139_c56_i005,139,56,Oz,695.0,699.884,697.0,697.6,4.884,0.6000000000000001,0.6000000000000227,4.8840000000000146,0.12285012285012714,0.2188183807439908,2.0,2.283999999999992,0.14200000000005275,4.284000000000001,0.6428644061088562,0.9173128604888916
manual_ground_truth_w0139_c57_i000,m3_improved_prediction_w0139_c57_i001,139,57,O1,695.0,699.884,696.908,697.6,4.884,0.6920000000000002,0.6920000000000073,4.8840000000000146,0.14168714168714275,0.24820659971305853,1.9080000000000155,2.283999999999992,0.18799999999998818,4.192,0.7175346612930298,0.9256913065910339
manual_ground_truth_w0139_c58_i000,m3_improved_prediction_w0139_c58_i002,139,58,O2,695.0,699.884,695.164,695.68,4.884,0.516,0.5159999999999627,4.8840000000000146,0.1056511056510977,0.1911111111110973,0.16399999999998727,4.204000000000065,2.019999999999982,4.368,0.6326740980148315,0.7943459749221802
manual_ground_truth_w0152_c01_i000,m3_improved_prediction_w0152_c01_i009,152,1,Fp1,765.704,770.0,767.224,769.232,4.296,2.007999999999999,2.0079999999999245,4.296000000000049,0.4674115456238132,0.6370558375634279,1.5200000000000955,0.7680000000000291,0.37600000000009004,2.288000000000001,0.7278549671173096,0.9163157939910889
manual_ground_truth_w0152_c02_i000,m3_improved_prediction_w0152_c02_i015,152,2,Fp2,765.704,770.0,767.804,769.272,4.296,1.468,1.4680000000000746,4.296000000000049,0.3417132216015032,0.5093684941013444,2.1000000000000227,0.7279999999999518,0.6860000000000355,2.8280000000000003,0.7264671921730042,0.9280659556388855
manual_ground_truth_w0152_c10_i000,m3_improved_prediction_w0152_c10_i002,152,10,F3,765.704,770.0,766.864,768.692,4.296,1.8280000000000003,1.8279999999999745,4.296000000000049,0.4255121042830432,0.5969954278249426,1.1600000000000819,1.3079999999999927,0.07399999999995543,2.468,0.7388341426849365,0.961937665939331
manual_ground_truth_w0152_c11_i000,m3_improved_prediction_w0152_c11_i005,152,11,F4,765.704,770.0,766.76,769.06,4.296,2.3000000000000007,2.2999999999999545,4.296000000000049,0.5353817504655326,0.6973923590054439,1.05600000000004,0.9400000000000546,0.057999999999992724,1.9959999999999996,0.7387518882751465,0.935112476348877
manual_ground_truth_w0152_c14_i000,m3_improved_prediction_w0152_c14_i000,152,14,F7,765.704,770.0,765.652,769.984,4.296,4.332,4.280000000000086,4.347999999999956,0.9843606255750068,0.9921186833565336,0.05199999999990723,0.01599999999996271,0.033999999999991815,0.03599999999999959,0.8680863976478577,0.9577432870864868
manual_ground_truth_w0152_c15_i000,m3_improved_prediction_w0152_c15_i000,152,15,F8,765.704,770.0,765.648,767.78,4.296,2.1320000000000006,2.076000000000022,4.351999999999975,0.4770220588235371,0.6459240821406415,0.05599999999992633,2.2200000000000273,1.1380000000000337,2.1639999999999997,0.7587413191795349,0.9163329005241394
manual_ground_truth_w0152_c32_i000,m3_improved_prediction_w0152_c32_i011,152,32,T7,765.704,770.0,769.084,769.152,4.296,0.06799999999999962,0.06800000000009732,4.296000000000049,0.015828677839873496,0.031164069660906193,3.3799999999999955,0.8479999999999563,1.2659999999999627,4.228000000000001,0.5252194404602051,0.6242185831069946
manual_ground_truth_w0153_c01_i000,m3_improved_prediction_w0153_c01_i000,153,1,Fp1,765.704,774.292,765.012,774.068,8.588,9.056,8.364000000000033,9.280000000000086,0.901293103448271,0.9480843346180042,0.6920000000000073,0.22400000000004638,0.4580000000000837,0.46799999999999997,0.8703547716140747,0.967927873134613
manual_ground_truth_w0153_c02_i000,m3_improved_prediction_w0153_c02_i001,153,2,Fp2,765.704,774.292,765.032,774.072,8.588,9.04,8.368000000000052,9.259999999999991,0.9036717062635055,0.9493986839119641,0.6719999999999118,0.22000000000002728,0.4460000000000264,0.45199999999999996,0.8557989597320557,0.9655026793479919
manual_ground_truth_w0153_c07_i000,m3_improved_prediction_w0153_c07_i011,153,7,Fz,765.704,774.292,768.796,769.052,8.588,0.2559999999999998,0.2559999999999718,8.58800000000008,0.029809035863992715,0.05789235639981272,3.0920000000000982,5.240000000000009,1.0740000000000691,8.331999999999999,0.5141476392745972,0.6193093657493591
manual_ground_truth_w0153_c10_i000,m3_improved_prediction_w0153_c10_i001,153,10,F3,765.704,774.292,766.044,773.032,8.588,6.9879999999999995,6.988000000000056,8.58800000000008,0.8136935258500223,0.8972778633795656,0.34000000000003183,1.259999999999991,0.4600000000000364,1.5999999999999996,0.9100506901741028,0.9897644519805908
manual_ground_truth_w0153_c11_i000,m3_improved_prediction_w0153_c11_i002,153,11,F4,765.704,774.292,766.044,772.976,8.588,6.932,6.932000000000016,8.58800000000008,0.8071727992547686,0.8932989690721671,0.34000000000003183,1.316000000000031,0.4880000000000564,1.6559999999999988,0.893897533416748,0.9781871438026428
manual_ground_truth_w0153_c14_i000,m3_improved_prediction_w0153_c14_i001,153,14,F7,765.704,774.292,765.852,771.26,8.588,5.4079999999999995,5.4080000000000155,8.58800000000008,0.6297158826269172,0.7727922263503881,0.14800000000002456,3.032000000000039,1.4420000000000073,3.1799999999999997,0.8455333113670349,0.9600129723548889
manual_ground_truth_w0153_c15_i000,m3_improved_prediction_w0153_c15_i008,153,15,F8,765.704,774.292,766.124,768.02,8.588,1.896,1.8959999999999582,8.58800000000008,0.2207731718677155,0.36169400991987,0.42000000000007276,6.272000000000048,2.9260000000000446,6.691999999999999,0.6921900510787964,0.9174577593803406
manual_ground_truth_w0153_c28_i000,m3_improved_prediction_w0153_c28_i000,153,28,C3,765.704,774.292,765.832,765.844,8.588,0.01200000000000001,0.012000000000057298,8.58800000000008,0.0013972985561314843,0.00279069767443193,0.12800000000004275,8.447999999999979,4.160000000000082,8.575999999999999,0.3708205223083496,0.38167569041252136
manual_ground_truth_w0153_c32_i000,m3_improved_prediction_w0153_c32_i002,153,32,T7,765.704,774.292,765.772,765.984,8.588,0.21199999999999997,0.21199999999998909,8.58800000000008,0.024685607824870417,0.04818181818181571,0.06800000000009732,8.307999999999993,4.1200000000000045,8.376,0.5989048480987549,0.7797859311103821
manual_ground_truth_w0153_c47_i000,m3_improved_prediction_w0153_c47_i002,153,47,P7,765.704,774.292,767.512,767.6,8.588,0.08800000000000008,0.08800000000007913,8.58800000000008,0.010246856078257838,0.020285846012005334,1.8079999999999927,6.692000000000007,2.4420000000000073,8.5,0.43648192286491394,0.529373288154602
manual_ground_truth_w0154_c01_i000,m3_improved_prediction_w0154_c01_i000,154,1,Fp1,770.0,774.292,770.004,774.54,4.292,4.5360000000000005,4.288000000000011,4.539999999999964,0.9444933920704945,0.9714544630720461,0.004000000000019099,0.2479999999999336,0.12599999999997635,0.24400000000000066,0.8795611262321472,0.9624651074409485
manual_ground_truth_w0154_c02_i000,m3_improved_prediction_w0154_c02_i000,154,2,Fp2,770.0,774.292,770.004,774.524,4.292,4.5200000000000005,4.288000000000011,4.524000000000001,0.9478337754199846,0.9732183386291444,0.004000000000019099,0.2319999999999709,0.11800000000005184,0.22800000000000065,0.8704684376716614,0.9631624221801758
manual_ground_truth_w0154_c07_i000,m3_improved_prediction_w0154_c07_i001,154,7,Fz,770.0,774.292,770.98,771.08,4.292,0.10000000000000009,0.10000000000002274,4.29200000000003,0.023299161230200847,0.04553734061931819,0.9800000000000182,3.211999999999989,1.1159999999999854,4.192,0.48483872413635254,0.5983108878135681
manual_ground_truth_w0154_c10_i000,m3_improved_prediction_w0154_c10_i001,154,10,F3,770.0,774.292,770.076,773.256,4.292,3.1799999999999997,3.17999999999995,4.29200000000003,0.7409133271202069,0.8511777301927062,0.07600000000002183,1.0360000000000582,0.4800000000000182,1.112,0.8733165264129639,0.9626696705818176
manual_ground_truth_w0154_c11_i000,m3_improved_prediction_w0154_c11_i001,154,11,F4,770.0,774.292,770.048,773.256,4.292,3.2079999999999997,3.20799999999997,4.29200000000003,0.7474370922646663,0.8554666666666587,0.04800000000000182,1.0360000000000582,0.4939999999999145,1.084,0.8457096815109253,0.9567612409591675
manual_ground_truth_w0154_c14_i000,m3_improved_prediction_w0154_c14_i000,154,14,F7,770.0,774.292,770.064,771.716,4.292,1.652,1.6520000000000437,4.29200000000003,0.38490214352284063,0.5558546433378343,0.06399999999996453,2.576000000000022,1.2559999999999718,2.6399999999999997,0.7579901218414307,0.9608980417251587
manual_ground_truth_w0154_c15_i000,m3_improved_prediction_w0154_c15_i002,154,15,F8,770.0,774.292,770.224,770.652,4.292,0.42800000000000005,0.42799999999999727,4.29200000000003,0.09972041006523631,0.1813559322033887,0.22400000000004638,3.6399999999999864,1.7079999999998563,3.864,0.6456173062324524,0.8302584886550903
manual_ground_truth_w0154_c28_i000,m3_improved_prediction_w0154_c28_i000,154,28,C3,770.0,774.292,770.1,770.112,4.292,0.011999999999999997,0.011999999999943611,4.29200000000003,0.002795899347610328,0.005576208178412459,0.10000000000002274,4.180000000000064,2.0399999999999636,4.28,0.38565292954444885,0.39290547370910645
manual_ground_truth_w0154_c29_i000,m3_improved_prediction_w0154_c29_i000,154,29,C4,770.0,774.292,770.1,770.112,4.292,0.011999999999999997,0.011999999999943611,4.29200000000003,0.002795899347610328,0.005576208178412459,0.10000000000002274,4.180000000000064,2.0399999999999636,4.28,0.3649817705154419,0.3684261441230774
manual_ground_truth_w0154_c32_i000,m3_improved_prediction_w0154_c32_i004,154,32,T7,770.0,774.292,774.076,774.092,4.292,0.016000000000000014,0.01599999999996271,4.29200000000003,0.0037278657968226,0.007428040854207387,4.076000000000022,0.20000000000004547,1.9380000000001019,4.276,0.3644230365753174,0.37479689717292786
manual_ground_truth_w0158_c01_i000,m3_improved_prediction_w0158_c01_i004,158,1,Fp1,795.752,800.0,797.384,799.996,4.248,2.612,2.6119999999999663,4.248000000000047,0.6148775894538459,0.7615160349854129,1.6320000000000618,0.004000000000019099,0.8140000000000782,1.6360000000000001,0.8248317837715149,0.9341409206390381
manual_ground_truth_w0158_c02_i000,m3_improved_prediction_w0158_c02_i001,158,2,Fp2,795.752,800.0,795.828,800.0,4.248,4.172,4.1720000000000255,4.248000000000047,0.9821092278719348,0.9909738717339728,0.07600000000002183,0.0,0.038000000000010914,0.07600000000000051,0.8209399580955505,0.9383612275123596
manual_ground_truth_w0158_c07_i000,m3_improved_prediction_w0158_c07_i015,158,7,Fz,795.752,800.0,798.332,798.644,4.248,0.3119999999999994,0.3120000000000118,4.248000000000047,0.07344632768361778,0.1368421052631631,2.580000000000041,1.3559999999999945,0.61200000000008,3.936000000000001,0.5485931038856506,0.7978585958480835
manual_ground_truth_w0158_c10_i000,m3_improved_prediction_w0158_c10_i000,158,10,F3,795.752,800.0,796.108,799.484,4.248,3.3760000000000003,3.37600000000009,4.248000000000047,0.7947269303201631,0.885624344176309,0.35599999999999454,0.5159999999999627,0.07999999999992724,0.8719999999999999,0.8669739961624146,0.9750922918319702
manual_ground_truth_w0158_c11_i000,m3_improved_prediction_w0158_c11_i001,158,11,F4,795.752,800.0,796.064,799.816,4.248,3.7520000000000007,3.7520000000000664,4.248000000000047,0.8832391713747704,0.9380000000000166,0.3120000000000118,0.18399999999996908,0.06400000000007822,0.49599999999999955,0.8251031637191772,0.9801008701324463
manual_ground_truth_w0158_c14_i000,m3_improved_prediction_w0158_c14_i003,158,14,F7,795.752,800.0,796.86,798.884,4.248,2.024,2.024000000000001,4.248000000000047,0.47645951035781037,0.6454081632653064,1.108000000000061,1.1159999999999854,0.0039999999999054126,2.224,0.7843648195266724,0.9571175575256348
manual_ground_truth_w0158_c15_i000,m3_improved_prediction_w0158_c15_i018,158,15,F8,795.752,800.0,797.952,798.672,4.248,0.7200000000000006,0.7200000000000273,4.248000000000047,0.16949152542373336,0.28985507246377906,2.2000000000000455,1.3279999999999745,0.43600000000003547,3.5279999999999996,0.6841068267822266,0.8705779314041138
manual_ground_truth_w0158_c32_i000,m3_improved_prediction_w0158_c32_i010,158,32,T7,795.752,800.0,797.332,797.456,4.248,0.12400000000000055,0.12400000000002365,4.248000000000047,0.029190207156314093,0.056724611161950426,1.580000000000041,2.5439999999999827,0.4819999999999709,4.124,0.5309963226318359,0.6506692171096802
manual_ground_truth_w0158_c47_i000,m3_improved_prediction_w0158_c47_i000,158,47,P7,795.752,800.0,795.744,795.796,4.248,0.05200000000000049,0.044000000000096406,4.255999999999972,0.010338345864684375,0.020465116279114605,0.007999999999924512,4.203999999999951,2.1059999999999945,4.196,0.43514907360076904,0.470296174287796
manual_ground_truth_w0159_c01_i000,m3_improved_prediction_w0159_c01_i003,159,1,Fp1,795.752,804.632,797.912,804.628,8.879999999999999,6.716,6.716000000000008,8.879999999999995,0.7563063063063076,0.861246473454733,2.160000000000082,0.0039999999999054126,1.0779999999999745,2.163999999999999,0.9028733968734741,0.9630756974220276
manual_ground_truth_w0159_c02_i000,m3_improved_prediction_w0159_c02_i002,159,2,Fp2,795.752,804.632,797.912,804.996,8.879999999999999,7.0840000000000005,6.719999999999914,9.244000000000028,0.7269580268282013,0.8418942620896911,2.160000000000082,0.36400000000003274,1.2619999999999436,1.7959999999999985,0.8856302499771118,0.9656884074211121
manual_ground_truth_w0159_c07_i000,m3_improved_prediction_w0159_c07_i022,159,7,Fz,795.752,804.632,799.848,800.86,8.879999999999999,1.0120000000000005,1.0120000000000573,8.879999999999995,0.11396396396397047,0.20460978568541394,4.096000000000004,3.7719999999999345,0.16200000000003456,7.8679999999999986,0.6193921566009521,0.7759200930595398
manual_ground_truth_w0159_c10_i000,m3_improved_prediction_w0159_c10_i002,159,10,F3,795.752,804.632,796.632,804.584,8.879999999999999,7.952,7.951999999999998,8.879999999999995,0.8954954954954958,0.944866920152091,0.8799999999999955,0.04800000000000182,0.41599999999994,0.927999999999999,0.9201858043670654,0.9809593558311462
manual_ground_truth_w0159_c11_i000,m3_improved_prediction_w0159_c11_i004,159,11,F4,795.752,804.632,797.912,804.56,8.879999999999999,6.648000000000001,6.647999999999911,8.879999999999995,0.748648648648639,0.8562596599690767,2.160000000000082,0.07200000000000273,1.0439999999999827,2.2319999999999984,0.9033582210540771,0.9708207845687866
manual_ground_truth_w0159_c14_i000,m3_improved_prediction_w0159_c14_i013,159,14,F7,795.752,804.632,800.492,803.188,8.879999999999999,2.6960000000000006,2.6960000000000264,8.879999999999995,0.3036036036036067,0.465791292328961,4.740000000000009,1.44399999999996,1.6479999999999109,6.183999999999998,0.8552267551422119,0.962986171245575
manual_ground_truth_w0159_c15_i000,m3_improved_prediction_w0159_c15_i019,159,15,F8,795.752,804.632,799.7,800.436,8.879999999999999,0.7359999999999998,0.73599999999999,8.879999999999995,0.0828828828828818,0.15307820299500624,3.9480000000000928,4.195999999999913,0.12400000000002365,8.143999999999998,0.7615094184875488,0.9149703979492188
manual_ground_truth_w0159_c32_i000,m3_improved_prediction_w0159_c32_i010,159,32,T7,795.752,804.632,796.728,796.784,8.879999999999999,0.05600000000000005,0.05600000000004002,8.879999999999995,0.006306306306310816,0.012533572068048348,0.9759999999999991,7.847999999999956,3.4360000000000355,8.823999999999998,0.4795338809490204,0.6379930973052979
manual_ground_truth_w0159_c47_i000,m3_improved_prediction_w0159_c47_i001,159,47,P7,795.752,804.632,799.376,799.388,8.879999999999999,0.011999999999999567,0.012000000000057298,8.879999999999995,0.0013513513513578046,0.0026990553306471656,3.6240000000000236,5.2439999999999145,0.8099999999999454,8.867999999999999,0.37126362323760986,0.38443484902381897
manual_ground_truth_w0160_c01_i000,m3_improved_prediction_w0160_c01_i000,160,1,Fp1,800.0,804.632,800.0,803.92,4.632,3.92,3.919999999999959,4.631999999999948,0.8462867012089816,0.916744621141244,0.0,0.7119999999999891,0.35599999999999454,0.7119999999999997,0.9101537466049194,0.9601395726203918
manual_ground_truth_w0160_c02_i000,m3_improved_prediction_w0160_c02_i000,160,2,Fp2,800.0,804.632,800.0,804.564,4.632,4.564,4.5639999999999645,4.631999999999948,0.9853195164076026,0.9926054806437504,0.0,0.06799999999998363,0.0340000000001055,0.06799999999999962,0.8997880816459656,0.9601675271987915
manual_ground_truth_w0160_c07_i000,m3_improved_prediction_w0160_c07_i001,160,7,Fz,800.0,804.632,800.064,800.584,4.632,0.52,0.5199999999999818,4.631999999999948,0.11226252158894379,0.20186335403726005,0.06399999999996453,4.048000000000002,1.9920000000000755,4.112,0.6240735650062561,0.8828442096710205
manual_ground_truth_w0160_c10_i000,m3_improved_prediction_w0160_c10_i000,160,10,F3,800.0,804.632,800.004,804.56,4.632,4.556,4.555999999999926,4.631999999999948,0.9835924006908414,0.9917283413147425,0.004000000000019099,0.07200000000000273,0.0340000000001055,0.07599999999999962,0.9124172925949097,0.9745821952819824
manual_ground_truth_w0160_c11_i000,m3_improved_prediction_w0160_c11_i000,160,11,F4,800.0,804.632,800.012,804.532,4.632,4.5200000000000005,4.5200000000000955,4.631999999999948,0.9758203799654892,0.9877622377622585,0.011999999999943611,0.09999999999990905,0.044000000000096406,0.11199999999999921,0.8953823447227478,0.9744051098823547
manual_ground_truth_w0160_c14_i000,m3_improved_prediction_w0160_c14_i001,160,14,F7,800.0,804.632,801.58,803.204,4.632,1.624,1.62399999999991,4.631999999999948,0.350604490500848,0.5191815856777205,1.580000000000041,1.4279999999999973,0.07600000000002183,3.0079999999999996,0.8185065984725952,0.9320719838142395
manual_ground_truth_w0160_c15_i000,m3_improved_prediction_w0160_c15_i000,160,15,F8,800.0,804.632,800.016,800.436,4.632,0.42,0.42000000000007276,4.631999999999948,0.0906735751295504,0.1662707838480098,0.01599999999996271,4.195999999999913,2.090000000000032,4.212,0.6484072208404541,0.8308011293411255
manual_ground_truth_w0160_c32_i000,m3_improved_prediction_w0160_c32_i022,160,32,T7,800.0,804.632,802.208,802.728,4.632,0.52,0.5199999999999818,4.631999999999948,0.11226252158894379,0.20186335403726005,2.20799999999997,1.9039999999999964,0.15199999999992997,4.112,0.6244373321533203,0.7478327751159668
manual_ground_truth_w0163_c01_i000,m3_improved_prediction_w0163_c01_i031,163,1,Fp1,821.06,825.0,822.236,822.84,3.9400000000000004,0.6040000000000001,0.6040000000000418,3.9400000000000546,0.1532994923857953,0.2658450704225536,1.1760000000000446,2.159999999999968,0.4919999999999618,3.3360000000000003,0.7520979046821594,0.8372684717178345
manual_ground_truth_w0163_c02_i000,m3_improved_prediction_w0163_c02_i021,163,2,Fp2,821.06,825.0,822.208,823.112,3.9400000000000004,0.9039999999999999,0.9039999999999964,3.9400000000000546,0.22944162436547813,0.3732452518579671,1.1480000000000246,1.8880000000000337,0.37000000000000455,3.0360000000000005,0.7363402843475342,0.8947753310203552
manual_ground_truth_w0163_c14_i000,m3_improved_prediction_w0163_c14_i026,163,14,F7,821.06,825.0,821.06,823.172,3.9400000000000004,2.112000000000001,2.11200000000008,3.9400000000000546,0.5360406091370687,0.6979510905486053,0.0,1.8279999999999745,0.9139999999999873,1.8279999999999994,0.7488207817077637,0.9464607238769531
manual_ground_truth_w0163_c15_i000,m3_improved_prediction_w0163_c15_i011,163,15,F8,821.06,825.0,821.736,823.02,3.9400000000000004,1.2839999999999998,1.2839999999999918,3.9400000000000546,0.32588832487308983,0.4915773353751883,0.6760000000000446,1.9800000000000182,0.6520000000000437,2.6560000000000006,0.6885661482810974,0.9318059086799622
manual_ground_truth_w0163_c32_i000,m3_improved_prediction_w0163_c32_i024,163,32,T7,821.06,825.0,823.032,824.188,3.9400000000000004,1.1560000000000006,1.155999999999949,3.9400000000000546,0.2934010152284094,0.4536891679748622,1.9720000000000937,0.8120000000000118,0.5800000000000409,2.784,0.7503860592842102,0.930395245552063
manual_ground_truth_w0163_c33_i000,m3_improved_prediction_w0163_c33_i023,163,33,T8,821.06,825.0,821.404,822.64,3.9400000000000004,1.2359999999999998,1.23599999999999,3.9400000000000546,0.3137055837563383,0.47758887171560666,0.34400000000005093,2.3600000000000136,1.0080000000000382,2.7040000000000006,0.593575656414032,0.8094949722290039
manual_ground_truth_w0164_c01_i000,m3_improved_prediction_w0164_c01_i000,164,1,Fp1,821.06,825.212,820.008,824.384,4.151999999999999,4.376,3.324000000000069,5.203999999999951,0.6387394312067833,0.7795497185741251,1.0519999999999072,0.8279999999999745,0.9399999999999409,0.2240000000000011,0.8587576150894165,0.9467620253562927
manual_ground_truth_w0164_c01_i001,m3_improved_prediction_w0164_c01_i002,164,1,Fp1,826.56,830.0,827.044,827.272,3.4400000000000004,0.22800000000000065,0.22800000000006548,3.4400000000000546,0.06627906976745984,0.12431842966197679,0.4840000000000373,2.727999999999952,1.1219999999999573,3.2119999999999997,0.6041401028633118,0.7654030919075012
manual_ground_truth_w0164_c02_i000,m3_improved_prediction_w0164_c02_i000,164,2,Fp2,821.06,825.212,820.004,824.4,4.151999999999999,4.396000000000001,3.340000000000032,5.20799999999997,0.6413210445468608,0.781469349555459,1.0559999999999263,0.8120000000000118,0.9339999999999691,0.24400000000000155,0.8577377796173096,0.9521256685256958
manual_ground_truth_w0164_c02_i001,m3_improved_prediction_w0164_c02_i002,164,2,Fp2,826.56,830.0,827.032,827.3,3.4400000000000004,0.2679999999999998,0.2679999999999154,3.4400000000000546,0.07790697674416022,0.14455231930955523,0.4720000000000937,2.7000000000000455,1.1140000000000327,3.1720000000000006,0.6485409140586853,0.8034911155700684
manual_ground_truth_w0164_c14_i000,m3_improved_prediction_w0164_c14_i006,164,14,F7,821.06,825.212,821.032,824.384,4.151999999999999,3.3520000000000003,3.324000000000069,4.17999999999995,0.7952153110048107,0.8859275053305089,0.027999999999906322,0.8279999999999745,0.4279999999998836,0.7999999999999989,0.7810782790184021,0.9554935097694397
manual_ground_truth_w0164_c14_i001,m3_improved_prediction_w0164_c14_i008,164,14,F7,826.56,830.0,827.032,827.74,3.4400000000000004,0.7080000000000002,0.70799999999997,3.4400000000000546,0.2058139534883601,0.34136933461907903,0.4720000000000937,2.259999999999991,0.8940000000000055,2.732,0.7370769381523132,0.8771716356277466
manual_ground_truth_w0164_c15_i000,m3_improved_prediction_w0164_c15_i006,164,15,F8,821.06,825.212,821.968,823.024,4.151999999999999,1.056,1.05600000000004,4.152000000000044,0.2543352601156139,0.4055299539170661,0.9080000000000155,2.187999999999988,0.6399999999999864,3.095999999999999,0.6496694087982178,0.923186719417572
manual_ground_truth_w0164_c15_i001,m3_improved_prediction_w0164_c15_i020,164,15,F8,826.56,830.0,827.244,827.724,3.4400000000000004,0.4800000000000004,0.4800000000000182,3.4400000000000546,0.1395348837209333,0.2448979591836827,0.6840000000000828,2.2759999999999536,0.7959999999999354,2.96,0.5415588617324829,0.7494845986366272
manual_ground_truth_w0164_c32_i001,m3_improved_prediction_w0164_c32_i012,164,32,T7,826.56,830.0,827.012,828.56,3.4400000000000004,1.548000000000001,1.5480000000000018,3.4400000000000546,0.4499999999999934,0.6206896551724144,0.4519999999999982,1.4400000000000546,0.4940000000000282,1.8919999999999995,0.7843418121337891,0.9555127620697021
manual_ground_truth_w0164_c32_i000,m3_improved_prediction_w0164_c32_i011,164,32,T7,821.06,825.212,823.388,824.336,4.151999999999999,0.9480000000000004,0.9479999999999791,4.152000000000044,0.22832369942195788,0.3717647058823448,2.328000000000088,0.8759999999999764,0.7260000000001128,3.203999999999999,0.7055875062942505,0.9249575138092041
manual_ground_truth_w0164_c33_i001,m3_improved_prediction_w0164_c33_i008,164,33,T8,826.56,830.0,827.136,828.564,3.4400000000000004,1.428,1.4279999999999973,3.4400000000000546,0.41511627906976006,0.5866885784716505,0.5760000000000218,1.4360000000000355,0.43000000000006366,2.0120000000000005,0.7970399856567383,0.9317779541015625
manual_ground_truth_w0164_c33_i000,m3_improved_prediction_w0164_c33_i006,164,33,T8,821.06,825.212,823.04,824.088,4.151999999999999,1.048,1.0480000000000018,4.152000000000044,0.25240847784200166,0.40307692307692383,1.9800000000000182,1.1240000000000236,0.42799999999999727,3.103999999999999,0.6938397884368896,0.9308813214302063
manual_ground_truth_w0165_c01_i000,m3_improved_prediction_w0165_c01_i000,165,1,Fp1,825.0,825.212,825.0,825.276,0.212,0.276,0.21199999999998909,0.2759999999999536,0.7681159420290751,0.8688524590163488,0.0,0.06399999999996453,0.03199999999992542,0.06400000000000003,0.6675736904144287,0.8582333326339722
manual_ground_truth_w0165_c01_i001,m3_improved_prediction_w0165_c01_i001,165,1,Fp1,826.56,830.712,825.284,829.328,4.151999999999999,4.0440000000000005,2.768000000000029,5.427999999999997,0.5099484156227028,0.6754514397267031,1.2759999999999536,1.3840000000000146,1.3299999999999272,0.10799999999999876,0.8236209750175476,0.9387548565864563
manual_ground_truth_w0165_c01_i002,m3_improved_prediction_w0165_c01_i014,165,1,Fp1,832.252,835.0,834.424,834.692,2.748,0.2680000000000007,0.2680000000000291,2.7480000000000473,0.09752547307133351,0.17771883289126594,2.1720000000000255,0.3079999999999927,0.9320000000000164,2.4799999999999995,0.5584099888801575,0.7981976866722107
manual_ground_truth_w0165_c02_i001,m3_improved_prediction_w0165_c02_i000,165,2,Fp2,826.56,830.712,825.0,829.532,4.151999999999999,4.532,2.9720000000000937,5.711999999999989,0.5203081232493171,0.6844771994472809,1.5599999999999454,1.17999999999995,1.3699999999998909,0.3800000000000008,0.824946403503418,0.9434728622436523
manual_ground_truth_w0165_c02_i002,m3_improved_prediction_w0165_c02_i006,165,2,Fp2,832.252,835.0,834.12,834.916,2.748,0.7960000000000012,0.7960000000000491,2.7480000000000473,0.28966521106260384,0.4492099322799373,1.8680000000000518,0.08399999999994634,0.8920000000000528,1.951999999999999,0.6517017483711243,0.8550050854682922
manual_ground_truth_w0165_c14_i001,m3_improved_prediction_w0165_c14_i010,165,14,F7,826.56,830.712,826.856,829.408,4.151999999999999,2.5520000000000005,2.552000000000021,4.152000000000044,0.614643545279382,0.7613365155131327,0.2960000000000491,1.3039999999999736,0.5039999999999054,1.5999999999999988,0.795669674873352,0.935890257358551
manual_ground_truth_w0165_c14_i000,m3_improved_prediction_w0165_c14_i000,165,14,F7,825.0,825.212,825.012,825.088,0.212,0.076,0.07600000000002183,0.21199999999998909,0.3584905660378573,0.5277777777779294,0.011999999999943611,0.12400000000002365,0.05600000000004002,0.136,0.5740175843238831,0.7915652394294739
manual_ground_truth_w0165_c14_i002,m3_improved_prediction_w0165_c14_i018,165,14,F7,832.252,835.0,834.476,834.968,2.748,0.4919999999999991,0.4919999999999618,2.7480000000000473,0.17903930131002668,0.30370370370368016,2.2240000000000464,0.03200000000003911,1.0960000000000036,2.256000000000001,0.6480627059936523,0.8610303401947021
manual_ground_truth_w0165_c15_i001,m3_improved_prediction_w0165_c15_i013,165,15,F8,826.56,830.712,828.528,829.128,4.151999999999999,0.6000000000000001,0.6000000000000227,4.152000000000044,0.14450867052023517,0.25252525252526214,1.9680000000000746,1.5839999999999463,0.19200000000000728,3.551999999999999,0.6751582622528076,0.8885433673858643
manual_ground_truth_w0165_c15_i002,m3_improved_prediction_w0165_c15_i021,165,15,F8,832.252,835.0,834.768,834.928,2.748,0.16000000000000014,0.15999999999996817,2.7480000000000473,0.05822416302764389,0.11004126547453105,2.5160000000000764,0.07200000000000273,1.22199999999998,2.588,0.6317024230957031,0.8030468225479126
manual_ground_truth_w0165_c32_i001,m3_improved_prediction_w0165_c32_i000,165,32,T7,826.56,830.712,826.924,829.356,4.151999999999999,2.432,2.4320000000000164,4.152000000000044,0.585741811175335,0.7387606318347559,0.36400000000003274,1.3559999999999945,0.4959999999999809,1.7199999999999993,0.8364577889442444,0.9711183905601501
manual_ground_truth_w0165_c32_i002,m3_improved_prediction_w0165_c32_i006,165,32,T7,832.252,835.0,834.916,834.992,2.748,0.07600000000000051,0.07599999999990814,2.7480000000000473,0.027656477438102924,0.05382436260616723,2.664000000000101,0.008000000000038199,1.3279999999999745,2.6719999999999997,0.5529940724372864,0.7770635485649109
manual_ground_truth_w0165_c33_i001,m3_improved_prediction_w0165_c33_i000,165,33,T8,826.56,830.712,826.988,829.372,4.151999999999999,2.384,2.383999999999901,4.152000000000044,0.5741811175336887,0.7294981640146576,0.42800000000011096,1.3400000000000318,0.4559999999999036,1.7679999999999993,0.8359366655349731,0.9669522047042847
manual_ground_truth_w0165_c33_i002,m3_improved_prediction_w0165_c33_i003,165,33,T8,832.252,835.0,834.932,834.964,2.748,0.03200000000000003,0.03200000000003911,2.7480000000000473,0.011644832605545326,0.023021582733841084,2.6800000000000637,0.03599999999994452,1.3220000000001164,2.716,0.479923814535141,0.5979316234588623
manual_ground_truth_w0166_c01_i001,m3_improved_prediction_w0166_c01_i005,166,1,Fp1,832.252,836.256,832.984,835.932,4.0040000000000004,2.9480000000000004,2.947999999999979,4.004000000000019,0.7362637362637275,0.8481012658227787,0.7320000000000846,0.32399999999995543,0.20400000000017826,1.056,0.8226647973060608,0.9262495636940002
manual_ground_truth_w0166_c01_i000,m3_improved_prediction_w0166_c01_i000,166,1,Fp1,830.0,830.712,830.0,832.472,0.712,2.472,0.7119999999999891,2.47199999999998,0.28802588996763545,0.4472361809045157,0.0,1.759999999999991,0.8799999999999955,1.76,0.8525177240371704,0.9306068420410156
manual_ground_truth_w0166_c01_i002,m3_improved_prediction_w0166_c01_i007,166,1,Fp1,838.376,840.0,839.36,839.568,1.6240000000000006,0.20800000000000018,0.20799999999997,1.6240000000000236,0.1280788177339698,0.2270742358078274,0.9840000000000373,0.43200000000001637,0.2759999999999536,1.4160000000000004,0.7182109355926514,0.8575997948646545
manual_ground_truth_w0166_c02_i001,m3_improved_prediction_w0166_c02_i000,166,2,Fp2,832.252,836.256,830.0,835.956,4.0040000000000004,5.956,3.7040000000000646,6.255999999999972,0.59207161125321,0.7437751004016193,2.2519999999999527,0.2999999999999545,1.27599999999984,1.952,0.8362401723861694,0.9312801957130432
manual_ground_truth_w0166_c02_i002,m3_improved_prediction_w0166_c02_i002,166,2,Fp2,838.376,840.0,839.348,839.572,1.6240000000000006,0.22399999999999842,0.22400000000004638,1.6240000000000236,0.13793103448278518,0.24242424242429275,0.97199999999998,0.42799999999999727,0.2720000000000482,1.4000000000000021,0.7193205952644348,0.8611218333244324
manual_ground_truth_w0166_c14_i000,m3_improved_prediction_w0166_c14_i000,166,14,F7,830.0,830.712,830.02,830.196,0.712,0.17600000000000002,0.17600000000004457,0.7119999999999891,0.24719101123602144,0.39639639639649676,0.01999999999998181,0.5159999999999627,0.2480000000000473,0.5359999999999999,0.4881715476512909,0.5687837600708008
manual_ground_truth_w0166_c14_i002,m3_improved_prediction_w0166_c14_i021,166,14,F7,838.376,840.0,839.34,839.684,1.6240000000000006,0.3439999999999994,0.34399999999993724,1.6240000000000236,0.21182266009848044,0.3495934959348956,0.9640000000000555,0.3160000000000309,0.32399999999995543,1.2800000000000011,0.6198198795318604,0.8360873460769653
manual_ground_truth_w0166_c14_i001,m3_improved_prediction_w0166_c14_i015,166,14,F7,832.252,836.256,835.492,836.004,4.0040000000000004,0.5119999999999996,0.5120000000000573,4.004000000000019,0.12787212787214158,0.22674933569533096,3.240000000000009,0.2519999999999527,1.4940000000001419,3.492000000000001,0.8029061555862427,0.9387794137001038
manual_ground_truth_w0166_c15_i001,m3_improved_prediction_w0166_c15_i002,166,15,F8,832.252,836.256,835.516,835.9,4.0040000000000004,0.38400000000000034,0.38400000000001455,4.004000000000019,0.09590409590409908,0.17502278942571306,3.26400000000001,0.35599999999999454,1.4540000000000646,3.62,0.6775784492492676,0.9480323195457458
manual_ground_truth_w0166_c15_i002,m3_improved_prediction_w0166_c15_i010,166,15,F8,838.376,840.0,839.876,839.972,1.6240000000000006,0.09600000000000009,0.09600000000000364,1.6240000000000236,0.059113300492612215,0.11162790697674838,1.5,0.02800000000002001,0.73599999999999,1.5280000000000005,0.5012534260749817,0.7276074290275574
manual_ground_truth_w0166_c32_i002,m3_improved_prediction_w0166_c32_i014,166,32,T7,838.376,840.0,839.32,839.96,1.6240000000000006,0.6400000000000006,0.6399999999999864,1.6240000000000236,0.3940886699507248,0.56537102473497,0.9440000000000737,0.03999999999996362,0.45200000000011187,0.984,0.7815703749656677,0.9429386854171753
manual_ground_truth_w0166_c32_i000,m3_improved_prediction_w0166_c32_i000,166,32,T7,830.0,830.712,830.032,830.136,0.712,0.10400000000000001,0.10399999999992815,0.7119999999999891,0.1460674157302384,0.2549019607841376,0.03200000000003911,0.5760000000000218,0.2719999999999345,0.608,0.6469234824180603,0.8155913352966309
manual_ground_truth_w0166_c32_i001,m3_improved_prediction_w0166_c32_i007,166,32,T7,832.252,836.256,835.504,835.96,4.0040000000000004,0.4560000000000004,0.4560000000000173,4.004000000000019,0.11388611388611766,0.20448430493274314,3.2520000000000664,0.2959999999999354,1.4780000000000655,3.548,0.7597908973693848,0.9322885274887085
manual_ground_truth_w0166_c33_i002,m3_improved_prediction_w0166_c33_i007,166,33,T8,838.376,840.0,839.336,839.932,1.6240000000000006,0.5960000000000001,0.5960000000000036,1.6240000000000236,0.3669950738916225,0.5369369369369401,0.9600000000000364,0.06799999999998363,0.4460000000000264,1.0280000000000005,0.7639114260673523,0.9332824945449829
manual_ground_truth_w0166_c33_i000,m3_improved_prediction_w0166_c33_i000,166,33,T8,830.0,830.712,830.048,830.116,0.712,0.068,0.06799999999998363,0.7119999999999891,0.09550561797750656,0.17435897435893238,0.04800000000000182,0.5960000000000036,0.2740000000000009,0.6439999999999999,0.5535985231399536,0.6959130167961121
manual_ground_truth_w0166_c33_i001,m3_improved_prediction_w0166_c33_i004,166,33,T8,832.252,836.256,835.624,835.936,4.0040000000000004,0.3120000000000003,0.3120000000000118,4.004000000000019,0.0779220779220805,0.1445783132530175,3.372000000000071,0.31999999999993634,1.5260000000000673,3.692,0.5977867841720581,0.8102275133132935
manual_ground_truth_w0167_c01_i000,m3_improved_prediction_w0167_c01_i000,167,1,Fp1,835.0,836.256,835.0,835.528,1.256,0.528,0.52800000000002,1.2559999999999718,0.4203821656051209,0.5919282511210987,0.0,0.7279999999999518,0.36399999999991905,0.728,0.6514716744422913,0.7530824542045593
manual_ground_truth_w0167_c01_i001,m3_improved_prediction_w0167_c01_i016,167,1,Fp1,838.376,842.432,841.508,841.996,4.056000000000001,0.48800000000000043,0.4879999999999427,4.05600000000004,0.12031558185402808,0.2147887323943409,3.132000000000062,0.43600000000003547,1.3479999999999563,3.5680000000000005,0.7069920301437378,0.8955061435699463
manual_ground_truth_w0167_c02_i000,m3_improved_prediction_w0167_c02_i000,167,2,Fp2,835.0,836.256,835.0,835.532,1.256,0.532,0.5320000000000391,1.2559999999999718,0.42356687898093237,0.5950782997763301,0.0,0.7239999999999327,0.36199999999985266,0.724,0.7913437485694885,0.8785929083824158
manual_ground_truth_w0167_c02_i001,m3_improved_prediction_w0167_c02_i007,167,2,Fp2,838.376,842.432,839.3,839.916,4.056000000000001,0.6160000000000005,0.6160000000000991,4.05600000000004,0.1518737672584056,0.26369863013702866,0.9239999999999782,2.5159999999999627,0.7960000000000491,3.4400000000000004,0.7138210535049438,0.9112043976783752
manual_ground_truth_w0167_c14_i000,m3_improved_prediction_w0167_c14_i001,167,14,F7,835.0,836.256,835.636,836.008,1.256,0.372,0.37200000000007094,1.2559999999999718,0.2961783439491077,0.4570024570025441,0.6359999999999673,0.2479999999999336,0.19400000000007367,0.884,0.8571654558181763,0.9604769945144653
manual_ground_truth_w0167_c14_i001,m3_improved_prediction_w0167_c14_i028,167,14,F7,838.376,842.432,841.412,841.944,4.056000000000001,0.532,0.5319999999999254,4.05600000000004,0.13116370808676533,0.23190932868348968,3.036000000000058,0.4880000000000564,1.274000000000001,3.524000000000001,0.7634302377700806,0.9653275012969971
manual_ground_truth_w0167_c15_i000,m3_improved_prediction_w0167_c15_i001,167,15,F8,835.0,836.256,835.624,835.988,1.256,0.364,0.36400000000003274,1.2559999999999718,0.2898089171974848,0.4493827160494231,0.6240000000000236,0.2679999999999154,0.17800000000011096,0.892,0.7827266454696655,0.9501878619194031
manual_ground_truth_w0167_c15_i001,m3_improved_prediction_w0167_c15_i021,167,15,F8,838.376,842.432,841.468,841.772,4.056000000000001,0.30400000000000027,0.3040000000000873,4.05600000000004,0.0749506903353265,0.13944954128444367,3.0919999999999845,0.6599999999999682,1.2160000000000082,3.7520000000000007,0.820864737033844,0.9678238034248352
manual_ground_truth_w0167_c32_i001,m3_improved_prediction_w0167_c32_i005,167,32,T7,838.376,842.432,839.328,840.628,4.056000000000001,1.2999999999999998,1.3000000000000682,4.05600000000004,0.3205128205128342,0.48543689320390887,0.9519999999999982,1.8039999999999736,0.4259999999999309,2.756000000000001,0.7168768644332886,0.935087263584137
manual_ground_truth_w0167_c32_i000,m3_improved_prediction_w0167_c32_i000,167,32,T7,835.0,836.256,835.604,835.96,1.256,0.356,0.35599999999999454,1.2559999999999718,0.28343949044586186,0.44168734491314454,0.6040000000000418,0.2959999999999354,0.15400000000011005,0.9,0.8023718595504761,0.9263489842414856
manual_ground_truth_w0167_c33_i001,m3_improved_prediction_w0167_c33_i003,167,33,T8,838.376,842.432,839.38,840.64,4.056000000000001,1.2599999999999998,1.259999999999991,4.05600000000004,0.3106508875739592,0.4740406320541726,1.004000000000019,1.79200000000003,0.39400000000000546,2.796000000000001,0.7582988142967224,0.9346525073051453
manual_ground_truth_w0167_c33_i000,m3_improved_prediction_w0167_c33_i000,167,33,T8,835.0,836.256,835.612,835.944,1.256,0.33199999999999996,0.33199999999999363,1.2559999999999718,0.2643312101910837,0.41813602015112544,0.6119999999999663,0.3120000000000118,0.15000000000009095,0.924,0.5957430601119995,0.8364288806915283
manual_ground_truth_w0168_c01_i000,m3_improved_prediction_w0168_c01_i000,168,1,Fp1,840.0,842.432,840.0,842.152,2.432,2.152,2.1520000000000437,2.4320000000000164,0.8848684210526436,0.9389179755672094,0.0,0.2799999999999727,0.13999999999998636,0.2799999999999998,0.8070187568664551,0.9287031888961792
manual_ground_truth_w0168_c01_i001,m3_improved_prediction_w0168_c01_i019,168,1,Fp1,845.08,848.656,845.368,848.276,3.5760000000000005,2.9079999999999995,2.9079999999999018,3.575999999999908,0.8131991051454073,0.8969771745835601,0.2880000000000109,0.37999999999999545,0.045999999999935426,0.668000000000001,0.8773188591003418,0.9419187903404236
manual_ground_truth_w0168_c02_i000,m3_improved_prediction_w0168_c02_i000,168,2,Fp2,840.0,842.432,840.0,842.288,2.432,2.288,2.288000000000011,2.4320000000000164,0.9407894736842087,0.9694915254237335,0.0,0.14400000000000546,0.07200000000000273,0.14400000000000013,0.817920982837677,0.9381512403488159
manual_ground_truth_w0168_c02_i001,m3_improved_prediction_w0168_c02_i013,168,2,Fp2,845.08,848.656,845.356,848.304,3.5760000000000005,2.9480000000000004,2.947999999999979,3.575999999999908,0.8243847874720511,0.9037400367872406,0.2759999999999536,0.35199999999997544,0.038000000000010914,0.6280000000000001,0.8963061571121216,0.9477769732475281
manual_ground_truth_w0168_c14_i001,m3_improved_prediction_w0168_c14_i010,168,14,F7,845.08,848.656,845.34,848.364,3.5760000000000005,3.024000000000001,3.024000000000001,3.575999999999908,0.8456375838926394,0.9163636363636365,0.2599999999999909,0.2919999999999163,0.015999999999849024,0.5519999999999996,0.8974037170410156,0.9621339440345764
manual_ground_truth_w0168_c14_i000,m3_improved_prediction_w0168_c14_i000,168,14,F7,840.0,842.432,840.0,842.016,2.432,2.016,2.0159999999999627,2.4320000000000164,0.8289473684210317,0.906474820143868,0.0,0.41600000000005366,0.20799999999997,0.4159999999999999,0.8997032046318054,0.9753596782684326
manual_ground_truth_w0168_c15_i000,m3_improved_prediction_w0168_c15_i000,168,15,F8,840.0,842.432,840.024,841.696,2.432,1.672,1.6720000000000255,2.4320000000000164,0.6875000000000059,0.8148148148148272,0.02400000000000091,0.73599999999999,0.35599999999999454,0.76,0.8633705973625183,0.9656307101249695
manual_ground_truth_w0168_c15_i001,m3_improved_prediction_w0168_c15_i008,168,15,F8,845.08,848.656,846.488,848.316,3.5760000000000005,1.8280000000000003,1.8279999999999745,3.575999999999908,0.511185682326628,0.6765358993338173,1.4080000000000155,0.33999999999991815,0.5340000000001055,1.7480000000000002,0.7952117323875427,0.9680667519569397
manual_ground_truth_w0168_c32_i000,m3_improved_prediction_w0168_c32_i000,168,32,T7,840.0,842.432,840.012,841.792,2.432,1.78,1.7800000000000864,2.4320000000000164,0.7319078947368727,0.8452041785375529,0.011999999999943611,0.6399999999999864,0.31399999999996453,0.6519999999999999,0.8525095582008362,0.9854610562324524
manual_ground_truth_w0168_c32_i001,m3_improved_prediction_w0168_c32_i007,168,32,T7,845.08,848.656,846.264,848.156,3.5760000000000005,1.8920000000000003,1.891999999999939,3.575999999999908,0.5290827740492136,0.6920263350402117,1.183999999999969,0.5,0.3420000000000982,1.6840000000000002,0.7725651860237122,0.9755310416221619
manual_ground_truth_w0168_c33_i000,m3_improved_prediction_w0168_c33_i006,168,33,T8,840.0,842.432,840.728,841.8,2.432,1.072,1.0720000000000027,2.4320000000000164,0.4407894736842087,0.611872146118723,0.7279999999999518,0.6320000000000618,0.04799999999988813,1.3599999999999999,0.8630725145339966,0.9863269329071045
manual_ground_truth_w0168_c33_i001,m3_improved_prediction_w0168_c33_i013,168,33,T8,845.08,848.656,846.616,847.524,3.5760000000000005,0.9080000000000004,0.9080000000000155,3.575999999999908,0.2539149888143285,0.4049955396967062,1.5359999999999445,1.1319999999999482,0.20199999999999818,2.668,0.7284561991691589,0.9052077531814575
manual_ground_truth_w0169_c01_i000,m3_improved_prediction_w0169_c01_i000,169,1,Fp1,845.08,848.656,845.0,848.364,3.576,3.364,3.283999999999992,3.655999999999949,0.8982494529540584,0.9463976945244934,0.08000000000004093,0.2919999999999163,0.18599999999992178,0.2120000000000002,0.8662510514259338,0.9526207447052002
manual_ground_truth_w0169_c01_i001,m3_improved_prediction_w0169_c01_i011,169,1,Fp1,850.628,854.248,851.348,851.924,3.619999999999999,0.5760000000000005,0.5760000000000218,3.6200000000000045,0.15911602209945333,0.2745471877979132,0.7199999999999136,2.324000000000069,0.8020000000001346,3.0439999999999987,0.7899175882339478,0.9186616539955139
manual_ground_truth_w0169_c02_i000,m3_improved_prediction_w0169_c02_i000,169,2,Fp2,845.08,848.656,845.0,848.4,3.576,3.4,3.3199999999999363,3.655999999999949,0.9080962800875226,0.9518348623853029,0.08000000000004093,0.2559999999999718,0.16799999999989268,0.17600000000000016,0.8761322498321533,0.9498609900474548
manual_ground_truth_w0169_c02_i001,m3_improved_prediction_w0169_c02_i016,169,2,Fp2,850.628,854.248,851.352,852.048,3.619999999999999,0.6959999999999997,0.6960000000000264,3.6200000000000045,0.19226519337017278,0.3225208526413469,0.7239999999999327,2.2000000000000455,0.7380000000000564,2.9239999999999995,0.7405205965042114,0.922805666923523
manual_ground_truth_w0169_c14_i000,m3_improved_prediction_w0169_c14_i004,169,14,F7,845.08,848.656,845.336,848.404,3.576,3.068,3.0679999999999836,3.575999999999908,0.8579418344519191,0.9235400361228127,0.2559999999999718,0.2519999999999527,0.002000000000066393,0.508,0.8698880076408386,0.9648951292037964
manual_ground_truth_w0169_c14_i001,m3_improved_prediction_w0169_c14_i022,169,14,F7,850.628,854.248,851.36,852.712,3.619999999999999,1.3519999999999994,1.3519999999999754,3.6200000000000045,0.37348066298341814,0.5438455349959678,0.7319999999999709,1.5360000000000582,0.40200000000004366,2.268,0.7158240675926208,0.9270884990692139
manual_ground_truth_w0169_c15_i000,m3_improved_prediction_w0169_c15_i001,169,15,F8,845.08,848.656,845.8,847.408,3.576,1.6079999999999999,1.608000000000061,3.575999999999908,0.44966442953022995,0.6203703703703939,0.7199999999999136,1.2479999999999336,0.2639999999998963,1.9680000000000002,0.849442183971405,0.963135838508606
manual_ground_truth_w0169_c15_i001,m3_improved_prediction_w0169_c15_i016,169,15,F8,850.628,854.248,851.528,851.892,3.619999999999999,0.36400000000000077,0.36400000000003274,3.6200000000000045,0.10055248618785423,0.18273092369479554,0.8999999999999773,2.3559999999999945,0.7280000000000655,3.2559999999999985,0.6253127455711365,0.8147178292274475
manual_ground_truth_w0169_c32_i001,m3_improved_prediction_w0169_c32_i008,169,32,T7,850.628,854.248,851.132,853.692,3.619999999999999,2.5600000000000005,2.560000000000059,3.6200000000000045,0.7071823204420044,0.8284789644013136,0.5039999999999054,0.55600000000004,0.026000000000067303,1.0599999999999987,0.7591131925582886,0.9677110314369202
manual_ground_truth_w0169_c32_i000,m3_improved_prediction_w0169_c32_i005,169,32,T7,845.08,848.656,846.648,847.54,3.576,0.8920000000000001,0.8919999999999391,3.575999999999908,0.24944071588365826,0.399283795881799,1.5679999999999836,1.1159999999999854,0.22600000000011278,2.684,0.7465090751647949,0.9301738142967224
manual_ground_truth_w0169_c33_i001,m3_improved_prediction_w0169_c33_i005,169,33,T8,850.628,854.248,851.16,852.528,3.619999999999999,1.3679999999999994,1.3680000000000518,3.6200000000000045,0.3779005524862017,0.5485164394547122,0.5319999999999254,1.7200000000000273,0.5940000000000509,2.252,0.8337953090667725,0.9366110563278198
manual_ground_truth_w0169_c33_i000,m3_improved_prediction_w0169_c33_i003,169,33,T8,845.08,848.656,846.376,847.424,3.576,1.048,1.0480000000000018,3.575999999999908,0.29306487695750244,0.45328719723183464,1.2959999999999354,1.231999999999971,0.03200000000003911,2.528,0.7499675154685974,0.9208518862724304
manual_ground_truth_w0170_c01_i000,m3_improved_prediction_w0170_c01_i001,170,1,Fp1,850.628,854.248,850.904,853.892,3.62,2.988,2.9880000000000564,3.6200000000000045,0.8254143646408986,0.9043583535109129,0.2759999999999536,0.35599999999999454,0.04000000000007731,0.6320000000000001,0.8181490898132324,0.9267327785491943
manual_ground_truth_w0170_c01_i001,m3_improved_prediction_w0170_c01_i003,170,1,Fp1,856.996,860.0,857.488,859.28,3.0039999999999996,1.791999999999999,1.7919999999999163,3.004000000000019,0.5965379494007673,0.7472894078398319,0.4920000000000755,0.7200000000000273,0.11400000000003274,1.2120000000000006,0.8322740197181702,0.9277462959289551
manual_ground_truth_w0170_c02_i001,m3_improved_prediction_w0170_c02_i007,170,2,Fp2,856.996,860.0,857.452,860.0,3.0039999999999996,2.548,2.548000000000002,3.004000000000019,0.8482023968042562,0.9178674351585021,0.4560000000000173,0.0,0.2279999999999518,0.4559999999999995,0.8620310425758362,0.9461236000061035
manual_ground_truth_w0170_c02_i000,m3_improved_prediction_w0170_c02_i001,170,2,Fp2,850.628,854.248,850.888,853.912,3.62,3.024,3.024000000000001,3.6200000000000045,0.8353591160220987,0.910295003010235,0.2599999999999909,0.33600000000001273,0.038000000000010914,0.5960000000000001,0.8336213231086731,0.936753511428833
manual_ground_truth_w0170_c14_i001,m3_improved_prediction_w0170_c14_i022,170,14,F7,856.996,860.0,857.132,859.932,3.0039999999999996,2.8000000000000007,2.800000000000068,3.004000000000019,0.9320905459387652,0.9648518263266948,0.13599999999996726,0.06799999999998363,0.03399999999987813,0.20399999999999885,0.8779968023300171,0.9731576442718506
manual_ground_truth_w0170_c14_i000,m3_improved_prediction_w0170_c14_i007,170,14,F7,850.628,854.248,851.144,853.852,3.62,2.708,2.70799999999997,3.6200000000000045,0.7480662983425322,0.855878634639687,0.5159999999999627,0.39600000000007185,0.05999999999994543,0.9119999999999999,0.8176345229148865,0.9556503295898438
manual_ground_truth_w0170_c15_i000,m3_improved_prediction_w0170_c15_i006,170,15,F8,850.628,854.248,851.512,852.792,3.62,1.2799999999999998,1.2800000000000864,3.6200000000000045,0.3535911602210179,0.522448979591872,0.8839999999999009,1.4560000000000173,0.2860000000000582,2.3400000000000003,0.6775309443473816,0.8987140655517578
manual_ground_truth_w0170_c15_i001,m3_improved_prediction_w0170_c15_i022,170,15,F8,856.996,860.0,857.728,858.664,3.0039999999999996,0.9359999999999999,0.9360000000000355,3.004000000000019,0.3115845539281057,0.47512690355331755,0.7319999999999709,1.3360000000000127,0.3020000000001346,2.0679999999999996,0.7919027209281921,0.9498227834701538
manual_ground_truth_w0170_c32_i001,m3_improved_prediction_w0170_c32_i006,170,32,T7,856.996,860.0,857.776,859.988,3.0039999999999996,2.2119999999999997,2.2120000000001028,3.004000000000019,0.7363515312916408,0.8481595092024935,0.7799999999999727,0.011999999999943611,0.38400000000001455,0.7919999999999998,0.8153867721557617,0.9662513732910156
manual_ground_truth_w0170_c32_i000,m3_improved_prediction_w0170_c32_i003,170,32,T7,850.628,854.248,851.076,853.696,3.62,2.62,2.6200000000000045,3.6200000000000045,0.7237569060773484,0.8397435897435912,0.4479999999999791,0.5520000000000209,0.052000000000134605,1.0,0.8567528128623962,0.9746852517127991
manual_ground_truth_w0170_c33_i001,m3_improved_prediction_w0170_c33_i007,170,33,T8,856.996,860.0,857.144,858.656,3.0039999999999996,1.5120000000000005,1.5119999999999436,3.004000000000019,0.5033288948069021,0.6696191319751743,0.14800000000002456,1.344000000000051,0.59800000000007,1.491999999999999,0.790696382522583,0.943550169467926
manual_ground_truth_w0170_c33_i000,m3_improved_prediction_w0170_c33_i003,170,33,T8,850.628,854.248,851.072,852.528,3.62,1.456,1.4560000000000173,3.6200000000000045,0.4022099447513855,0.5736800630417719,0.44399999999996,1.7200000000000273,0.6380000000001473,2.164,0.8627779483795166,0.9578259587287903
manual_ground_truth_w0171_c01_i000,m3_improved_prediction_w0171_c01_i014,171,1,Fp1,856.996,860.18,857.12,860.084,3.1839999999999997,2.9639999999999995,2.963999999999942,3.183999999999969,0.9309045226130561,0.9642160052049258,0.12400000000002365,0.09600000000000364,0.014000000000010004,0.2200000000000002,0.8713575005531311,0.9503888487815857
manual_ground_truth_w0171_c01_i001,m3_improved_prediction_w0171_c01_i017,171,1,Fp1,862.78,865.0,863.164,863.952,2.2199999999999998,0.7880000000000003,0.7880000000000109,2.2200000000000273,0.3549549549549555,0.5239361702127732,0.38400000000001455,1.0480000000000018,0.33199999999999363,1.4319999999999995,0.8101097345352173,0.9375115633010864
manual_ground_truth_w0171_c02_i000,m3_improved_prediction_w0171_c02_i009,171,2,Fp2,856.996,860.18,857.06,860.108,3.1839999999999997,3.0479999999999996,3.048000000000002,3.183999999999969,0.9572864321608139,0.9781771501925552,0.06399999999996453,0.07200000000000273,0.004000000000019099,0.13600000000000012,0.8797176480293274,0.9521454572677612
manual_ground_truth_w0171_c02_i001,m3_improved_prediction_w0171_c02_i017,171,2,Fp2,862.78,865.0,863.164,864.036,2.2199999999999998,0.8719999999999999,0.8719999999999573,2.2200000000000273,0.3927927927927687,0.5640362225096749,0.38400000000001455,0.9640000000000555,0.2900000000000773,1.3479999999999999,0.7871187329292297,0.9392761588096619
manual_ground_truth_w0171_c14_i000,m3_improved_prediction_w0171_c14_i019,171,14,F7,856.996,860.18,857.724,860.14,3.1839999999999997,2.4159999999999995,2.41599999999994,3.183999999999969,0.7587939698492348,0.8628571428571215,0.7280000000000655,0.03999999999996362,0.34400000000005093,0.7680000000000002,0.8870370388031006,0.9705538153648376
manual_ground_truth_w0171_c14_i001,m3_improved_prediction_w0171_c14_i031,171,14,F7,862.78,865.0,864.096,864.972,2.2199999999999998,0.8759999999999994,0.8759999999999764,2.2200000000000273,0.3945945945945791,0.565891472868202,1.316000000000031,0.02800000000002001,0.6440000000000055,1.3440000000000003,0.6243340373039246,0.833949089050293
manual_ground_truth_w0171_c15_i000,m3_improved_prediction_w0171_c15_i004,171,15,F8,856.996,860.18,857.768,858.804,3.1839999999999997,1.036,1.0359999999999445,3.183999999999969,0.3253768844220963,0.49099526066348087,0.7720000000000482,1.3759999999999764,0.30199999999990723,2.1479999999999997,0.7621616721153259,0.9512092471122742
manual_ground_truth_w0171_c15_i001,m3_improved_prediction_w0171_c15_i019,171,15,F8,862.78,865.0,863.348,863.572,2.2199999999999998,0.22399999999999842,0.22400000000004638,2.2200000000000273,0.10090090090092055,0.18330605564651928,0.5679999999999836,1.4279999999999973,0.42999999999995,1.9960000000000013,0.583684504032135,0.7727691531181335
manual_ground_truth_w0171_c32_i001,m3_improved_prediction_w0171_c32_i006,171,32,T7,862.78,865.0,863.148,864.984,2.2199999999999998,1.8360000000000003,1.8360000000000127,2.2200000000000273,0.8270270270270226,0.9053254437869885,0.36800000000005184,0.01599999999996271,0.17600000000004457,0.38399999999999945,0.8827093839645386,0.9884015917778015
manual_ground_truth_w0171_c32_i000,m3_improved_prediction_w0171_c32_i001,171,32,T7,856.996,860.18,857.84,860.108,3.1839999999999997,2.268,2.2679999999999154,3.183999999999969,0.7123115577889251,0.8319882611885236,0.8440000000000509,0.07200000000000273,0.38599999999996726,0.9159999999999999,0.7162328958511353,0.9544788002967834
manual_ground_truth_w0171_c33_i001,m3_improved_prediction_w0171_c33_i008,171,33,T8,862.78,865.0,863.152,864.968,2.2199999999999998,1.8160000000000007,1.8159999999999172,2.2200000000000273,0.8180180180179707,0.8999008919722087,0.37200000000007094,0.03200000000003911,0.16999999999995907,0.403999999999999,0.8559544682502747,0.9717123508453369
manual_ground_truth_w0171_c33_i000,m3_improved_prediction_w0171_c33_i000,171,33,T8,856.996,860.18,857.136,858.604,3.1839999999999997,1.468,1.4680000000000746,3.183999999999969,0.46105527638193744,0.6311263972485275,0.13999999999998636,1.5759999999999081,0.7179999999999609,1.7159999999999997,0.7139865159988403,0.9400587677955627
manual_ground_truth_w0172_c01_i002,m3_improved_prediction_w0172_c01_i023,172,1,Fp1,868.812,870.0,869.12,869.992,1.1880000000000006,0.8720000000000017,0.8719999999999573,1.1879999999999882,0.7340067340067054,0.8466019417475303,0.3079999999999927,0.008000000000038199,0.15000000000009095,0.31599999999999895,0.7706010341644287,0.9176826477050781
manual_ground_truth_w0172_c01_i001,m3_improved_prediction_w0172_c01_i009,172,1,Fp1,862.78,866.404,863.14,864.04,3.624,0.8999999999999999,0.8999999999999773,3.6240000000000236,0.24834437086091926,0.3978779840848706,0.36000000000001364,2.3640000000000327,1.0020000000000664,2.724,0.8122813701629639,0.9455797076225281
manual_ground_truth_w0172_c01_i000,m3_improved_prediction_w0172_c01_i000,172,1,Fp1,860.0,860.18,860.0,861.12,0.18,1.12,0.17999999999994998,1.1200000000000045,0.1607142857142404,0.27692307692299994,0.0,0.9400000000000546,0.4700000000000273,0.9400000000000002,0.7081958055496216,0.8921834826469421
manual_ground_truth_w0172_c02_i002,m3_improved_prediction_w0172_c02_i014,172,2,Fp2,868.812,870.0,869.108,869.996,1.1880000000000006,0.8879999999999999,0.8880000000000337,1.1879999999999882,0.7474747474747833,0.855491329479801,0.2959999999999354,0.004000000000019099,0.14599999999995816,0.3000000000000007,0.8320865631103516,0.918401837348938
manual_ground_truth_w0172_c02_i001,m3_improved_prediction_w0172_c02_i007,172,2,Fp2,862.78,866.404,863.12,864.056,3.624,0.9359999999999999,0.9360000000000355,3.6240000000000236,0.25827814569537233,0.41052631578948917,0.34000000000003183,2.3479999999999563,1.004000000000019,2.688,0.8190413117408752,0.9415876269340515
manual_ground_truth_w0172_c02_i000,m3_improved_prediction_w0172_c02_i000,172,2,Fp2,860.0,860.18,860.0,862.188,0.18,2.188,0.17999999999994998,2.187999999999988,0.08226691042045291,0.15202702702698476,0.0,2.008000000000038,1.0040000000001328,2.008,0.7190315127372742,0.9082530736923218
manual_ground_truth_w0172_c14_i000,m3_improved_prediction_w0172_c14_i000,172,14,F7,860.0,860.18,860.028,860.18,0.18,0.152,0.15199999999992997,0.17999999999994998,0.84444444444429,0.9156626506019878,0.02800000000002001,0.0,0.014000000000123691,0.027999999999999997,0.5632702112197876,0.7823194265365601
manual_ground_truth_w0172_c14_i002,m3_improved_prediction_w0172_c14_i023,172,14,F7,868.812,870.0,869.084,869.956,1.1880000000000006,0.8719999999999999,0.8720000000000709,1.1879999999999882,0.734006734006801,0.8466019417476415,0.2719999999999345,0.04399999999998272,0.11400000000003274,0.3160000000000007,0.8232081532478333,0.9522765278816223
manual_ground_truth_w0172_c14_i001,m3_improved_prediction_w0172_c14_i010,172,14,F7,862.78,866.404,864.012,865.288,3.624,1.2760000000000007,1.2760000000000673,3.6240000000000236,0.3520971302428419,0.5208163265306397,1.231999999999971,1.1159999999999854,0.057999999999992724,2.3479999999999994,0.6701185703277588,0.8894895911216736
manual_ground_truth_w0172_c15_i002,m3_improved_prediction_w0172_c15_i035,172,15,F8,868.812,870.0,869.152,869.948,1.1880000000000006,0.7960000000000012,0.7959999999999354,1.1879999999999882,0.6700336700336224,0.8024193548386439,0.34000000000003183,0.05200000000002092,0.14400000000000546,0.39199999999999946,0.7057033777236938,0.9631011486053467
manual_ground_truth_w0172_c15_i001,m3_improved_prediction_w0172_c15_i008,172,15,F8,862.78,866.404,863.144,863.88,3.624,0.7359999999999998,0.73599999999999,3.6240000000000236,0.20309050772626522,0.33761467889907804,0.36400000000003274,2.524000000000001,1.080000000000041,2.8880000000000003,0.7168170809745789,0.956171452999115
manual_ground_truth_w0172_c15_i000,m3_improved_prediction_w0172_c15_i000,172,15,F8,860.0,860.18,860.112,860.12,0.18,0.007999999999999993,0.008000000000038199,0.17999999999994998,0.04444444444466901,0.08510638297912977,0.11199999999996635,0.05999999999994543,0.026000000000067303,0.172,0.369742214679718,0.3771521747112274
manual_ground_truth_w0172_c32_i001,m3_improved_prediction_w0172_c32_i024,172,32,T7,862.78,866.404,863.0,866.088,3.624,3.088,3.0879999999999654,3.6240000000000236,0.8520971302428105,0.9201430274135773,0.22000000000002728,0.3160000000000309,0.04800000000000182,0.536,0.8441231846809387,0.9925307631492615
manual_ground_truth_w0172_c32_i002,m3_improved_prediction_w0172_c32_i036,172,32,T7,868.812,870.0,869.108,869.7,1.1880000000000006,0.5919999999999987,0.5920000000000982,1.1879999999999882,0.498316498316586,0.6651685393259533,0.2959999999999354,0.2999999999999545,0.0019999999999527063,0.5960000000000019,0.8578023910522461,0.9834172129631042
manual_ground_truth_w0172_c32_i000,m3_improved_prediction_w0172_c32_i000,172,32,T7,860.0,860.18,860.016,860.096,0.18,0.08,0.08000000000004093,0.17999999999994998,0.4444444444447953,0.6153846153849302,0.01599999999996271,0.08399999999994634,0.03399999999987813,0.09999999999999999,0.5297694802284241,0.7119917869567871
manual_ground_truth_w0172_c33_i001,m3_improved_prediction_w0172_c33_i028,172,33,T8,862.78,866.404,863.048,866.08,3.624,3.032,3.032000000000039,3.6240000000000236,0.8366445916114844,0.911057692307704,0.2680000000000291,0.32399999999995543,0.027999999999906322,0.5920000000000001,0.7960358262062073,0.9826034903526306
manual_ground_truth_w0172_c33_i000,m3_improved_prediction_w0172_c33_i002,172,33,T8,860.0,860.18,860.056,860.124,0.18,0.068,0.06799999999998363,0.17999999999994998,0.3777777777777918,0.5483870967740615,0.05600000000004002,0.05599999999992633,1.1368683772161603e-13,0.11199999999999999,0.4494599401950836,0.6812295913696289
manual_ground_truth_w0172_c33_i002,m3_improved_prediction_w0172_c33_i038,172,33,T8,868.812,870.0,869.128,869.544,1.1880000000000006,0.41600000000000037,0.41599999999994,1.1879999999999882,0.3501683501683031,0.5187032418951867,0.3160000000000309,0.4560000000000173,0.06999999999993634,0.7720000000000002,0.7906956076622009,0.9553219079971313
manual_ground_truth_w0173_c01_i000,m3_improved_prediction_w0173_c01_i000,173,1,Fp1,865.0,866.404,865.0,866.292,1.404,1.292,1.29200000000003,1.4039999999999964,0.920227920227944,0.9584569732937909,0.0,0.11199999999996635,0.05600000000004002,0.11199999999999988,0.8414017558097839,0.9338220953941345
manual_ground_truth_w0173_c01_i001,m3_improved_prediction_w0173_c01_i010,173,1,Fp1,868.812,872.288,869.084,872.304,3.4760000000000004,3.2200000000000006,3.2040000000000646,3.491999999999962,0.9175257731959048,0.956989247311847,0.2719999999999345,0.01599999999996271,0.14400000000000546,0.2559999999999998,0.8731468319892883,0.9497292637825012
manual_ground_truth_w0173_c02_i000,m3_improved_prediction_w0173_c02_i000,173,2,Fp2,865.0,866.404,865.0,866.316,1.404,1.316,1.316000000000031,1.4039999999999964,0.9373219373219618,0.9676470588235523,0.0,0.08799999999996544,0.04399999999998272,0.08799999999999986,0.855859100818634,0.9480080008506775
manual_ground_truth_w0173_c02_i001,m3_improved_prediction_w0173_c02_i005,173,2,Fp2,868.812,872.288,869.064,872.312,3.4760000000000004,3.248,3.2240000000000464,3.5,0.9211428571428704,0.9589530041642017,0.2519999999999527,0.02400000000000091,0.13800000000003365,0.2280000000000002,0.8956679105758667,0.9474599957466125
manual_ground_truth_w0173_c14_i001,m3_improved_prediction_w0173_c14_i011,173,14,F7,868.812,872.288,869.02,872.304,3.4760000000000004,3.2840000000000007,3.268000000000029,3.491999999999962,0.9358533791523668,0.9668639053254522,0.20799999999997,0.01599999999996271,0.11200000000008004,0.19199999999999973,0.9028400778770447,0.9782007932662964
manual_ground_truth_w0173_c14_i000,m3_improved_prediction_w0173_c14_i000,173,14,F7,865.0,866.404,865.0,866.224,1.404,1.224,1.2240000000000464,1.4039999999999964,0.8717948717949071,0.9315068493151037,0.0,0.17999999999994998,0.08999999999991815,0.17999999999999994,0.8483079075813293,0.97868812084198
manual_ground_truth_w0173_c15_i000,m3_improved_prediction_w0173_c15_i000,173,15,F8,865.0,866.404,865.012,865.92,1.404,0.908,0.9080000000000155,1.4039999999999964,0.6467236467236595,0.7854671280276951,0.011999999999943611,0.4840000000000373,0.23600000000010368,0.4959999999999999,0.7875196933746338,0.9733679890632629
manual_ground_truth_w0173_c15_i001,m3_improved_prediction_w0173_c15_i019,173,15,F8,868.812,872.288,870.692,872.112,3.4760000000000004,1.42,1.419999999999959,3.475999999999999,0.4085155350978019,0.5800653594771074,1.8799999999999955,0.17600000000004457,0.8520000000000891,2.0560000000000005,0.8856572508811951,0.9829968214035034
manual_ground_truth_w0173_c32_i001,m3_improved_prediction_w0173_c32_i017,173,32,T7,868.812,872.288,869.092,872.308,3.4760000000000004,3.216,3.1960000000000264,3.495999999999981,0.9141876430206075,0.9551703526599002,0.2799999999999727,0.01999999999998181,0.15000000000009095,0.26000000000000023,0.9035998582839966,0.9932001233100891
manual_ground_truth_w0173_c32_i000,m3_improved_prediction_w0173_c32_i000,173,32,T7,865.0,866.404,865.008,866.092,1.404,1.084,1.0839999999999463,1.4039999999999964,0.7720797720797359,0.8713826366559054,0.008000000000038199,0.3120000000000118,0.15200000000004366,0.31999999999999984,0.8714067339897156,0.9861329793930054
manual_ground_truth_w0173_c33_i001,m3_improved_prediction_w0173_c33_i011,173,33,T8,868.812,872.288,869.12,872.308,3.4760000000000004,3.1879999999999997,3.1680000000000064,3.495999999999981,0.9061784897025239,0.9507803121248519,0.3079999999999927,0.01999999999998181,0.16399999999998727,0.2880000000000007,0.9247372150421143,0.985699474811554
manual_ground_truth_w0173_c33_i000,m3_improved_prediction_w0173_c33_i000,173,33,T8,865.0,866.404,865.016,865.904,1.404,0.888,0.8880000000000337,1.4039999999999964,0.6324786324786581,0.7748691099476734,0.01599999999996271,0.5,0.2419999999999618,0.5159999999999999,0.8941478729248047,0.9854753017425537
manual_ground_truth_w0174_c01_i000,m3_improved_prediction_w0174_c01_i002,174,1,Fp1,870.0,872.288,870.148,872.308,2.288,2.1599999999999997,2.1399999999999864,2.3079999999999927,0.927209705372614,0.9622302158273321,0.14800000000002456,0.01999999999998181,0.08400000000006003,0.1280000000000001,0.8281691074371338,0.9221709370613098
manual_ground_truth_w0174_c01_i001,m3_improved_prediction_w0174_c01_i010,174,1,Fp1,874.936,878.268,876.252,876.804,3.3320000000000007,0.5520000000000005,0.5520000000000209,3.3319999999999936,0.16566626650660923,0.2842430484037182,1.3159999999999172,1.4640000000000555,0.07400000000006912,2.7800000000000002,0.6600715517997742,0.8670583367347717
manual_ground_truth_w0174_c02_i000,m3_improved_prediction_w0174_c02_i002,174,2,Fp2,870.0,872.288,870.128,872.316,2.288,2.1879999999999997,2.159999999999968,2.316000000000031,0.9326424870466059,0.9651474530830959,0.12800000000004275,0.02800000000002001,0.07799999999997453,0.10000000000000009,0.8726467490196228,0.9332637786865234
manual_ground_truth_w0174_c02_i001,m3_improved_prediction_w0174_c02_i015,174,2,Fp2,874.936,878.268,876.912,877.692,3.3320000000000007,0.7800000000000002,0.7799999999999727,3.3319999999999936,0.23409363745497425,0.37937743190660145,1.975999999999999,0.5760000000000218,0.6999999999999318,2.5520000000000005,0.5835486054420471,0.7773651480674744
manual_ground_truth_w0174_c14_i000,m3_improved_prediction_w0174_c14_i000,174,14,F7,870.0,872.288,870.016,872.312,2.288,2.296,2.272000000000048,2.312000000000012,0.9826989619377321,0.9912739965096197,0.01599999999996271,0.02400000000000091,0.01999999999998181,0.008000000000000007,0.8531291484832764,0.9751318693161011
manual_ground_truth_w0174_c14_i001,m3_improved_prediction_w0174_c14_i019,174,14,F7,874.936,878.268,877.632,878.036,3.3320000000000007,0.4039999999999999,0.40399999999999636,3.3319999999999936,0.12124849939975904,0.2162740899357582,2.6959999999999127,0.23200000000008458,1.2319999999998572,2.928000000000001,0.7026310563087463,0.9106887578964233
manual_ground_truth_w0174_c15_i000,m3_improved_prediction_w0174_c15_i004,174,15,F8,870.0,872.288,870.232,872.08,2.288,1.848,1.84800000000007,2.288000000000011,0.8076923076923345,0.8936170212766296,0.2319999999999709,0.20799999999997,0.011999999999943611,0.4399999999999997,0.8016008138656616,0.9812886714935303
manual_ground_truth_w0174_c15_i001,m3_improved_prediction_w0174_c15_i009,174,15,F8,874.936,878.268,875.14,875.268,3.3320000000000007,0.1280000000000001,0.12800000000004275,3.3319999999999936,0.03841536614647149,0.07398843930638307,0.2039999999999509,3.0,1.3980000000001382,3.2040000000000006,0.6265541315078735,0.8691944479942322
manual_ground_truth_w0174_c32_i000,m3_improved_prediction_w0174_c32_i002,174,32,T7,870.0,872.288,870.624,872.316,2.288,1.6919999999999997,1.6639999999999873,2.316000000000031,0.7184801381692423,0.8361809045226067,0.6240000000000236,0.02800000000002001,0.32600000000002183,0.5960000000000001,0.9041500091552734,0.9766116738319397
manual_ground_truth_w0174_c32_i001,m3_improved_prediction_w0174_c32_i018,174,32,T7,874.936,878.268,876.856,877.48,3.3320000000000007,0.6240000000000006,0.6240000000000236,3.3319999999999936,0.18727490996399304,0.3154701718908106,1.919999999999959,0.7880000000000109,0.5659999999999172,2.708,0.6622635126113892,0.9016270041465759
manual_ground_truth_w0174_c33_i000,m3_improved_prediction_w0174_c33_i001,174,33,T8,870.0,872.288,870.52,872.316,2.288,1.7959999999999998,1.768000000000029,2.316000000000031,0.7633851468048383,0.8658178256611309,0.5199999999999818,0.02800000000002001,0.2740000000000009,0.492,0.8940451145172119,0.9730135798454285
manual_ground_truth_w0174_c33_i001,m3_improved_prediction_w0174_c33_i015,174,33,T8,874.936,878.268,876.876,877.476,3.3320000000000007,0.5999999999999996,0.6000000000000227,3.3319999999999936,0.18007202881153178,0.30518819938963515,1.9399999999999409,0.79200000000003,0.5739999999998417,2.732000000000001,0.6490107774734497,0.9215245246887207
manual_ground_truth_w0175_c01_i000,m3_improved_prediction_w0175_c01_i002,175,1,Fp1,875.0,878.268,875.384,876.864,3.268,1.48,1.4800000000000182,3.268000000000029,0.45287637698898564,0.6234203875316,0.38400000000001455,1.4039999999999964,0.5099999999999909,1.7879999999999998,0.7813852429389954,0.9121360778808594
manual_ground_truth_w0175_c02_i000,m3_improved_prediction_w0175_c02_i002,175,2,Fp2,875.0,878.268,875.412,878.048,3.268,2.636,2.6359999999999673,3.268000000000029,0.8066095471236058,0.8929539295392843,0.41200000000003456,0.22000000000002728,0.09600000000000364,0.6319999999999997,0.81293123960495,0.9369646310806274
manual_ground_truth_w0175_c14_i000,m3_improved_prediction_w0175_c14_i014,175,14,F7,875.0,878.268,877.368,878.064,3.268,0.6960000000000002,0.6959999999999127,3.268000000000029,0.21297429620560174,0.3511604439959196,2.368000000000052,0.20400000000006457,1.0819999999999936,2.5719999999999996,0.6516167521476746,0.9325856566429138
manual_ground_truth_w0175_c15_i000,m3_improved_prediction_w0175_c15_i005,175,15,F8,875.0,878.268,877.596,878.048,3.268,0.45199999999999996,0.4519999999999982,3.268000000000029,0.1383108935128501,0.24301075268817107,2.5960000000000036,0.22000000000002728,1.1879999999999882,2.816,0.6159632802009583,0.8560160398483276
manual_ground_truth_w0175_c32_i000,m3_improved_prediction_w0175_c32_i001,175,32,T7,875.0,878.268,875.152,875.344,3.268,0.19199999999999998,0.19200000000000728,3.268000000000029,0.0587515299877618,0.11098265895954178,0.15200000000004366,2.923999999999978,1.3859999999999673,3.0759999999999996,0.659114420413971,0.8549026846885681
manual_ground_truth_w0175_c33_i000,m3_improved_prediction_w0175_c33_i001,175,33,T8,875.0,878.268,875.092,875.38,3.268,0.28800000000000003,0.2880000000000109,3.268000000000029,0.0881272949816427,0.16197975253093977,0.09199999999998454,2.8880000000000337,1.3980000000000246,2.9799999999999995,0.5803303718566895,0.759771466255188
manual_ground_truth_w0182_c01_i000,m3_improved_prediction_w0182_c01_i003,182,1,Fp1,919.444,920.0,919.656,920.0,0.5559999999999992,0.3439999999999994,0.34400000000005093,0.55600000000004,0.6187050359712701,0.7644444444445588,0.21199999999998909,0.0,0.10599999999999454,0.21199999999999974,0.74332594871521,0.9533101916313171
manual_ground_truth_w0182_c02_i000,m3_improved_prediction_w0182_c02_i007,182,2,Fp2,919.444,920.0,919.648,919.996,0.5559999999999992,0.34800000000000075,0.34799999999995634,0.55600000000004,0.625899280575416,0.7699115044246823,0.20400000000006457,0.004000000000019099,0.10000000000002274,0.2079999999999984,0.7851877212524414,0.9532087445259094
manual_ground_truth_w0182_c07_i000,m3_improved_prediction_w0182_c07_i019,182,7,Fz,919.444,920.0,919.656,919.772,0.5559999999999992,0.11599999999999966,0.11600000000009913,0.55600000000004,0.20863309352534315,0.3452380952383909,0.21199999999998909,0.2279999999999518,0.008000000000038199,0.4399999999999995,0.7033558487892151,0.8424164056777954
manual_ground_truth_w0182_c09_i000,m3_improved_prediction_w0182_c09_i000,182,9,F2,919.444,920.0,919.732,919.752,0.5559999999999992,0.02000000000000135,0.01999999999998181,0.55600000000004,0.03597122302154743,0.06944444444438122,0.2880000000000109,0.2480000000000473,0.01999999999998181,0.5359999999999978,0.4236909747123718,0.45587238669395447
manual_ground_truth_w0182_c10_i000,m3_improved_prediction_w0182_c10_i018,182,10,F3,919.444,920.0,919.652,919.832,0.5559999999999992,0.1800000000000015,0.17999999999994998,0.55600000000004,0.32374100719413135,0.4891304347824723,0.20800000000008367,0.16800000000000637,0.01999999999998181,0.37599999999999767,0.7003478407859802,0.8480695486068726
manual_ground_truth_w0182_c11_i000,m3_improved_prediction_w0182_c11_i020,182,11,F4,919.444,920.0,919.644,919.912,0.5559999999999992,0.2680000000000007,0.2680000000000291,0.55600000000004,0.4820143884892263,0.6504854368932746,0.20000000000004547,0.08799999999996544,0.05600000000004002,0.2879999999999985,0.7560816407203674,0.9001332521438599
manual_ground_truth_w0182_c13_i000,m3_improved_prediction_w0182_c13_i002,182,13,F6,919.444,920.0,919.708,919.772,0.5559999999999992,0.06400000000000006,0.06400000000007822,0.55600000000004,0.11510791366919713,0.20645161290347838,0.26400000000001,0.2279999999999518,0.018000000000029104,0.4919999999999991,0.48711130023002625,0.6263883709907532
manual_ground_truth_w0182_c14_i000,m3_improved_prediction_w0182_c14_i012,182,14,F7,919.444,920.0,919.62,919.932,0.5559999999999992,0.31200000000000117,0.3120000000000118,0.55600000000004,0.5611510791366715,0.7188940092166168,0.17600000000004457,0.06799999999998363,0.05400000000008731,0.243999999999998,0.8515661954879761,0.9602799415588379
manual_ground_truth_w0182_c15_i000,m3_improved_prediction_w0182_c15_i010,182,15,F8,919.444,920.0,919.62,919.776,0.5559999999999992,0.15600000000000058,0.15599999999994907,0.55600000000004,0.2805755395682335,0.4382022471908683,0.17600000000004457,0.22400000000004638,0.02400000000000091,0.3999999999999986,0.7613492012023926,0.896963894367218
manual_ground_truth_w0182_c25_i000,m3_improved_prediction_w0182_c25_i005,182,25,Cz,919.444,920.0,919.88,919.908,0.5559999999999992,0.027999999999998693,0.02800000000002001,0.55600000000004,0.05035971223024819,0.09589041095897298,0.43600000000003547,0.09199999999998454,0.17200000000002547,0.5280000000000005,0.5003812909126282,0.6163261532783508
manual_ground_truth_w0182_c28_i000,m3_improved_prediction_w0182_c28_i003,182,28,C3,919.444,920.0,919.704,919.908,0.5559999999999992,0.20399999999999885,0.20400000000006457,0.55600000000004,0.36690647482023364,0.5368421052633292,0.2599999999999909,0.09199999999998454,0.08400000000006003,0.3520000000000003,0.6266139149665833,0.912916898727417
manual_ground_truth_w0182_c29_i000,m3_improved_prediction_w0182_c29_i003,182,29,C4,919.444,920.0,919.752,919.912,0.5559999999999992,0.16000000000000014,0.16000000000008185,0.55600000000004,0.28776978417278837,0.44692737430190504,0.3079999999999927,0.08799999999996544,0.11000000000001364,0.395999999999999,0.5350225567817688,0.7537318468093872
manual_ground_truth_w0182_c32_i000,m3_improved_prediction_w0182_c32_i004,182,32,T7,919.444,920.0,919.692,919.912,0.5559999999999992,0.22000000000000064,0.22000000000002728,0.55600000000004,0.39568345323743065,0.567010309278421,0.2480000000000473,0.08799999999996544,0.08000000000004093,0.3359999999999985,0.49226677417755127,0.5722973346710205
manual_ground_truth_w0182_c33_i000,m3_improved_prediction_w0182_c33_i008,182,33,T8,919.444,920.0,919.68,919.796,0.5559999999999992,0.11599999999999966,0.11600000000009913,0.55600000000004,0.20863309352534315,0.3452380952383909,0.23599999999999,0.2039999999999509,0.016000000000076398,0.4399999999999995,0.5540586113929749,0.6635722517967224
manual_ground_truth_w0183_c01_i000,m3_improved_prediction_w0183_c01_i003,183,1,Fp1,919.444,920.316,919.648,920.136,0.8719999999999999,0.48800000000000043,0.4879999999999427,0.8720000000000709,0.5596330275228245,0.7176470588234449,0.20400000000006457,0.18000000000006366,0.012000000000057298,0.38399999999999945,0.80523282289505,0.9479601979255676
manual_ground_truth_w0183_c02_i000,m3_improved_prediction_w0183_c02_i004,183,2,Fp2,919.444,920.316,919.64,920.16,0.8719999999999999,0.5200000000000005,0.5199999999999818,0.8720000000000709,0.5963302752292884,0.7471264367815829,0.19600000000002638,0.15600000000006276,0.01999999999998181,0.3519999999999994,0.8542082905769348,0.9532737731933594
manual_ground_truth_w0183_c07_i000,m3_improved_prediction_w0183_c07_i002,183,7,Fz,919.444,920.316,919.656,920.096,0.8719999999999999,0.4400000000000004,0.44000000000005457,0.8720000000000709,0.5045871559633243,0.6707317073171563,0.21199999999998909,0.22000000000002728,0.004000000000019099,0.4319999999999995,0.7103452086448669,0.895215630531311
manual_ground_truth_w0183_c09_i000,m3_improved_prediction_w0183_c09_i000,183,9,F2,919.444,920.316,919.704,919.776,0.8719999999999999,0.07200000000000006,0.07200000000000273,0.8720000000000709,0.08256880733944595,0.15254237288136172,0.2599999999999909,0.5400000000000773,0.13999999999998636,0.7999999999999998,0.6337109804153442,0.813025712966919
manual_ground_truth_w0183_c10_i000,m3_improved_prediction_w0183_c10_i003,183,10,F3,919.444,920.316,919.652,920.16,0.8719999999999999,0.508,0.5079999999999245,0.8720000000000709,0.5825688073393156,0.7362318840578617,0.20800000000008367,0.15600000000006276,0.025999999999953616,0.3639999999999999,0.7979668378829956,0.9323975443840027
manual_ground_truth_w0183_c11_i000,m3_improved_prediction_w0183_c11_i003,183,11,F4,919.444,920.316,919.636,920.172,0.8719999999999999,0.5359999999999996,0.5360000000000582,0.8720000000000709,0.6146788990825856,0.7613636363637193,0.19200000000000728,0.14400000000000546,0.02400000000000091,0.3360000000000003,0.808157742023468,0.9297777414321899
manual_ground_truth_w0183_c13_i000,m3_improved_prediction_w0183_c13_i001,183,13,F6,919.444,920.316,919.68,919.796,0.8719999999999999,0.11600000000000055,0.11600000000009913,0.8720000000000709,0.13302752293588269,0.23481781376538277,0.23599999999999,0.5199999999999818,0.14199999999993906,0.7559999999999993,0.7236497402191162,0.8894397020339966
manual_ground_truth_w0183_c14_i000,m3_improved_prediction_w0183_c14_i002,183,14,F7,919.444,920.316,919.62,920.172,0.8719999999999999,0.5519999999999996,0.5520000000000209,0.8720000000000709,0.6330275229357523,0.7752808988764341,0.17600000000004457,0.14400000000000546,0.01599999999996271,0.3200000000000003,0.8729376196861267,0.965013861656189
manual_ground_truth_w0183_c15_i000,m3_improved_prediction_w0183_c15_i002,183,15,F8,919.444,920.316,919.904,920.16,0.8719999999999999,0.2560000000000002,0.2559999999999718,0.8720000000000709,0.29357798165131993,0.45390070921980813,0.4600000000000364,0.15600000000006276,0.15199999999992997,0.6159999999999997,0.5451974272727966,0.6503470540046692
manual_ground_truth_w0183_c16_i000,m3_improved_prediction_w0183_c16_i000,183,16,FCz,919.444,920.316,919.696,919.756,0.8719999999999999,0.0600000000000005,0.05999999999994543,0.8720000000000709,0.0688073394494731,0.1287553648067498,0.2520000000000664,0.5600000000000591,0.15399999999999636,0.8119999999999994,0.45168933272361755,0.5327807068824768
manual_ground_truth_w0183_c25_i000,m3_improved_prediction_w0183_c25_i001,183,25,Cz,919.444,920.316,919.764,919.804,0.8719999999999999,0.040000000000000036,0.03999999999996362,0.8720000000000709,0.04587155963298207,0.08771929824553426,0.32000000000005,0.5120000000000573,0.09600000000000364,0.8319999999999999,0.4524943232536316,0.5148188471794128
manual_ground_truth_w0183_c28_i000,m3_improved_prediction_w0183_c28_i001,183,28,C3,919.444,920.316,919.716,919.936,0.8719999999999999,0.21999999999999975,0.22000000000002728,0.8720000000000709,0.25229357798166213,0.402930402930453,0.2720000000000482,0.37999999999999545,0.053999999999973625,0.6520000000000001,0.6358813047409058,0.9037463665008545
manual_ground_truth_w0183_c29_i000,m3_improved_prediction_w0183_c29_i002,183,29,C4,919.444,920.316,919.724,919.856,0.8719999999999999,0.13199999999999967,0.13199999999994816,0.8720000000000709,0.15137614678891906,0.2629482071712116,0.2800000000000864,0.4600000000000364,0.09000000000003183,0.7400000000000002,0.6118151545524597,0.8549647331237793
manual_ground_truth_w0183_c31_i000,m3_improved_prediction_w0183_c31_i000,183,31,C6,919.444,920.316,919.756,919.828,0.8719999999999999,0.07200000000000006,0.07200000000000273,0.8720000000000709,0.08256880733944595,0.15254237288136172,0.3120000000000118,0.4880000000000564,0.08800000000007913,0.7999999999999998,0.4682660698890686,0.5978215336799622
manual_ground_truth_w0183_c32_i000,m3_improved_prediction_w0183_c32_i001,183,32,T7,919.444,920.316,919.692,919.888,0.8719999999999999,0.19599999999999973,0.19600000000002638,0.8720000000000709,0.2247706422018468,0.3670411985019222,0.2480000000000473,0.42799999999999727,0.09000000000003183,0.6760000000000002,0.6057870984077454,0.8546139001846313
manual_ground_truth_w0183_c33_i000,m3_improved_prediction_w0183_c33_i001,183,33,T8,919.444,920.316,919.716,919.828,0.8719999999999999,0.1120000000000001,0.11199999999996635,0.8720000000000709,0.12844036697242803,0.22764227642269583,0.2720000000000482,0.4880000000000564,0.10800000000006094,0.7599999999999998,0.4938559830188751,0.5901867747306824
manual_ground_truth_w0184_c01_i000,m3_improved_prediction_w0184_c01_i001,184,1,Fp1,920.0,920.316,920.04,920.104,0.316,0.064,0.06400000000007822,0.3160000000000309,0.20253164556984796,0.33684210526356956,0.03999999999996362,0.21199999999998909,0.08600000000001273,0.252,0.4540417790412903,0.5266506671905518
manual_ground_truth_w0184_c02_i000,m3_improved_prediction_w0184_c02_i000,184,2,Fp2,920.0,920.316,920.008,920.124,0.316,0.11599999999999999,0.11599999999998545,0.3160000000000309,0.36708860759485473,0.5370370370369697,0.008000000000038199,0.19200000000000728,0.09199999999998454,0.2,0.5712050199508667,0.6877424716949463
manual_ground_truth_w0184_c07_i000,m3_improved_prediction_w0184_c07_i000,184,7,Fz,920.0,920.316,920.068,920.112,0.316,0.044,0.04399999999998272,0.3160000000000309,0.1392405063290456,0.24444444444434846,0.06799999999998363,0.20400000000006457,0.06800000000009732,0.272,0.4376680552959442,0.5153039693832397
manual_ground_truth_w0184_c10_i000,m3_improved_prediction_w0184_c10_i000,184,10,F3,920.0,920.316,920.016,920.116,0.316,0.1,0.10000000000002274,0.3160000000000309,0.31645569620257263,0.48076923076934003,0.01599999999996271,0.20000000000004547,0.09199999999998454,0.216,0.5887150168418884,0.7603746056556702
manual_ground_truth_w0184_c11_i000,m3_improved_prediction_w0184_c11_i001,184,11,F4,920.0,920.316,920.048,920.124,0.316,0.076,0.07600000000002183,0.3160000000000309,0.2405063291139696,0.38775510204092767,0.04800000000000182,0.19200000000000728,0.07200000000000273,0.24,0.4801480770111084,0.6433258652687073
manual_ground_truth_w0184_c14_i000,m3_improved_prediction_w0184_c14_i000,184,14,F7,920.0,920.316,920.12,920.128,0.316,0.008000000000000007,0.008000000000038199,0.3160000000000309,0.025316455696320937,0.04938271604961851,0.12000000000000455,0.18799999999998818,0.033999999999991815,0.308,0.38121166825294495,0.391205757856369
manual_ground_truth_w0184_c33_i000,m3_improved_prediction_w0184_c33_i000,184,33,T8,920.0,920.316,920.056,920.08,0.316,0.024,0.02400000000000091,0.3160000000000309,0.07594936708860305,0.14117647058824062,0.05600000000004002,0.23599999999999,0.09000000000003183,0.292,0.41277214884757996,0.4525951147079468
manual_ground_truth_w0188_c01_i000,m3_improved_prediction_w0188_c01_i000,188,1,Fp1,947.104,949.232,944.44,950.0,2.1279999999999992,5.56,2.127999999999929,5.559999999999945,0.38273381294963127,0.5535900104058089,2.6639999999999873,0.7680000000000291,0.9479999999999791,3.4320000000000004,0.9366170763969421,0.9763070940971375
manual_ground_truth_w0188_c02_i000,m3_improved_prediction_w0188_c02_i001,188,2,Fp2,947.104,949.232,944.44,949.996,2.1279999999999992,5.556,2.127999999999929,5.555999999999926,0.38300935925125223,0.5538781884435006,2.6639999999999873,0.76400000000001,0.9499999999999318,3.428000000000001,0.9454060196876526,0.9814454913139343
manual_ground_truth_w0188_c10_i000,m3_improved_prediction_w0188_c10_i000,188,10,F3,947.104,949.232,944.48,949.968,2.1279999999999992,5.4879999999999995,2.127999999999929,5.487999999999943,0.38775510204080743,0.5588235294117462,2.6240000000000236,0.73599999999999,0.9440000000000737,3.3600000000000003,0.9153769016265869,0.974709689617157
manual_ground_truth_w0188_c11_i000,m3_improved_prediction_w0188_c11_i000,188,11,F4,947.104,949.232,944.448,949.952,2.1279999999999992,5.504,2.127999999999929,5.504000000000019,0.38662790697672994,0.5576519916142373,2.6560000000000628,0.7200000000000273,0.9679999999999609,3.3760000000000003,0.9251806735992432,0.9765448570251465
manual_ground_truth_w0188_c14_i000,m3_improved_prediction_w0188_c14_i002,188,14,F7,947.104,949.232,946.036,949.996,2.1279999999999992,3.960000000000001,2.127999999999929,3.9600000000000364,0.5373737373737145,0.6990801576872303,1.0680000000000973,0.76400000000001,0.15200000000004366,1.8320000000000016,0.8869878053665161,0.9756767153739929
manual_ground_truth_w0188_c15_i000,m3_improved_prediction_w0188_c15_i008,188,15,F8,947.104,949.232,947.08,947.552,2.1279999999999992,0.47199999999999953,0.4479999999999791,2.15199999999993,0.2081784386617071,0.34461538461536867,0.02400000000000091,1.67999999999995,0.8519999999999754,1.6559999999999997,0.795995831489563,0.9346572756767273
manual_ground_truth_w0188_c32_i000,m3_improved_prediction_w0188_c32_i019,188,32,T7,947.104,949.232,947.472,947.836,2.1279999999999992,0.3639999999999999,0.36400000000003274,2.127999999999929,0.17105263157896847,0.2921348314607005,0.36799999999993815,1.3959999999999582,0.51400000000001,1.7639999999999993,0.6695913672447205,0.8981492519378662
manual_ground_truth_w0188_c33_i000,m3_improved_prediction_w0188_c33_i036,188,33,T8,947.104,949.232,948.8,949.216,2.1279999999999992,0.4159999999999986,0.41600000000005366,2.127999999999929,0.19548872180454302,0.32704402515727515,1.6959999999999127,0.01599999999996271,0.8400000000000318,1.7120000000000006,0.745887041091919,0.9108957052230835
manual_ground_truth_w0189_c01_i000,m3_improved_prediction_w0189_c01_i000,189,1,Fp1,947.104,949.232,945.104,950.012,2.128,4.9079999999999995,2.127999999999929,4.907999999999902,0.43357783211083367,0.6048891415576831,2.0,0.7799999999999727,0.6100000000000136,2.7799999999999994,0.9099582433700562,0.973702073097229
manual_ground_truth_w0189_c02_i000,m3_improved_prediction_w0189_c02_i001,189,2,Fp2,947.104,949.232,945.088,950.044,2.128,4.9559999999999995,2.127999999999929,4.956000000000017,0.4293785310734305,0.6007905138339721,2.0160000000000764,0.8120000000000118,0.6019999999999754,2.8279999999999994,0.9160663485527039,0.978076159954071
manual_ground_truth_w0189_c10_i000,m3_improved_prediction_w0189_c10_i002,189,10,F3,947.104,949.232,945.776,949.956,2.128,4.180000000000001,2.127999999999929,4.180000000000064,0.5090909090908844,0.6746987951807003,1.3280000000000882,0.7240000000000464,0.3020000000000209,2.0520000000000005,0.8856605291366577,0.9619593620300293
manual_ground_truth_w0189_c11_i000,m3_improved_prediction_w0189_c11_i001,189,11,F4,947.104,949.232,945.064,948.684,2.128,3.62,1.5799999999999272,4.168000000000006,0.37907869481764034,0.5497564370215474,2.0400000000000773,0.5480000000000018,1.2939999999999827,1.492,0.8319472074508667,0.9514080882072449
manual_ground_truth_w0189_c14_i000,m3_improved_prediction_w0189_c14_i001,189,14,F7,947.104,949.232,945.768,950.56,2.128,4.792,2.127999999999929,4.791999999999916,0.4440734557595923,0.6150289017340835,1.3360000000000127,1.3279999999999745,0.004000000000019099,2.6639999999999997,0.8688120245933533,0.9717715382575989
manual_ground_truth_w0189_c15_i000,m3_improved_prediction_w0189_c15_i010,189,15,F8,947.104,949.232,947.66,948.296,2.128,0.6359999999999997,0.636000000000081,2.127999999999929,0.2988721804511758,0.46020260492046383,0.5559999999999263,0.9359999999999218,0.18999999999994088,1.4920000000000004,0.7036346793174744,0.9580119848251343
manual_ground_truth_w0189_c32_i000,m3_improved_prediction_w0189_c32_i008,189,32,T7,947.104,949.232,947.444,947.568,2.128,0.12400000000000011,0.12400000000002365,2.127999999999929,0.05827067669174238,0.11012433392542063,0.33999999999991815,1.6639999999999873,0.6620000000000346,2.004,0.6055873036384583,0.7573128342628479
manual_ground_truth_w0189_c33_i000,m3_improved_prediction_w0189_c33_i014,189,33,T8,947.104,949.232,948.42,948.744,2.128,0.3240000000000003,0.3240000000000691,2.127999999999929,0.15225563909778192,0.2642740619902684,1.3159999999999172,0.4879999999999427,0.41399999999998727,1.8039999999999998,0.7029812932014465,0.9249123334884644
manual_ground_truth_w0194_c01_i000,m3_improved_prediction_w0194_c01_i000,194,1,Fp1,976.188,978.94,974.14,979.728,2.752,5.588,2.7520000000000664,5.587999999999965,0.4924838940587121,0.6599520383693205,2.048000000000002,0.7879999999998972,0.6300000000001091,2.8360000000000003,0.9151228666305542,0.9657613635063171
manual_ground_truth_w0194_c02_i000,m3_improved_prediction_w0194_c02_i000,194,2,Fp2,976.188,978.94,974.076,979.764,2.752,5.688,2.7520000000000664,5.687999999999988,0.48382559774966105,0.6521327014218167,2.1119999999999663,0.8239999999999554,0.6440000000000055,2.936,0.897668182849884,0.9669495224952698
manual_ground_truth_w0194_c10_i000,m3_improved_prediction_w0194_c10_i000,194,10,F3,976.188,978.94,974.156,979.372,2.752,5.216,2.7520000000000664,5.216000000000008,0.5276073619632021,0.690763052208852,2.032000000000039,0.4319999999999027,0.8000000000001819,2.4640000000000004,0.8691713213920593,0.9762396812438965
manual_ground_truth_w0194_c11_i000,m3_improved_prediction_w0194_c11_i000,194,11,F4,976.188,978.94,974.148,979.376,2.752,5.228,2.7520000000000664,5.227999999999952,0.5263963274675003,0.6897243107769591,2.0399999999999636,0.4359999999999218,0.8020000000001346,2.476,0.8925454616546631,0.9697586297988892
manual_ground_truth_w0194_c14_i000,m3_improved_prediction_w0194_c14_i001,194,14,F7,976.188,978.94,974.124,979.648,2.752,5.524,2.7520000000000664,5.524000000000001,0.4981897175959569,0.6650555824069759,2.0639999999999645,0.70799999999997,0.678000000000111,2.7720000000000002,0.87596595287323,0.974604606628418
manual_ground_truth_w0194_c15_i000,m3_improved_prediction_w0194_c15_i004,194,15,F8,976.188,978.94,977.832,979.052,2.752,1.2199999999999998,1.108000000000061,2.8640000000000327,0.38687150837990514,0.5579053373615614,1.6440000000000055,0.11199999999996635,0.8779999999999291,1.532,0.7808514833450317,0.9489583969116211
manual_ground_truth_w0195_c01_i000,m3_improved_prediction_w0195_c01_i000,195,1,Fp1,976.188,978.94,975.044,979.964,2.752,4.920000000000001,2.7520000000000664,4.920000000000073,0.5593495934959402,0.7174139728884427,1.1440000000000055,1.024000000000001,0.06000000000005912,2.168000000000001,0.9140001535415649,0.9693611264228821
manual_ground_truth_w0195_c02_i000,m3_improved_prediction_w0195_c02_i000,195,2,Fp2,976.188,978.94,975.032,980.064,2.752,5.032,2.7520000000000664,5.031999999999925,0.5468998410175093,0.7070914696814148,1.155999999999949,1.12399999999991,0.016000000000076398,2.2800000000000002,0.9078174829483032,0.9700998067855835
manual_ground_truth_w0195_c10_i000,m3_improved_prediction_w0195_c10_i000,195,10,F3,976.188,978.94,975.016,979.496,2.752,4.48,2.7520000000000664,4.480000000000018,0.6142857142857266,0.7610619469026733,1.1720000000000255,0.5559999999999263,0.3080000000001064,1.7280000000000006,0.9075838923454285,0.9818826913833618
manual_ground_truth_w0195_c11_i000,m3_improved_prediction_w0195_c11_i000,195,11,F4,976.188,978.94,975.028,979.508,2.752,4.48,2.7520000000000664,4.480000000000018,0.6142857142857266,0.7610619469026733,1.1599999999999682,0.5679999999999836,0.2960000000000491,1.7280000000000006,0.8804541826248169,0.9717307090759277
manual_ground_truth_w0195_c14_i000,m3_improved_prediction_w0195_c14_i000,195,14,F7,976.188,978.94,975.012,979.82,2.752,4.808000000000001,2.7520000000000664,4.808000000000106,0.572379367720467,0.7280423280423456,1.1760000000000446,0.8799999999999955,0.14800000000013824,2.056000000000001,0.9085730910301208,0.9750365614891052
manual_ground_truth_w0195_c15_i000,m3_improved_prediction_w0195_c15_i000,195,15,F8,976.188,978.94,975.016,977.748,2.752,2.732,1.5600000000000591,3.924000000000092,0.3975535168195776,0.5689277899343761,1.1720000000000255,1.1920000000000073,1.1820000000000164,0.019999999999999574,0.8887251615524292,0.9679642915725708
manual_ground_truth_w0195_c32_i000,m3_improved_prediction_w0195_c32_i009,195,32,T7,976.188,978.94,976.444,976.692,2.752,0.248,0.2480000000000473,2.7520000000000664,0.09011627906978245,0.16533333333336486,0.2559999999999718,2.2480000000000473,0.9960000000000946,2.5039999999999996,0.45576849579811096,0.5894341468811035
manual_ground_truth_w0195_c33_i000,m3_improved_prediction_w0195_c33_i012,195,33,T8,976.188,978.94,976.788,977.156,2.752,0.3680000000000001,0.36799999999993815,2.7520000000000664,0.13372093023253245,0.23589743589739626,0.6000000000000227,1.7840000000001055,0.5920000000000982,2.3839999999999995,0.6359683871269226,0.8685636520385742
manual_ground_truth_w0219_c01_i000,m3_improved_prediction_w0219_c01_i001,219,1,Fp1,1101.248,1102.216,1099.384,1101.468,0.968,2.0839999999999996,0.22000000000002728,2.83199999999988,0.07768361581922197,0.14416775884667582,1.8640000000000327,0.7479999999998199,1.30600000000004,1.1159999999999997,0.8903445601463318,0.974956214427948
manual_ground_truth_w0219_c02_i000,m3_improved_prediction_w0219_c02_i002,219,2,Fp2,1101.248,1102.216,1101.484,1101.592,0.968,0.10799999999999965,0.10800000000017462,0.9679999999998472,0.11157024793408231,0.20074349442411646,0.2359999999998763,0.6239999999997963,0.19399999999995998,0.8600000000000003,0.40819278359413147,0.4851856827735901
manual_ground_truth_w0219_c10_i000,m3_improved_prediction_w0219_c10_i010,219,10,F3,1101.248,1102.216,1099.672,1101.544,0.968,1.8719999999999999,0.2960000000000491,2.543999999999869,0.11635220125788694,0.2084507042253867,1.5760000000000218,0.6719999999997981,1.1239999999997963,0.9039999999999999,0.8237412571907043,0.9701768755912781
manual_ground_truth_w0219_c11_i000,m3_improved_prediction_w0219_c11_i009,219,11,F4,1101.248,1102.216,1099.472,1101.548,0.968,2.0759999999999996,0.2999999999999545,2.7439999999999145,0.10932944606412677,0.19710906701705294,1.7760000000000673,0.6679999999998927,1.22199999999998,1.1079999999999997,0.8444193601608276,0.9629467129707336
manual_ground_truth_w0219_c14_i000,m3_improved_prediction_w0219_c14_i002,219,14,F7,1101.248,1102.216,1099.5,1101.428,0.968,1.928,0.18000000000006366,2.7159999999998945,0.06627393225333972,0.12430939226523734,1.7480000000000473,0.7879999999997835,1.268000000000029,0.96,0.7541472911834717,0.9693343639373779
manual_ground_truth_w0219_c15_i000,m3_improved_prediction_w0219_c15_i007,219,15,F8,1101.248,1102.216,1101.052,1101.328,0.968,0.2760000000000007,0.07999999999992724,1.1639999999999873,0.06872852233670801,0.1286173633439344,0.19600000000014006,0.88799999999992,0.5419999999999163,0.6919999999999993,0.7314318418502808,0.8916763067245483
manual_ground_truth_w0219_c29_i000,m3_improved_prediction_w0219_c29_i008,219,29,C4,1101.248,1102.216,1101.752,1102.056,0.968,0.30400000000000027,0.3040000000000873,0.9679999999998472,0.3140495867769993,0.47798742138378497,0.5039999999999054,0.15999999999985448,0.17200000000002547,0.6639999999999997,0.6173800826072693,0.840240478515625
manual_ground_truth_w0219_c32_i000,m3_improved_prediction_w0219_c32_i016,219,32,T7,1101.248,1102.216,1101.212,1101.448,0.968,0.23600000000000065,0.20000000000004547,1.0039999999999054,0.19920318725106007,0.3322259136213378,0.03600000000005821,0.7679999999998017,0.40200000000004366,0.7319999999999993,0.5575105547904968,0.6755162477493286
manual_ground_truth_w0219_c33_i000,m3_improved_prediction_w0219_c33_i008,219,33,T8,1101.248,1102.216,1101.304,1101.404,0.968,0.09999999999999964,0.09999999999990905,0.9679999999998472,0.1033057851238893,0.18726591760282602,0.05600000000004002,0.8119999999998981,0.37799999999992906,0.8680000000000003,0.5142123699188232,0.5887231826782227
manual_ground_truth_w0219_c48_i000,m3_improved_prediction_w0219_c48_i000,219,48,P8,1101.248,1102.216,1101.932,1101.936,0.968,0.0039999999999995595,0.0039999999999054126,0.9679999999998472,0.004132231404861616,0.0082304526747025,0.6839999999999691,0.2799999999999727,0.20199999999999818,0.9640000000000004,0.3500748872756958,0.3500748872756958
manual_ground_truth_w0220_c01_i000,m3_improved_prediction_w0220_c01_i001,220,1,Fp1,1101.248,1102.216,1101.504,1101.596,0.9680000000000002,0.09200000000000008,0.09200000000009823,0.9679999999998472,0.09504132231416607,0.17358490566056264,0.2559999999998581,0.6199999999998909,0.18200000000001637,0.8760000000000001,0.47299227118492126,0.5646457672119141
manual_ground_truth_w0220_c02_i000,m3_improved_prediction_w0220_c02_i001,220,2,Fp2,1101.248,1102.216,1101.48,1101.628,0.9680000000000002,0.1479999999999999,0.14799999999991087,0.9679999999998472,0.15289256198340312,0.2652329749102345,0.2319999999999709,0.5879999999999654,0.17799999999988358,0.8200000000000003,0.5112913250923157,0.6286016702651978
manual_ground_truth_w0220_c10_i000,m3_improved_prediction_w0220_c10_i004,220,10,F3,1101.248,1102.216,1100.516,1101.456,0.9680000000000002,0.94,0.2079999999998563,1.699999999999818,0.12235294117639915,0.21802935010467117,0.7319999999999709,0.7599999999999909,0.7460000000000946,0.028000000000000247,0.7717941403388977,0.9420652985572815
manual_ground_truth_w0220_c11_i000,m3_improved_prediction_w0220_c11_i003,220,11,F4,1101.248,1102.216,1100.54,1101.488,0.9680000000000002,0.948,0.2400000000000091,1.6759999999999309,0.14319809069213543,0.25052192066806794,0.7080000000000837,0.7279999999998381,0.7179999999998472,0.02000000000000024,0.7294175028800964,0.9112440943717957
manual_ground_truth_w0220_c14_i000,m3_improved_prediction_w0220_c14_i002,220,14,F7,1101.248,1102.216,1100.312,1101.408,0.9680000000000002,1.0959999999999999,0.15999999999985448,1.9039999999999964,0.08403361344530189,0.15503875968978148,0.9360000000001492,0.8079999999999927,0.8720000000000709,0.12799999999999967,0.8162083029747009,0.9564935564994812
manual_ground_truth_w0220_c15_i000,m3_improved_prediction_w0220_c15_i004,220,15,F8,1101.248,1102.216,1100.32,1101.328,0.9680000000000002,1.008,0.07999999999992724,1.8959999999999582,0.042194092826966775,0.08097165991895469,0.928000000000111,0.88799999999992,0.9079999999999018,0.039999999999999813,0.7416563034057617,0.9279404878616333
manual_ground_truth_w0220_c29_i000,m3_improved_prediction_w0220_c29_i005,220,29,C4,1101.248,1102.216,1101.636,1102.192,0.9680000000000002,0.5560000000000003,0.55600000000004,0.9679999999998472,0.5743801652893882,0.7296587926509709,0.38799999999991996,0.023999999999887223,0.18200000000001637,0.4119999999999999,0.6504114866256714,0.8273594379425049
manual_ground_truth_w0220_c32_i000,m3_improved_prediction_w0220_c32_i018,220,32,T7,1101.248,1102.216,1101.652,1102.524,0.9680000000000002,0.8720000000000001,0.5639999999998508,1.27599999999984,0.44200626959241507,0.6130434782607074,0.40399999999999636,0.3079999999999927,0.35599999999999454,0.09600000000000009,0.7003923058509827,0.8687039017677307
manual_ground_truth_w0220_c33_i000,m3_improved_prediction_w0220_c33_i010,220,33,T8,1101.248,1102.216,1101.632,1102.26,0.9680000000000002,0.6279999999999999,0.5839999999998327,1.0119999999999436,0.577075098814096,0.7318295739346273,0.38400000000001455,0.044000000000096406,0.2139999999999418,0.3400000000000003,0.6587334275245667,0.8948743939399719
manual_ground_truth_w0220_c48_i000,m3_improved_prediction_w0220_c48_i003,220,48,P8,1101.248,1102.216,1101.796,1101.92,0.9680000000000002,0.12399999999999989,0.12400000000002365,0.9679999999998472,0.12809917355376366,0.2271062271062704,0.5480000000000018,0.29599999999982174,0.12600000000020373,0.8440000000000003,0.5057446360588074,0.5883933305740356
manual_ground_truth_w0225_c01_i000,m3_improved_prediction_w0225_c01_i000,225,1,Fp1,1132.208,1133.128,1130.092,1135.0,0.9199999999999999,4.908,0.9199999999998454,4.907999999999902,0.18744906275465847,0.3157172271790821,2.1159999999999854,1.872000000000071,0.12200000000007094,3.9880000000000004,0.9485370516777039,0.977914571762085
manual_ground_truth_w0225_c02_i000,m3_improved_prediction_w0225_c02_i000,225,2,Fp2,1132.208,1133.128,1130.076,1135.0,0.9199999999999999,4.924,0.9199999999998454,4.923999999999978,0.18683996750606205,0.31485284052013873,2.132000000000062,1.872000000000071,0.13000000000010914,4.0040000000000004,0.9519760012626648,0.9758006930351257
manual_ground_truth_w0225_c10_i000,m3_improved_prediction_w0225_c10_i000,225,10,F3,1132.208,1133.128,1130.108,1134.98,0.9199999999999999,4.872000000000001,0.9199999999998454,4.872000000000071,0.18883415435136125,0.3176795580109963,2.1000000000001364,1.8520000000000891,0.12400000000025102,3.952000000000001,0.9447846412658691,0.986922025680542
manual_ground_truth_w0225_c11_i000,m3_improved_prediction_w0225_c11_i000,225,11,F4,1132.208,1133.128,1130.092,1134.984,0.9199999999999999,4.892,0.9199999999998454,4.891999999999825,0.18806214227307405,0.31658637302128195,2.1159999999999854,1.8559999999999945,0.13000000000010914,3.9720000000000004,0.9360476136207581,0.9809015393257141
manual_ground_truth_w0225_c14_i000,m3_improved_prediction_w0225_c14_i000,225,14,F7,1132.208,1133.128,1130.1,1132.74,0.9199999999999999,2.6400000000000006,0.5319999999999254,3.02800000000002,0.17569352708055544,0.2988764044943401,2.1080000000001746,0.38799999999991996,1.2480000000000473,1.7200000000000006,0.9407765865325928,0.9842707514762878
manual_ground_truth_w0225_c15_i000,m3_improved_prediction_w0225_c15_i002,225,15,F8,1132.208,1133.128,1132.38,1132.684,0.9199999999999999,0.30400000000000027,0.30399999999985994,0.9199999999998454,0.33043478260859893,0.49673202614356193,0.17200000000002547,0.44399999999996,0.13599999999996726,0.6159999999999997,0.8431577086448669,0.9657256603240967
manual_ground_truth_w0225_c29_i000,m3_improved_prediction_w0225_c29_i001,225,29,C4,1132.208,1133.128,1132.668,1133.096,0.9199999999999999,0.42799999999999994,0.42800000000011096,0.9199999999998454,0.4652173913045466,0.6350148367954169,0.459999999999809,0.03199999999992542,0.2139999999999418,0.492,0.5317712426185608,0.7169650197029114
manual_ground_truth_w0225_c32_i000,m3_improved_prediction_w0225_c32_i015,225,32,T7,1132.208,1133.128,1132.844,1133.276,0.9199999999999999,0.4319999999999995,0.2839999999998781,1.0679999999999836,0.26591760299614464,0.4201183431950862,0.6359999999999673,0.14800000000013824,0.3919999999998254,0.48800000000000043,0.5933554172515869,0.8076004981994629
manual_ground_truth_w0225_c33_i000,m3_improved_prediction_w0225_c33_i014,225,33,T8,1132.208,1133.128,1132.78,1133.184,0.9199999999999999,0.403999999999999,0.34799999999995634,0.9759999999998854,0.35655737704917745,0.5256797583080915,0.571999999999889,0.05600000000004002,0.31399999999985084,0.5160000000000009,0.6357207894325256,0.8601465821266174
manual_ground_truth_w0225_c48_i000,m3_improved_prediction_w0225_c48_i003,225,48,P8,1132.208,1133.128,1132.816,1132.984,0.9199999999999999,0.16800000000000015,0.16799999999989268,0.9199999999998454,0.18260869565208795,0.3088235294115674,0.6079999999999472,0.14400000000000546,0.2319999999999709,0.7519999999999998,0.5099174380302429,0.6561086773872375
