interval_id,source,window_index,channel_index,channel,start_sample_in_window,stop_sample_in_window_exclusive,start_seconds_in_window,end_seconds_in_window,start_seconds_in_recording,end_seconds_in_recording,duration_seconds,mean_probability,max_probability
manual_ground_truth_w0060_c01_i000,manual_ground_truth,60,1,Fp1,1626,2500,6.504,10.0,306.504,310.0,3.4960000000000004,,
manual_ground_truth_w0060_c02_i000,manual_ground_truth,60,2,Fp2,1626,2500,6.504,10.0,306.504,310.0,3.4960000000000004,,
manual_ground_truth_w0060_c07_i000,manual_ground_truth,60,7,Fz,1626,2500,6.504,10.0,306.504,310.0,3.4960000000000004,,
manual_ground_truth_w0060_c10_i000,manual_ground_truth,60,10,F3,1626,2500,6.504,10.0,306.504,310.0,3.4960000000000004,,
manual_ground_truth_w0060_c11_i000,manual_ground_truth,60,11,F4,1626,2500,6.504,10.0,306.504,310.0,3.4960000000000004,,
manual_ground_truth_w0060_c14_i000,manual_ground_truth,60,14,F7,1626,2500,6.504,10.0,306.504,310.0,3.4960000000000004,,
manual_ground_truth_w0060_c15_i000,manual_ground_truth,60,15,F8,1626,2500,6.504,10.0,306.504,310.0,3.4960000000000004,,
manual_ground_truth_w0060_c25_i000,manual_ground_truth,60,25,Cz,1626,2500,6.504,10.0,306.504,310.0,3.4960000000000004,,
manual_ground_truth_w0060_c28_i000,manual_ground_truth,60,28,C3,1626,2500,6.504,10.0,306.504,310.0,3.4960000000000004,,
manual_ground_truth_w0060_c29_i000,manual_ground_truth,60,29,C4,1626,2500,6.504,10.0,306.504,310.0,3.4960000000000004,,
manual_ground_truth_w0060_c32_i000,manual_ground_truth,60,32,T7,1626,2500,6.504,10.0,306.504,310.0,3.4960000000000004,,
manual_ground_truth_w0060_c33_i000,manual_ground_truth,60,33,T8,1626,2500,6.504,10.0,306.504,310.0,3.4960000000000004,,
manual_ground_truth_w0060_c47_i000,manual_ground_truth,60,47,P7,1626,2500,6.504,10.0,306.504,310.0,3.4960000000000004,,
manual_ground_truth_w0060_c48_i000,manual_ground_truth,60,48,P8,1626,2500,6.504,10.0,306.504,310.0,3.4960000000000004,,
manual_ground_truth_w0061_c01_i000,manual_ground_truth,61,1,Fp1,376,2486,1.504,9.944,306.504,314.944,8.440000000000001,,
manual_ground_truth_w0061_c02_i000,manual_ground_truth,61,2,Fp2,376,2486,1.504,9.944,306.504,314.944,8.440000000000001,,
manual_ground_truth_w0061_c07_i000,manual_ground_truth,61,7,Fz,376,2486,1.504,9.944,306.504,314.944,8.440000000000001,,
manual_ground_truth_w0061_c10_i000,manual_ground_truth,61,10,F3,376,2486,1.504,9.944,306.504,314.944,8.440000000000001,,
manual_ground_truth_w0061_c11_i000,manual_ground_truth,61,11,F4,376,2486,1.504,9.944,306.504,314.944,8.440000000000001,,
manual_ground_truth_w0061_c14_i000,manual_ground_truth,61,14,F7,376,2486,1.504,9.944,306.504,314.944,8.440000000000001,,
manual_ground_truth_w0061_c15_i000,manual_ground_truth,61,15,F8,376,2486,1.504,9.944,306.504,314.944,8.440000000000001,,
manual_ground_truth_w0061_c25_i000,manual_ground_truth,61,25,Cz,376,2486,1.504,9.944,306.504,314.944,8.440000000000001,,
manual_ground_truth_w0061_c28_i000,manual_ground_truth,61,28,C3,376,2486,1.504,9.944,306.504,314.944,8.440000000000001,,
manual_ground_truth_w0061_c29_i000,manual_ground_truth,61,29,C4,376,2486,1.504,9.944,306.504,314.944,8.440000000000001,,
manual_ground_truth_w0061_c32_i000,manual_ground_truth,61,32,T7,376,2486,1.504,9.944,306.504,314.944,8.440000000000001,,
manual_ground_truth_w0061_c33_i000,manual_ground_truth,61,33,T8,376,2486,1.504,9.944,306.504,314.944,8.440000000000001,,
manual_ground_truth_w0061_c47_i000,manual_ground_truth,61,47,P7,376,2486,1.504,9.944,306.504,314.944,8.440000000000001,,
manual_ground_truth_w0061_c48_i000,manual_ground_truth,61,48,P8,376,2486,1.504,9.944,306.504,314.944,8.440000000000001,,
manual_ground_truth_w0062_c01_i000,manual_ground_truth,62,1,Fp1,0,1236,0.0,4.944,310.0,314.944,4.944,,
manual_ground_truth_w0062_c02_i000,manual_ground_truth,62,2,Fp2,0,1236,0.0,4.944,310.0,314.944,4.944,,
manual_ground_truth_w0062_c07_i000,manual_ground_truth,62,7,Fz,0,1236,0.0,4.944,310.0,314.944,4.944,,
manual_ground_truth_w0062_c10_i000,manual_ground_truth,62,10,F3,0,1236,0.0,4.944,310.0,314.944,4.944,,
manual_ground_truth_w0062_c11_i000,manual_ground_truth,62,11,F4,0,1236,0.0,4.944,310.0,314.944,4.944,,
manual_ground_truth_w0062_c14_i000,manual_ground_truth,62,14,F7,0,1236,0.0,4.944,310.0,314.944,4.944,,
manual_ground_truth_w0062_c15_i000,manual_ground_truth,62,15,F8,0,1236,0.0,4.944,310.0,314.944,4.944,,
manual_ground_truth_w0062_c25_i000,manual_ground_truth,62,25,Cz,0,1236,0.0,4.944,310.0,314.944,4.944,,
manual_ground_truth_w0062_c28_i000,manual_ground_truth,62,28,C3,0,1236,0.0,4.944,310.0,314.944,4.944,,
manual_ground_truth_w0062_c29_i000,manual_ground_truth,62,29,C4,0,1236,0.0,4.944,310.0,314.944,4.944,,
manual_ground_truth_w0062_c32_i000,manual_ground_truth,62,32,T7,0,1236,0.0,4.944,310.0,314.944,4.944,,
manual_ground_truth_w0062_c33_i000,manual_ground_truth,62,33,T8,0,1236,0.0,4.944,310.0,314.944,4.944,,
manual_ground_truth_w0062_c47_i000,manual_ground_truth,62,47,P7,0,1236,0.0,4.944,310.0,314.944,4.944,,
manual_ground_truth_w0062_c48_i000,manual_ground_truth,62,48,P8,0,1236,0.0,4.944,310.0,314.944,4.944,,
manual_ground_truth_w0068_c01_i000,manual_ground_truth,68,1,Fp1,1902,2500,7.608,10.0,347.608,350.0,2.3920000000000003,,
manual_ground_truth_w0068_c02_i000,manual_ground_truth,68,2,Fp2,1902,2500,7.608,10.0,347.608,350.0,2.3920000000000003,,
manual_ground_truth_w0068_c07_i000,manual_ground_truth,68,7,Fz,1902,2500,7.608,10.0,347.608,350.0,2.3920000000000003,,
manual_ground_truth_w0068_c10_i000,manual_ground_truth,68,10,F3,1902,2500,7.608,10.0,347.608,350.0,2.3920000000000003,,
manual_ground_truth_w0068_c11_i000,manual_ground_truth,68,11,F4,1902,2500,7.608,10.0,347.608,350.0,2.3920000000000003,,
manual_ground_truth_w0068_c14_i000,manual_ground_truth,68,14,F7,1902,2500,7.608,10.0,347.608,350.0,2.3920000000000003,,
manual_ground_truth_w0068_c15_i000,manual_ground_truth,68,15,F8,1902,2500,7.608,10.0,347.608,350.0,2.3920000000000003,,
manual_ground_truth_w0068_c25_i000,manual_ground_truth,68,25,Cz,1902,2500,7.608,10.0,347.608,350.0,2.3920000000000003,,
manual_ground_truth_w0068_c28_i000,manual_ground_truth,68,28,C3,1902,2500,7.608,10.0,347.608,350.0,2.3920000000000003,,
manual_ground_truth_w0068_c29_i000,manual_ground_truth,68,29,C4,1902,2500,7.608,10.0,347.608,350.0,2.3920000000000003,,
manual_ground_truth_w0068_c32_i000,manual_ground_truth,68,32,T7,1902,2500,7.608,10.0,347.608,350.0,2.3920000000000003,,
manual_ground_truth_w0068_c33_i000,manual_ground_truth,68,33,T8,1902,2500,7.608,10.0,347.608,350.0,2.3920000000000003,,
manual_ground_truth_w0069_c01_i000,manual_ground_truth,69,1,Fp1,652,2500,2.608,10.0,347.608,355.0,7.3919999999999995,,
manual_ground_truth_w0069_c02_i000,manual_ground_truth,69,2,Fp2,652,2500,2.608,10.0,347.608,355.0,7.3919999999999995,,
manual_ground_truth_w0069_c07_i000,manual_ground_truth,69,7,Fz,652,2500,2.608,10.0,347.608,355.0,7.3919999999999995,,
manual_ground_truth_w0069_c10_i000,manual_ground_truth,69,10,F3,652,2500,2.608,10.0,347.608,355.0,7.3919999999999995,,
manual_ground_truth_w0069_c11_i000,manual_ground_truth,69,11,F4,652,2500,2.608,10.0,347.608,355.0,7.3919999999999995,,
manual_ground_truth_w0069_c14_i000,manual_ground_truth,69,14,F7,652,2500,2.608,10.0,347.608,355.0,7.3919999999999995,,
manual_ground_truth_w0069_c15_i000,manual_ground_truth,69,15,F8,652,2500,2.608,10.0,347.608,355.0,7.3919999999999995,,
manual_ground_truth_w0069_c25_i000,manual_ground_truth,69,25,Cz,652,2500,2.608,10.0,347.608,355.0,7.3919999999999995,,
manual_ground_truth_w0069_c28_i000,manual_ground_truth,69,28,C3,652,2500,2.608,10.0,347.608,355.0,7.3919999999999995,,
manual_ground_truth_w0069_c29_i000,manual_ground_truth,69,29,C4,652,2500,2.608,10.0,347.608,355.0,7.3919999999999995,,
manual_ground_truth_w0069_c32_i000,manual_ground_truth,69,32,T7,652,2500,2.608,10.0,347.608,355.0,7.3919999999999995,,
manual_ground_truth_w0069_c33_i000,manual_ground_truth,69,33,T8,652,2500,2.608,10.0,347.608,355.0,7.3919999999999995,,
manual_ground_truth_w0070_c01_i000,manual_ground_truth,70,1,Fp1,0,2500,0.0,10.0,350.0,360.0,10.0,,
manual_ground_truth_w0070_c02_i000,manual_ground_truth,70,2,Fp2,0,2500,0.0,10.0,350.0,360.0,10.0,,
manual_ground_truth_w0070_c07_i000,manual_ground_truth,70,7,Fz,0,2500,0.0,10.0,350.0,360.0,10.0,,
manual_ground_truth_w0070_c10_i000,manual_ground_truth,70,10,F3,0,2500,0.0,10.0,350.0,360.0,10.0,,
manual_ground_truth_w0070_c11_i000,manual_ground_truth,70,11,F4,0,2500,0.0,10.0,350.0,360.0,10.0,,
manual_ground_truth_w0070_c14_i000,manual_ground_truth,70,14,F7,0,2500,0.0,10.0,350.0,360.0,10.0,,
manual_ground_truth_w0070_c15_i000,manual_ground_truth,70,15,F8,0,2500,0.0,10.0,350.0,360.0,10.0,,
manual_ground_truth_w0070_c25_i000,manual_ground_truth,70,25,Cz,0,2500,0.0,10.0,350.0,360.0,10.0,,
manual_ground_truth_w0070_c28_i000,manual_ground_truth,70,28,C3,0,2500,0.0,10.0,350.0,360.0,10.0,,
manual_ground_truth_w0070_c29_i000,manual_ground_truth,70,29,C4,0,2500,0.0,10.0,350.0,360.0,10.0,,
manual_ground_truth_w0070_c32_i000,manual_ground_truth,70,32,T7,0,2500,0.0,10.0,350.0,360.0,10.0,,
manual_ground_truth_w0070_c33_i000,manual_ground_truth,70,33,T8,0,2500,0.0,10.0,350.0,360.0,10.0,,
manual_ground_truth_w0071_c01_i000,manual_ground_truth,71,1,Fp1,0,2500,0.0,10.0,355.0,365.0,10.0,,
manual_ground_truth_w0071_c02_i000,manual_ground_truth,71,2,Fp2,0,2500,0.0,10.0,355.0,365.0,10.0,,
manual_ground_truth_w0071_c07_i000,manual_ground_truth,71,7,Fz,0,2500,0.0,10.0,355.0,365.0,10.0,,
manual_ground_truth_w0071_c10_i000,manual_ground_truth,71,10,F3,0,2500,0.0,10.0,355.0,365.0,10.0,,
manual_ground_truth_w0071_c11_i000,manual_ground_truth,71,11,F4,0,2500,0.0,10.0,355.0,365.0,10.0,,
manual_ground_truth_w0071_c14_i000,manual_ground_truth,71,14,F7,0,2500,0.0,10.0,355.0,365.0,10.0,,
manual_ground_truth_w0071_c15_i000,manual_ground_truth,71,15,F8,0,2500,0.0,10.0,355.0,365.0,10.0,,
manual_ground_truth_w0071_c25_i000,manual_ground_truth,71,25,Cz,0,2500,0.0,10.0,355.0,365.0,10.0,,
manual_ground_truth_w0071_c28_i000,manual_ground_truth,71,28,C3,0,2500,0.0,10.0,355.0,365.0,10.0,,
manual_ground_truth_w0071_c29_i000,manual_ground_truth,71,29,C4,0,2500,0.0,10.0,355.0,365.0,10.0,,
manual_ground_truth_w0071_c32_i000,manual_ground_truth,71,32,T7,0,2500,0.0,10.0,355.0,365.0,10.0,,
manual_ground_truth_w0071_c33_i000,manual_ground_truth,71,33,T8,0,2500,0.0,10.0,355.0,365.0,10.0,,
manual_ground_truth_w0072_c01_i000,manual_ground_truth,72,1,Fp1,0,2500,0.0,10.0,360.0,370.0,10.0,,
manual_ground_truth_w0072_c02_i000,manual_ground_truth,72,2,Fp2,0,2500,0.0,10.0,360.0,370.0,10.0,,
manual_ground_truth_w0072_c07_i000,manual_ground_truth,72,7,Fz,0,2500,0.0,10.0,360.0,370.0,10.0,,
manual_ground_truth_w0072_c10_i000,manual_ground_truth,72,10,F3,0,2500,0.0,10.0,360.0,370.0,10.0,,
manual_ground_truth_w0072_c11_i000,manual_ground_truth,72,11,F4,0,2500,0.0,10.0,360.0,370.0,10.0,,
manual_ground_truth_w0072_c14_i000,manual_ground_truth,72,14,F7,0,2500,0.0,10.0,360.0,370.0,10.0,,
manual_ground_truth_w0072_c15_i000,manual_ground_truth,72,15,F8,0,2500,0.0,10.0,360.0,370.0,10.0,,
manual_ground_truth_w0072_c25_i000,manual_ground_truth,72,25,Cz,0,2500,0.0,10.0,360.0,370.0,10.0,,
manual_ground_truth_w0072_c28_i000,manual_ground_truth,72,28,C3,0,2500,0.0,10.0,360.0,370.0,10.0,,
manual_ground_truth_w0072_c29_i000,manual_ground_truth,72,29,C4,0,2500,0.0,10.0,360.0,370.0,10.0,,
manual_ground_truth_w0072_c32_i000,manual_ground_truth,72,32,T7,0,2500,0.0,10.0,360.0,370.0,10.0,,
manual_ground_truth_w0072_c33_i000,manual_ground_truth,72,33,T8,0,2500,0.0,10.0,360.0,370.0,10.0,,
manual_ground_truth_w0073_c01_i000,manual_ground_truth,73,1,Fp1,0,2500,0.0,10.0,365.0,375.0,10.0,,
manual_ground_truth_w0073_c02_i000,manual_ground_truth,73,2,Fp2,0,2500,0.0,10.0,365.0,375.0,10.0,,
manual_ground_truth_w0073_c07_i000,manual_ground_truth,73,7,Fz,0,2500,0.0,10.0,365.0,375.0,10.0,,
manual_ground_truth_w0073_c10_i000,manual_ground_truth,73,10,F3,0,2500,0.0,10.0,365.0,375.0,10.0,,
manual_ground_truth_w0073_c11_i000,manual_ground_truth,73,11,F4,0,2500,0.0,10.0,365.0,375.0,10.0,,
manual_ground_truth_w0073_c14_i000,manual_ground_truth,73,14,F7,0,2500,0.0,10.0,365.0,375.0,10.0,,
manual_ground_truth_w0073_c15_i000,manual_ground_truth,73,15,F8,0,2500,0.0,10.0,365.0,375.0,10.0,,
manual_ground_truth_w0073_c25_i000,manual_ground_truth,73,25,Cz,0,2500,0.0,10.0,365.0,375.0,10.0,,
manual_ground_truth_w0073_c28_i000,manual_ground_truth,73,28,C3,0,2500,0.0,10.0,365.0,375.0,10.0,,
manual_ground_truth_w0073_c29_i000,manual_ground_truth,73,29,C4,0,2500,0.0,10.0,365.0,375.0,10.0,,
manual_ground_truth_w0073_c32_i000,manual_ground_truth,73,32,T7,0,2500,0.0,10.0,365.0,375.0,10.0,,
manual_ground_truth_w0073_c33_i000,manual_ground_truth,73,33,T8,0,2500,0.0,10.0,365.0,375.0,10.0,,
manual_ground_truth_w0074_c01_i000,manual_ground_truth,74,1,Fp1,0,2500,0.0,10.0,370.0,380.0,10.0,,
manual_ground_truth_w0074_c02_i000,manual_ground_truth,74,2,Fp2,0,2500,0.0,10.0,370.0,380.0,10.0,,
manual_ground_truth_w0074_c07_i000,manual_ground_truth,74,7,Fz,0,2500,0.0,10.0,370.0,380.0,10.0,,
manual_ground_truth_w0074_c10_i000,manual_ground_truth,74,10,F3,0,2500,0.0,10.0,370.0,380.0,10.0,,
manual_ground_truth_w0074_c11_i000,manual_ground_truth,74,11,F4,0,2500,0.0,10.0,370.0,380.0,10.0,,
manual_ground_truth_w0074_c14_i000,manual_ground_truth,74,14,F7,0,2500,0.0,10.0,370.0,380.0,10.0,,
manual_ground_truth_w0074_c15_i000,manual_ground_truth,74,15,F8,0,2500,0.0,10.0,370.0,380.0,10.0,,
manual_ground_truth_w0074_c25_i000,manual_ground_truth,74,25,Cz,0,2500,0.0,10.0,370.0,380.0,10.0,,
manual_ground_truth_w0074_c28_i000,manual_ground_truth,74,28,C3,0,2500,0.0,10.0,370.0,380.0,10.0,,
manual_ground_truth_w0074_c29_i000,manual_ground_truth,74,29,C4,0,2500,0.0,10.0,370.0,380.0,10.0,,
manual_ground_truth_w0074_c32_i000,manual_ground_truth,74,32,T7,0,2500,0.0,10.0,370.0,380.0,10.0,,
manual_ground_truth_w0074_c33_i000,manual_ground_truth,74,33,T8,0,2500,0.0,10.0,370.0,380.0,10.0,,
manual_ground_truth_w0075_c01_i000,manual_ground_truth,75,1,Fp1,0,2500,0.0,10.0,375.0,385.0,10.0,,
manual_ground_truth_w0075_c02_i000,manual_ground_truth,75,2,Fp2,0,2500,0.0,10.0,375.0,385.0,10.0,,
manual_ground_truth_w0075_c07_i000,manual_ground_truth,75,7,Fz,0,2500,0.0,10.0,375.0,385.0,10.0,,
manual_ground_truth_w0075_c10_i000,manual_ground_truth,75,10,F3,0,2500,0.0,10.0,375.0,385.0,10.0,,
manual_ground_truth_w0075_c11_i000,manual_ground_truth,75,11,F4,0,2500,0.0,10.0,375.0,385.0,10.0,,
manual_ground_truth_w0075_c14_i000,manual_ground_truth,75,14,F7,0,2500,0.0,10.0,375.0,385.0,10.0,,
manual_ground_truth_w0075_c15_i000,manual_ground_truth,75,15,F8,0,2500,0.0,10.0,375.0,385.0,10.0,,
manual_ground_truth_w0075_c25_i000,manual_ground_truth,75,25,Cz,0,2500,0.0,10.0,375.0,385.0,10.0,,
manual_ground_truth_w0075_c28_i000,manual_ground_truth,75,28,C3,0,2500,0.0,10.0,375.0,385.0,10.0,,
manual_ground_truth_w0075_c29_i000,manual_ground_truth,75,29,C4,0,2500,0.0,10.0,375.0,385.0,10.0,,
manual_ground_truth_w0075_c32_i000,manual_ground_truth,75,32,T7,0,2500,0.0,10.0,375.0,385.0,10.0,,
manual_ground_truth_w0075_c33_i000,manual_ground_truth,75,33,T8,0,2500,0.0,10.0,375.0,385.0,10.0,,
manual_ground_truth_w0076_c01_i000,manual_ground_truth,76,1,Fp1,0,2500,0.0,10.0,380.0,390.0,10.0,,
manual_ground_truth_w0076_c02_i000,manual_ground_truth,76,2,Fp2,0,2500,0.0,10.0,380.0,390.0,10.0,,
manual_ground_truth_w0076_c07_i000,manual_ground_truth,76,7,Fz,0,2500,0.0,10.0,380.0,390.0,10.0,,
manual_ground_truth_w0076_c10_i000,manual_ground_truth,76,10,F3,0,2500,0.0,10.0,380.0,390.0,10.0,,
manual_ground_truth_w0076_c11_i000,manual_ground_truth,76,11,F4,0,2500,0.0,10.0,380.0,390.0,10.0,,
manual_ground_truth_w0076_c14_i000,manual_ground_truth,76,14,F7,0,2500,0.0,10.0,380.0,390.0,10.0,,
manual_ground_truth_w0076_c15_i000,manual_ground_truth,76,15,F8,0,2500,0.0,10.0,380.0,390.0,10.0,,
manual_ground_truth_w0076_c25_i000,manual_ground_truth,76,25,Cz,0,2500,0.0,10.0,380.0,390.0,10.0,,
manual_ground_truth_w0076_c28_i000,manual_ground_truth,76,28,C3,0,2500,0.0,10.0,380.0,390.0,10.0,,
manual_ground_truth_w0076_c29_i000,manual_ground_truth,76,29,C4,0,2500,0.0,10.0,380.0,390.0,10.0,,
manual_ground_truth_w0076_c32_i000,manual_ground_truth,76,32,T7,0,2500,0.0,10.0,380.0,390.0,10.0,,
manual_ground_truth_w0076_c33_i000,manual_ground_truth,76,33,T8,0,2500,0.0,10.0,380.0,390.0,10.0,,
manual_ground_truth_w0077_c01_i000,manual_ground_truth,77,1,Fp1,0,2182,0.0,8.728,385.0,393.728,8.728,,
manual_ground_truth_w0077_c02_i000,manual_ground_truth,77,2,Fp2,0,2182,0.0,8.728,385.0,393.728,8.728,,
manual_ground_truth_w0077_c07_i000,manual_ground_truth,77,7,Fz,0,2182,0.0,8.728,385.0,393.728,8.728,,
manual_ground_truth_w0077_c10_i000,manual_ground_truth,77,10,F3,0,2182,0.0,8.728,385.0,393.728,8.728,,
manual_ground_truth_w0077_c11_i000,manual_ground_truth,77,11,F4,0,2182,0.0,8.728,385.0,393.728,8.728,,
manual_ground_truth_w0077_c14_i000,manual_ground_truth,77,14,F7,0,2182,0.0,8.728,385.0,393.728,8.728,,
manual_ground_truth_w0077_c15_i000,manual_ground_truth,77,15,F8,0,2182,0.0,8.728,385.0,393.728,8.728,,
manual_ground_truth_w0077_c25_i000,manual_ground_truth,77,25,Cz,0,2182,0.0,8.728,385.0,393.728,8.728,,
manual_ground_truth_w0077_c28_i000,manual_ground_truth,77,28,C3,0,2182,0.0,8.728,385.0,393.728,8.728,,
manual_ground_truth_w0077_c29_i000,manual_ground_truth,77,29,C4,0,2182,0.0,8.728,385.0,393.728,8.728,,
manual_ground_truth_w0077_c32_i000,manual_ground_truth,77,32,T7,0,2182,0.0,8.728,385.0,393.728,8.728,,
manual_ground_truth_w0077_c33_i000,manual_ground_truth,77,33,T8,0,2182,0.0,8.728,385.0,393.728,8.728,,
manual_ground_truth_w0078_c01_i000,manual_ground_truth,78,1,Fp1,0,932,0.0,3.728,390.0,393.728,3.728,,
manual_ground_truth_w0078_c02_i000,manual_ground_truth,78,2,Fp2,0,932,0.0,3.728,390.0,393.728,3.728,,
manual_ground_truth_w0078_c07_i000,manual_ground_truth,78,7,Fz,0,932,0.0,3.728,390.0,393.728,3.728,,
manual_ground_truth_w0078_c10_i000,manual_ground_truth,78,10,F3,0,932,0.0,3.728,390.0,393.728,3.728,,
manual_ground_truth_w0078_c11_i000,manual_ground_truth,78,11,F4,0,932,0.0,3.728,390.0,393.728,3.728,,
manual_ground_truth_w0078_c14_i000,manual_ground_truth,78,14,F7,0,932,0.0,3.728,390.0,393.728,3.728,,
manual_ground_truth_w0078_c15_i000,manual_ground_truth,78,15,F8,0,932,0.0,3.728,390.0,393.728,3.728,,
manual_ground_truth_w0078_c25_i000,manual_ground_truth,78,25,Cz,0,932,0.0,3.728,390.0,393.728,3.728,,
manual_ground_truth_w0078_c28_i000,manual_ground_truth,78,28,C3,0,932,0.0,3.728,390.0,393.728,3.728,,
manual_ground_truth_w0078_c29_i000,manual_ground_truth,78,29,C4,0,932,0.0,3.728,390.0,393.728,3.728,,
manual_ground_truth_w0078_c32_i000,manual_ground_truth,78,32,T7,0,932,0.0,3.728,390.0,393.728,3.728,,
manual_ground_truth_w0078_c33_i000,manual_ground_truth,78,33,T8,0,932,0.0,3.728,390.0,393.728,3.728,,
manual_ground_truth_w0083_c01_i000,manual_ground_truth,83,1,Fp1,1645,2478,6.58,9.912,421.58,424.912,3.3320000000000007,,
manual_ground_truth_w0083_c02_i000,manual_ground_truth,83,2,Fp2,1645,2478,6.58,9.912,421.58,424.912,3.3320000000000007,,
manual_ground_truth_w0083_c11_i000,manual_ground_truth,83,11,F4,1645,2478,6.58,9.912,421.58,424.912,3.3320000000000007,,
manual_ground_truth_w0083_c14_i000,manual_ground_truth,83,14,F7,1645,2478,6.58,9.912,421.58,424.912,3.3320000000000007,,
manual_ground_truth_w0083_c15_i000,manual_ground_truth,83,15,F8,1645,2478,6.58,9.912,421.58,424.912,3.3320000000000007,,
manual_ground_truth_w0083_c28_i000,manual_ground_truth,83,28,C3,1645,2478,6.58,9.912,421.58,424.912,3.3320000000000007,,
manual_ground_truth_w0083_c32_i000,manual_ground_truth,83,32,T7,1645,2478,6.58,9.912,421.58,424.912,3.3320000000000007,,
manual_ground_truth_w0083_c33_i000,manual_ground_truth,83,33,T8,1645,2478,6.58,9.912,421.58,424.912,3.3320000000000007,,
manual_ground_truth_w0083_c42_i000,manual_ground_truth,83,42,Pz,1645,2478,6.58,9.912,421.58,424.912,3.3320000000000007,,
manual_ground_truth_w0083_c43_i000,manual_ground_truth,83,43,P3,1645,2478,6.58,9.912,421.58,424.912,3.3320000000000007,,
manual_ground_truth_w0083_c44_i000,manual_ground_truth,83,44,P4,1645,2478,6.58,9.912,421.58,424.912,3.3320000000000007,,
manual_ground_truth_w0083_c47_i000,manual_ground_truth,83,47,P7,1645,2478,6.58,9.912,421.58,424.912,3.3320000000000007,,
manual_ground_truth_w0083_c57_i000,manual_ground_truth,83,57,O1,1645,2478,6.58,9.912,421.58,424.912,3.3320000000000007,,
manual_ground_truth_w0083_c58_i000,manual_ground_truth,83,58,O2,1645,2478,6.58,9.912,421.58,424.912,3.3320000000000007,,
manual_ground_truth_w0084_c01_i000,manual_ground_truth,84,1,Fp1,395,1228,1.58,4.912,421.58,424.912,3.332,,
manual_ground_truth_w0084_c01_i001,manual_ground_truth,84,1,Fp1,1952,2500,7.808,10.0,427.808,430.0,2.192,,
manual_ground_truth_w0084_c02_i000,manual_ground_truth,84,2,Fp2,395,1228,1.58,4.912,421.58,424.912,3.332,,
manual_ground_truth_w0084_c02_i001,manual_ground_truth,84,2,Fp2,1952,2500,7.808,10.0,427.808,430.0,2.192,,
manual_ground_truth_w0084_c07_i000,manual_ground_truth,84,7,Fz,1952,2500,7.808,10.0,427.808,430.0,2.192,,
manual_ground_truth_w0084_c11_i000,manual_ground_truth,84,11,F4,395,1228,1.58,4.912,421.58,424.912,3.332,,
manual_ground_truth_w0084_c11_i001,manual_ground_truth,84,11,F4,1952,2500,7.808,10.0,427.808,430.0,2.192,,
manual_ground_truth_w0084_c14_i000,manual_ground_truth,84,14,F7,395,1228,1.58,4.912,421.58,424.912,3.332,,
manual_ground_truth_w0084_c14_i001,manual_ground_truth,84,14,F7,1952,2500,7.808,10.0,427.808,430.0,2.192,,
manual_ground_truth_w0084_c15_i000,manual_ground_truth,84,15,F8,395,1228,1.58,4.912,421.58,424.912,3.332,,
manual_ground_truth_w0084_c15_i001,manual_ground_truth,84,15,F8,1952,2500,7.808,10.0,427.808,430.0,2.192,,
manual_ground_truth_w0084_c25_i000,manual_ground_truth,84,25,Cz,1952,2500,7.808,10.0,427.808,430.0,2.192,,
manual_ground_truth_w0084_c28_i000,manual_ground_truth,84,28,C3,395,1228,1.58,4.912,421.58,424.912,3.332,,
manual_ground_truth_w0084_c28_i001,manual_ground_truth,84,28,C3,1952,2500,7.808,10.0,427.808,430.0,2.192,,
manual_ground_truth_w0084_c29_i000,manual_ground_truth,84,29,C4,1952,2500,7.808,10.0,427.808,430.0,2.192,,
manual_ground_truth_w0084_c32_i000,manual_ground_truth,84,32,T7,395,1228,1.58,4.912,421.58,424.912,3.332,,
manual_ground_truth_w0084_c32_i001,manual_ground_truth,84,32,T7,1952,2500,7.808,10.0,427.808,430.0,2.192,,
manual_ground_truth_w0084_c33_i000,manual_ground_truth,84,33,T8,395,1228,1.58,4.912,421.58,424.912,3.332,,
manual_ground_truth_w0084_c33_i001,manual_ground_truth,84,33,T8,1952,2500,7.808,10.0,427.808,430.0,2.192,,
manual_ground_truth_w0084_c42_i000,manual_ground_truth,84,42,Pz,395,1228,1.58,4.912,421.58,424.912,3.332,,
manual_ground_truth_w0084_c42_i001,manual_ground_truth,84,42,Pz,1952,2500,7.808,10.0,427.808,430.0,2.192,,
manual_ground_truth_w0084_c43_i000,manual_ground_truth,84,43,P3,395,1228,1.58,4.912,421.58,424.912,3.332,,
manual_ground_truth_w0084_c43_i001,manual_ground_truth,84,43,P3,1952,2500,7.808,10.0,427.808,430.0,2.192,,
manual_ground_truth_w0084_c44_i000,manual_ground_truth,84,44,P4,395,1228,1.58,4.912,421.58,424.912,3.332,,
manual_ground_truth_w0084_c44_i001,manual_ground_truth,84,44,P4,1952,2500,7.808,10.0,427.808,430.0,2.192,,
manual_ground_truth_w0084_c47_i000,manual_ground_truth,84,47,P7,395,1228,1.58,4.912,421.58,424.912,3.332,,
manual_ground_truth_w0084_c47_i001,manual_ground_truth,84,47,P7,1952,2500,7.808,10.0,427.808,430.0,2.192,,
manual_ground_truth_w0084_c48_i000,manual_ground_truth,84,48,P8,1952,2500,7.808,10.0,427.808,430.0,2.192,,
manual_ground_truth_w0084_c57_i000,manual_ground_truth,84,57,O1,395,1228,1.58,4.912,421.58,424.912,3.332,,
manual_ground_truth_w0084_c57_i001,manual_ground_truth,84,57,O1,1952,2500,7.808,10.0,427.808,430.0,2.192,,
manual_ground_truth_w0084_c58_i000,manual_ground_truth,84,58,O2,395,1228,1.58,4.912,421.58,424.912,3.332,,
manual_ground_truth_w0084_c58_i001,manual_ground_truth,84,58,O2,1952,2500,7.808,10.0,427.808,430.0,2.192,,
manual_ground_truth_w0085_c01_i000,manual_ground_truth,85,1,Fp1,702,1450,2.808,5.8,427.808,430.8,2.992,,
manual_ground_truth_w0085_c01_i001,manual_ground_truth,85,1,Fp1,2173,2500,8.692,10.0,433.692,435.0,1.3079999999999998,,
manual_ground_truth_w0085_c02_i000,manual_ground_truth,85,2,Fp2,702,1450,2.808,5.8,427.808,430.8,2.992,,
manual_ground_truth_w0085_c02_i001,manual_ground_truth,85,2,Fp2,2173,2500,8.692,10.0,433.692,435.0,1.3079999999999998,,
manual_ground_truth_w0085_c07_i000,manual_ground_truth,85,7,Fz,702,1450,2.808,5.8,427.808,430.8,2.992,,
manual_ground_truth_w0085_c07_i001,manual_ground_truth,85,7,Fz,2173,2500,8.692,10.0,433.692,435.0,1.3079999999999998,,
manual_ground_truth_w0085_c11_i000,manual_ground_truth,85,11,F4,702,1450,2.808,5.8,427.808,430.8,2.992,,
manual_ground_truth_w0085_c11_i001,manual_ground_truth,85,11,F4,2173,2500,8.692,10.0,433.692,435.0,1.3079999999999998,,
manual_ground_truth_w0085_c14_i000,manual_ground_truth,85,14,F7,702,1450,2.808,5.8,427.808,430.8,2.992,,
manual_ground_truth_w0085_c14_i001,manual_ground_truth,85,14,F7,2173,2500,8.692,10.0,433.692,435.0,1.3079999999999998,,
manual_ground_truth_w0085_c15_i000,manual_ground_truth,85,15,F8,702,1450,2.808,5.8,427.808,430.8,2.992,,
manual_ground_truth_w0085_c15_i001,manual_ground_truth,85,15,F8,2173,2500,8.692,10.0,433.692,435.0,1.3079999999999998,,
manual_ground_truth_w0085_c25_i000,manual_ground_truth,85,25,Cz,702,1450,2.808,5.8,427.808,430.8,2.992,,
manual_ground_truth_w0085_c25_i001,manual_ground_truth,85,25,Cz,2173,2500,8.692,10.0,433.692,435.0,1.3079999999999998,,
manual_ground_truth_w0085_c28_i000,manual_ground_truth,85,28,C3,702,1450,2.808,5.8,427.808,430.8,2.992,,
manual_ground_truth_w0085_c28_i001,manual_ground_truth,85,28,C3,2173,2500,8.692,10.0,433.692,435.0,1.3079999999999998,,
manual_ground_truth_w0085_c29_i000,manual_ground_truth,85,29,C4,702,1450,2.808,5.8,427.808,430.8,2.992,,
manual_ground_truth_w0085_c29_i001,manual_ground_truth,85,29,C4,2173,2500,8.692,10.0,433.692,435.0,1.3079999999999998,,
manual_ground_truth_w0085_c32_i000,manual_ground_truth,85,32,T7,702,1450,2.808,5.8,427.808,430.8,2.992,,
manual_ground_truth_w0085_c32_i001,manual_ground_truth,85,32,T7,2173,2500,8.692,10.0,433.692,435.0,1.3079999999999998,,
manual_ground_truth_w0085_c33_i000,manual_ground_truth,85,33,T8,702,1450,2.808,5.8,427.808,430.8,2.992,,
manual_ground_truth_w0085_c33_i001,manual_ground_truth,85,33,T8,2173,2500,8.692,10.0,433.692,435.0,1.3079999999999998,,
manual_ground_truth_w0085_c42_i000,manual_ground_truth,85,42,Pz,702,1450,2.808,5.8,427.808,430.8,2.992,,
manual_ground_truth_w0085_c42_i001,manual_ground_truth,85,42,Pz,2173,2500,8.692,10.0,433.692,435.0,1.3079999999999998,,
manual_ground_truth_w0085_c43_i000,manual_ground_truth,85,43,P3,702,1450,2.808,5.8,427.808,430.8,2.992,,
manual_ground_truth_w0085_c43_i001,manual_ground_truth,85,43,P3,2173,2500,8.692,10.0,433.692,435.0,1.3079999999999998,,
manual_ground_truth_w0085_c44_i000,manual_ground_truth,85,44,P4,702,1450,2.808,5.8,427.808,430.8,2.992,,
manual_ground_truth_w0085_c44_i001,manual_ground_truth,85,44,P4,2173,2500,8.692,10.0,433.692,435.0,1.3079999999999998,,
manual_ground_truth_w0085_c47_i000,manual_ground_truth,85,47,P7,702,1450,2.808,5.8,427.808,430.8,2.992,,
manual_ground_truth_w0085_c47_i001,manual_ground_truth,85,47,P7,2173,2500,8.692,10.0,433.692,435.0,1.3079999999999998,,
manual_ground_truth_w0085_c48_i000,manual_ground_truth,85,48,P8,702,1450,2.808,5.8,427.808,430.8,2.992,,
manual_ground_truth_w0085_c48_i001,manual_ground_truth,85,48,P8,2173,2500,8.692,10.0,433.692,435.0,1.3079999999999998,,
manual_ground_truth_w0085_c57_i000,manual_ground_truth,85,57,O1,702,1450,2.808,5.8,427.808,430.8,2.992,,
manual_ground_truth_w0085_c57_i001,manual_ground_truth,85,57,O1,2173,2500,8.692,10.0,433.692,435.0,1.3079999999999998,,
manual_ground_truth_w0085_c58_i000,manual_ground_truth,85,58,O2,702,1450,2.808,5.8,427.808,430.8,2.992,,
manual_ground_truth_w0085_c58_i001,manual_ground_truth,85,58,O2,2173,2500,8.692,10.0,433.692,435.0,1.3079999999999998,,
manual_ground_truth_w0086_c01_i000,manual_ground_truth,86,1,Fp1,0,200,0.0,0.8,430.0,430.8,0.8,,
manual_ground_truth_w0086_c01_i001,manual_ground_truth,86,1,Fp1,923,1719,3.692,6.876,433.692,436.876,3.184,,
manual_ground_truth_w0086_c01_i002,manual_ground_truth,86,1,Fp1,2394,2500,9.576,10.0,439.576,440.0,0.4239999999999995,,
manual_ground_truth_w0086_c02_i000,manual_ground_truth,86,2,Fp2,0,200,0.0,0.8,430.0,430.8,0.8,,
manual_ground_truth_w0086_c02_i001,manual_ground_truth,86,2,Fp2,923,1719,3.692,6.876,433.692,436.876,3.184,,
manual_ground_truth_w0086_c02_i002,manual_ground_truth,86,2,Fp2,2394,2500,9.576,10.0,439.576,440.0,0.4239999999999995,,
manual_ground_truth_w0086_c07_i000,manual_ground_truth,86,7,Fz,0,200,0.0,0.8,430.0,430.8,0.8,,
manual_ground_truth_w0086_c07_i001,manual_ground_truth,86,7,Fz,923,1719,3.692,6.876,433.692,436.876,3.184,,
manual_ground_truth_w0086_c07_i002,manual_ground_truth,86,7,Fz,2394,2500,9.576,10.0,439.576,440.0,0.4239999999999995,,
manual_ground_truth_w0086_c11_i000,manual_ground_truth,86,11,F4,0,200,0.0,0.8,430.0,430.8,0.8,,
manual_ground_truth_w0086_c11_i001,manual_ground_truth,86,11,F4,923,1719,3.692,6.876,433.692,436.876,3.184,,
manual_ground_truth_w0086_c11_i002,manual_ground_truth,86,11,F4,2394,2500,9.576,10.0,439.576,440.0,0.4239999999999995,,
manual_ground_truth_w0086_c14_i000,manual_ground_truth,86,14,F7,0,200,0.0,0.8,430.0,430.8,0.8,,
manual_ground_truth_w0086_c14_i001,manual_ground_truth,86,14,F7,923,1719,3.692,6.876,433.692,436.876,3.184,,
manual_ground_truth_w0086_c14_i002,manual_ground_truth,86,14,F7,2394,2500,9.576,10.0,439.576,440.0,0.4239999999999995,,
manual_ground_truth_w0086_c15_i000,manual_ground_truth,86,15,F8,0,200,0.0,0.8,430.0,430.8,0.8,,
manual_ground_truth_w0086_c15_i001,manual_ground_truth,86,15,F8,923,1719,3.692,6.876,433.692,436.876,3.184,,
manual_ground_truth_w0086_c15_i002,manual_ground_truth,86,15,F8,2394,2500,9.576,10.0,439.576,440.0,0.4239999999999995,,
manual_ground_truth_w0086_c25_i000,manual_ground_truth,86,25,Cz,0,200,0.0,0.8,430.0,430.8,0.8,,
manual_ground_truth_w0086_c25_i001,manual_ground_truth,86,25,Cz,923,1719,3.692,6.876,433.692,436.876,3.184,,
manual_ground_truth_w0086_c25_i002,manual_ground_truth,86,25,Cz,2394,2500,9.576,10.0,439.576,440.0,0.4239999999999995,,
manual_ground_truth_w0086_c28_i000,manual_ground_truth,86,28,C3,0,200,0.0,0.8,430.0,430.8,0.8,,
manual_ground_truth_w0086_c28_i001,manual_ground_truth,86,28,C3,923,1719,3.692,6.876,433.692,436.876,3.184,,
manual_ground_truth_w0086_c28_i002,manual_ground_truth,86,28,C3,2394,2500,9.576,10.0,439.576,440.0,0.4239999999999995,,
manual_ground_truth_w0086_c29_i000,manual_ground_truth,86,29,C4,0,200,0.0,0.8,430.0,430.8,0.8,,
manual_ground_truth_w0086_c29_i001,manual_ground_truth,86,29,C4,923,1719,3.692,6.876,433.692,436.876,3.184,,
manual_ground_truth_w0086_c29_i002,manual_ground_truth,86,29,C4,2394,2500,9.576,10.0,439.576,440.0,0.4239999999999995,,
manual_ground_truth_w0086_c32_i000,manual_ground_truth,86,32,T7,0,200,0.0,0.8,430.0,430.8,0.8,,
manual_ground_truth_w0086_c32_i001,manual_ground_truth,86,32,T7,923,1719,3.692,6.876,433.692,436.876,3.184,,
manual_ground_truth_w0086_c32_i002,manual_ground_truth,86,32,T7,2394,2500,9.576,10.0,439.576,440.0,0.4239999999999995,,
manual_ground_truth_w0086_c33_i000,manual_ground_truth,86,33,T8,0,200,0.0,0.8,430.0,430.8,0.8,,
manual_ground_truth_w0086_c33_i001,manual_ground_truth,86,33,T8,923,1719,3.692,6.876,433.692,436.876,3.184,,
manual_ground_truth_w0086_c33_i002,manual_ground_truth,86,33,T8,2394,2500,9.576,10.0,439.576,440.0,0.4239999999999995,,
manual_ground_truth_w0086_c42_i000,manual_ground_truth,86,42,Pz,0,200,0.0,0.8,430.0,430.8,0.8,,
manual_ground_truth_w0086_c42_i001,manual_ground_truth,86,42,Pz,923,1719,3.692,6.876,433.692,436.876,3.184,,
manual_ground_truth_w0086_c42_i002,manual_ground_truth,86,42,Pz,2394,2500,9.576,10.0,439.576,440.0,0.4239999999999995,,
manual_ground_truth_w0086_c43_i000,manual_ground_truth,86,43,P3,0,200,0.0,0.8,430.0,430.8,0.8,,
manual_ground_truth_w0086_c43_i001,manual_ground_truth,86,43,P3,923,1719,3.692,6.876,433.692,436.876,3.184,,
manual_ground_truth_w0086_c43_i002,manual_ground_truth,86,43,P3,2394,2500,9.576,10.0,439.576,440.0,0.4239999999999995,,
manual_ground_truth_w0086_c44_i000,manual_ground_truth,86,44,P4,0,200,0.0,0.8,430.0,430.8,0.8,,
manual_ground_truth_w0086_c44_i001,manual_ground_truth,86,44,P4,923,1719,3.692,6.876,433.692,436.876,3.184,,
manual_ground_truth_w0086_c44_i002,manual_ground_truth,86,44,P4,2394,2500,9.576,10.0,439.576,440.0,0.4239999999999995,,
manual_ground_truth_w0086_c47_i000,manual_ground_truth,86,47,P7,0,200,0.0,0.8,430.0,430.8,0.8,,
manual_ground_truth_w0086_c47_i001,manual_ground_truth,86,47,P7,923,1719,3.692,6.876,433.692,436.876,3.184,,
manual_ground_truth_w0086_c47_i002,manual_ground_truth,86,47,P7,2394,2500,9.576,10.0,439.576,440.0,0.4239999999999995,,
manual_ground_truth_w0086_c48_i000,manual_ground_truth,86,48,P8,0,200,0.0,0.8,430.0,430.8,0.8,,
manual_ground_truth_w0086_c48_i001,manual_ground_truth,86,48,P8,923,1719,3.692,6.876,433.692,436.876,3.184,,
manual_ground_truth_w0086_c48_i002,manual_ground_truth,86,48,P8,2394,2500,9.576,10.0,439.576,440.0,0.4239999999999995,,
manual_ground_truth_w0086_c57_i000,manual_ground_truth,86,57,O1,0,200,0.0,0.8,430.0,430.8,0.8,,
manual_ground_truth_w0086_c57_i001,manual_ground_truth,86,57,O1,923,1719,3.692,6.876,433.692,436.876,3.184,,
manual_ground_truth_w0086_c57_i002,manual_ground_truth,86,57,O1,2394,2500,9.576,10.0,439.576,440.0,0.4239999999999995,,
manual_ground_truth_w0086_c58_i000,manual_ground_truth,86,58,O2,0,200,0.0,0.8,430.0,430.8,0.8,,
manual_ground_truth_w0086_c58_i001,manual_ground_truth,86,58,O2,923,1719,3.692,6.876,433.692,436.876,3.184,,
manual_ground_truth_w0086_c58_i002,manual_ground_truth,86,58,O2,2394,2500,9.576,10.0,439.576,440.0,0.4239999999999995,,
manual_ground_truth_w0087_c01_i000,manual_ground_truth,87,1,Fp1,0,469,0.0,1.876,435.0,436.876,1.876,,
manual_ground_truth_w0087_c01_i001,manual_ground_truth,87,1,Fp1,1144,1965,4.576,7.86,439.576,442.86,3.2840000000000007,,
manual_ground_truth_w0087_c02_i000,manual_ground_truth,87,2,Fp2,0,469,0.0,1.876,435.0,436.876,1.876,,
manual_ground_truth_w0087_c02_i001,manual_ground_truth,87,2,Fp2,1144,1965,4.576,7.86,439.576,442.86,3.2840000000000007,,
manual_ground_truth_w0087_c07_i000,manual_ground_truth,87,7,Fz,0,469,0.0,1.876,435.0,436.876,1.876,,
manual_ground_truth_w0087_c07_i001,manual_ground_truth,87,7,Fz,1144,1965,4.576,7.86,439.576,442.86,3.2840000000000007,,
manual_ground_truth_w0087_c11_i000,manual_ground_truth,87,11,F4,0,469,0.0,1.876,435.0,436.876,1.876,,
manual_ground_truth_w0087_c11_i001,manual_ground_truth,87,11,F4,1144,1965,4.576,7.86,439.576,442.86,3.2840000000000007,,
manual_ground_truth_w0087_c14_i000,manual_ground_truth,87,14,F7,0,469,0.0,1.876,435.0,436.876,1.876,,
manual_ground_truth_w0087_c14_i001,manual_ground_truth,87,14,F7,1144,1965,4.576,7.86,439.576,442.86,3.2840000000000007,,
manual_ground_truth_w0087_c15_i000,manual_ground_truth,87,15,F8,0,469,0.0,1.876,435.0,436.876,1.876,,
manual_ground_truth_w0087_c15_i001,manual_ground_truth,87,15,F8,1144,1965,4.576,7.86,439.576,442.86,3.2840000000000007,,
manual_ground_truth_w0087_c25_i000,manual_ground_truth,87,25,Cz,0,469,0.0,1.876,435.0,436.876,1.876,,
manual_ground_truth_w0087_c25_i001,manual_ground_truth,87,25,Cz,1144,1965,4.576,7.86,439.576,442.86,3.2840000000000007,,
manual_ground_truth_w0087_c28_i000,manual_ground_truth,87,28,C3,0,469,0.0,1.876,435.0,436.876,1.876,,
manual_ground_truth_w0087_c28_i001,manual_ground_truth,87,28,C3,1144,1965,4.576,7.86,439.576,442.86,3.2840000000000007,,
manual_ground_truth_w0087_c29_i000,manual_ground_truth,87,29,C4,0,469,0.0,1.876,435.0,436.876,1.876,,
manual_ground_truth_w0087_c29_i001,manual_ground_truth,87,29,C4,1144,1965,4.576,7.86,439.576,442.86,3.2840000000000007,,
manual_ground_truth_w0087_c32_i000,manual_ground_truth,87,32,T7,0,469,0.0,1.876,435.0,436.876,1.876,,
manual_ground_truth_w0087_c32_i001,manual_ground_truth,87,32,T7,1144,1965,4.576,7.86,439.576,442.86,3.2840000000000007,,
manual_ground_truth_w0087_c33_i000,manual_ground_truth,87,33,T8,0,469,0.0,1.876,435.0,436.876,1.876,,
manual_ground_truth_w0087_c33_i001,manual_ground_truth,87,33,T8,1144,1965,4.576,7.86,439.576,442.86,3.2840000000000007,,
manual_ground_truth_w0087_c42_i000,manual_ground_truth,87,42,Pz,0,469,0.0,1.876,435.0,436.876,1.876,,
manual_ground_truth_w0087_c42_i001,manual_ground_truth,87,42,Pz,1144,1965,4.576,7.86,439.576,442.86,3.2840000000000007,,
manual_ground_truth_w0087_c43_i000,manual_ground_truth,87,43,P3,0,469,0.0,1.876,435.0,436.876,1.876,,
manual_ground_truth_w0087_c43_i001,manual_ground_truth,87,43,P3,1144,1965,4.576,7.86,439.576,442.86,3.2840000000000007,,
manual_ground_truth_w0087_c44_i000,manual_ground_truth,87,44,P4,0,469,0.0,1.876,435.0,436.876,1.876,,
manual_ground_truth_w0087_c44_i001,manual_ground_truth,87,44,P4,1144,1965,4.576,7.86,439.576,442.86,3.2840000000000007,,
manual_ground_truth_w0087_c47_i000,manual_ground_truth,87,47,P7,0,469,0.0,1.876,435.0,436.876,1.876,,
manual_ground_truth_w0087_c47_i001,manual_ground_truth,87,47,P7,1144,1965,4.576,7.86,439.576,442.86,3.2840000000000007,,
manual_ground_truth_w0087_c48_i000,manual_ground_truth,87,48,P8,0,469,0.0,1.876,435.0,436.876,1.876,,
manual_ground_truth_w0087_c48_i001,manual_ground_truth,87,48,P8,1144,1965,4.576,7.86,439.576,442.86,3.2840000000000007,,
manual_ground_truth_w0087_c57_i000,manual_ground_truth,87,57,O1,0,469,0.0,1.876,435.0,436.876,1.876,,
manual_ground_truth_w0087_c57_i001,manual_ground_truth,87,57,O1,1144,1965,4.576,7.86,439.576,442.86,3.2840000000000007,,
manual_ground_truth_w0087_c58_i000,manual_ground_truth,87,58,O2,0,469,0.0,1.876,435.0,436.876,1.876,,
manual_ground_truth_w0087_c58_i001,manual_ground_truth,87,58,O2,1144,1965,4.576,7.86,439.576,442.86,3.2840000000000007,,
manual_ground_truth_w0088_c01_i000,manual_ground_truth,88,1,Fp1,0,715,0.0,2.86,440.0,442.86,2.86,,
manual_ground_truth_w0088_c01_i001,manual_ground_truth,88,1,Fp1,1413,2210,5.652,8.84,445.652,448.84,3.1879999999999997,,
manual_ground_truth_w0088_c02_i000,manual_ground_truth,88,2,Fp2,0,715,0.0,2.86,440.0,442.86,2.86,,
manual_ground_truth_w0088_c02_i001,manual_ground_truth,88,2,Fp2,1413,2210,5.652,8.84,445.652,448.84,3.1879999999999997,,
manual_ground_truth_w0088_c07_i000,manual_ground_truth,88,7,Fz,0,715,0.0,2.86,440.0,442.86,2.86,,
manual_ground_truth_w0088_c07_i001,manual_ground_truth,88,7,Fz,1413,2210,5.652,8.84,445.652,448.84,3.1879999999999997,,
manual_ground_truth_w0088_c11_i000,manual_ground_truth,88,11,F4,0,715,0.0,2.86,440.0,442.86,2.86,,
manual_ground_truth_w0088_c11_i001,manual_ground_truth,88,11,F4,1413,2210,5.652,8.84,445.652,448.84,3.1879999999999997,,
manual_ground_truth_w0088_c14_i000,manual_ground_truth,88,14,F7,0,715,0.0,2.86,440.0,442.86,2.86,,
manual_ground_truth_w0088_c14_i001,manual_ground_truth,88,14,F7,1413,2210,5.652,8.84,445.652,448.84,3.1879999999999997,,
manual_ground_truth_w0088_c15_i000,manual_ground_truth,88,15,F8,0,715,0.0,2.86,440.0,442.86,2.86,,
manual_ground_truth_w0088_c15_i001,manual_ground_truth,88,15,F8,1413,2210,5.652,8.84,445.652,448.84,3.1879999999999997,,
manual_ground_truth_w0088_c25_i000,manual_ground_truth,88,25,Cz,0,715,0.0,2.86,440.0,442.86,2.86,,
manual_ground_truth_w0088_c25_i001,manual_ground_truth,88,25,Cz,1413,2210,5.652,8.84,445.652,448.84,3.1879999999999997,,
manual_ground_truth_w0088_c28_i000,manual_ground_truth,88,28,C3,0,715,0.0,2.86,440.0,442.86,2.86,,
manual_ground_truth_w0088_c28_i001,manual_ground_truth,88,28,C3,1413,2210,5.652,8.84,445.652,448.84,3.1879999999999997,,
manual_ground_truth_w0088_c29_i000,manual_ground_truth,88,29,C4,0,715,0.0,2.86,440.0,442.86,2.86,,
manual_ground_truth_w0088_c29_i001,manual_ground_truth,88,29,C4,1413,2210,5.652,8.84,445.652,448.84,3.1879999999999997,,
manual_ground_truth_w0088_c32_i000,manual_ground_truth,88,32,T7,0,715,0.0,2.86,440.0,442.86,2.86,,
manual_ground_truth_w0088_c32_i001,manual_ground_truth,88,32,T7,1413,2210,5.652,8.84,445.652,448.84,3.1879999999999997,,
manual_ground_truth_w0088_c33_i000,manual_ground_truth,88,33,T8,0,715,0.0,2.86,440.0,442.86,2.86,,
manual_ground_truth_w0088_c33_i001,manual_ground_truth,88,33,T8,1413,2210,5.652,8.84,445.652,448.84,3.1879999999999997,,
manual_ground_truth_w0088_c42_i000,manual_ground_truth,88,42,Pz,0,715,0.0,2.86,440.0,442.86,2.86,,
manual_ground_truth_w0088_c42_i001,manual_ground_truth,88,42,Pz,1413,2210,5.652,8.84,445.652,448.84,3.1879999999999997,,
manual_ground_truth_w0088_c43_i000,manual_ground_truth,88,43,P3,0,715,0.0,2.86,440.0,442.86,2.86,,
manual_ground_truth_w0088_c43_i001,manual_ground_truth,88,43,P3,1413,2210,5.652,8.84,445.652,448.84,3.1879999999999997,,
manual_ground_truth_w0088_c44_i000,manual_ground_truth,88,44,P4,0,715,0.0,2.86,440.0,442.86,2.86,,
manual_ground_truth_w0088_c44_i001,manual_ground_truth,88,44,P4,1413,2210,5.652,8.84,445.652,448.84,3.1879999999999997,,
manual_ground_truth_w0088_c47_i000,manual_ground_truth,88,47,P7,0,715,0.0,2.86,440.0,442.86,2.86,,
manual_ground_truth_w0088_c47_i001,manual_ground_truth,88,47,P7,1413,2210,5.652,8.84,445.652,448.84,3.1879999999999997,,
manual_ground_truth_w0088_c48_i000,manual_ground_truth,88,48,P8,0,715,0.0,2.86,440.0,442.86,2.86,,
manual_ground_truth_w0088_c48_i001,manual_ground_truth,88,48,P8,1413,2210,5.652,8.84,445.652,448.84,3.1879999999999997,,
manual_ground_truth_w0088_c57_i000,manual_ground_truth,88,57,O1,0,715,0.0,2.86,440.0,442.86,2.86,,
manual_ground_truth_w0088_c57_i001,manual_ground_truth,88,57,O1,1413,2210,5.652,8.84,445.652,448.84,3.1879999999999997,,
manual_ground_truth_w0088_c58_i000,manual_ground_truth,88,58,O2,0,715,0.0,2.86,440.0,442.86,2.86,,
manual_ground_truth_w0088_c58_i001,manual_ground_truth,88,58,O2,1413,2210,5.652,8.84,445.652,448.84,3.1879999999999997,,
manual_ground_truth_w0089_c01_i000,manual_ground_truth,89,1,Fp1,163,960,0.652,3.84,445.652,448.84,3.1879999999999997,,
manual_ground_truth_w0089_c01_i001,manual_ground_truth,89,1,Fp1,1670,2419,6.68,9.676,451.68,454.676,2.9960000000000004,,
manual_ground_truth_w0089_c02_i000,manual_ground_truth,89,2,Fp2,163,960,0.652,3.84,445.652,448.84,3.1879999999999997,,
manual_ground_truth_w0089_c02_i001,manual_ground_truth,89,2,Fp2,1670,2419,6.68,9.676,451.68,454.676,2.9960000000000004,,
manual_ground_truth_w0089_c07_i000,manual_ground_truth,89,7,Fz,163,960,0.652,3.84,445.652,448.84,3.1879999999999997,,
manual_ground_truth_w0089_c07_i001,manual_ground_truth,89,7,Fz,1670,2419,6.68,9.676,451.68,454.676,2.9960000000000004,,
manual_ground_truth_w0089_c11_i000,manual_ground_truth,89,11,F4,163,960,0.652,3.84,445.652,448.84,3.1879999999999997,,
manual_ground_truth_w0089_c11_i001,manual_ground_truth,89,11,F4,1670,2419,6.68,9.676,451.68,454.676,2.9960000000000004,,
manual_ground_truth_w0089_c14_i000,manual_ground_truth,89,14,F7,163,960,0.652,3.84,445.652,448.84,3.1879999999999997,,
manual_ground_truth_w0089_c14_i001,manual_ground_truth,89,14,F7,1670,2419,6.68,9.676,451.68,454.676,2.9960000000000004,,
manual_ground_truth_w0089_c15_i000,manual_ground_truth,89,15,F8,163,960,0.652,3.84,445.652,448.84,3.1879999999999997,,
manual_ground_truth_w0089_c15_i001,manual_ground_truth,89,15,F8,1670,2419,6.68,9.676,451.68,454.676,2.9960000000000004,,
manual_ground_truth_w0089_c25_i000,manual_ground_truth,89,25,Cz,163,960,0.652,3.84,445.652,448.84,3.1879999999999997,,
manual_ground_truth_w0089_c25_i001,manual_ground_truth,89,25,Cz,1670,2419,6.68,9.676,451.68,454.676,2.9960000000000004,,
manual_ground_truth_w0089_c28_i000,manual_ground_truth,89,28,C3,163,960,0.652,3.84,445.652,448.84,3.1879999999999997,,
manual_ground_truth_w0089_c28_i001,manual_ground_truth,89,28,C3,1670,2419,6.68,9.676,451.68,454.676,2.9960000000000004,,
manual_ground_truth_w0089_c29_i000,manual_ground_truth,89,29,C4,163,960,0.652,3.84,445.652,448.84,3.1879999999999997,,
manual_ground_truth_w0089_c29_i001,manual_ground_truth,89,29,C4,1670,2419,6.68,9.676,451.68,454.676,2.9960000000000004,,
manual_ground_truth_w0089_c32_i000,manual_ground_truth,89,32,T7,163,960,0.652,3.84,445.652,448.84,3.1879999999999997,,
manual_ground_truth_w0089_c32_i001,manual_ground_truth,89,32,T7,1670,2419,6.68,9.676,451.68,454.676,2.9960000000000004,,
manual_ground_truth_w0089_c33_i000,manual_ground_truth,89,33,T8,163,960,0.652,3.84,445.652,448.84,3.1879999999999997,,
manual_ground_truth_w0089_c33_i001,manual_ground_truth,89,33,T8,1670,2419,6.68,9.676,451.68,454.676,2.9960000000000004,,
manual_ground_truth_w0089_c42_i000,manual_ground_truth,89,42,Pz,163,960,0.652,3.84,445.652,448.84,3.1879999999999997,,
manual_ground_truth_w0089_c42_i001,manual_ground_truth,89,42,Pz,1670,2419,6.68,9.676,451.68,454.676,2.9960000000000004,,
manual_ground_truth_w0089_c43_i000,manual_ground_truth,89,43,P3,163,960,0.652,3.84,445.652,448.84,3.1879999999999997,,
manual_ground_truth_w0089_c43_i001,manual_ground_truth,89,43,P3,1670,2419,6.68,9.676,451.68,454.676,2.9960000000000004,,
manual_ground_truth_w0089_c44_i000,manual_ground_truth,89,44,P4,163,960,0.652,3.84,445.652,448.84,3.1879999999999997,,
manual_ground_truth_w0089_c44_i001,manual_ground_truth,89,44,P4,1670,2419,6.68,9.676,451.68,454.676,2.9960000000000004,,
manual_ground_truth_w0089_c47_i000,manual_ground_truth,89,47,P7,163,960,0.652,3.84,445.652,448.84,3.1879999999999997,,
manual_ground_truth_w0089_c47_i001,manual_ground_truth,89,47,P7,1670,2419,6.68,9.676,451.68,454.676,2.9960000000000004,,
manual_ground_truth_w0089_c48_i000,manual_ground_truth,89,48,P8,163,960,0.652,3.84,445.652,448.84,3.1879999999999997,,
manual_ground_truth_w0089_c48_i001,manual_ground_truth,89,48,P8,1670,2419,6.68,9.676,451.68,454.676,2.9960000000000004,,
manual_ground_truth_w0089_c57_i000,manual_ground_truth,89,57,O1,163,960,0.652,3.84,445.652,448.84,3.1879999999999997,,
manual_ground_truth_w0089_c57_i001,manual_ground_truth,89,57,O1,1670,2419,6.68,9.676,451.68,454.676,2.9960000000000004,,
manual_ground_truth_w0089_c58_i000,manual_ground_truth,89,58,O2,163,960,0.652,3.84,445.652,448.84,3.1879999999999997,,
manual_ground_truth_w0089_c58_i001,manual_ground_truth,89,58,O2,1670,2419,6.68,9.676,451.68,454.676,2.9960000000000004,,
manual_ground_truth_w0090_c01_i000,manual_ground_truth,90,1,Fp1,420,1169,1.68,4.676,451.68,454.676,2.9960000000000004,,
manual_ground_truth_w0090_c01_i001,manual_ground_truth,90,1,Fp1,1951,2500,7.804,10.0,457.804,460.0,2.1959999999999997,,
manual_ground_truth_w0090_c02_i000,manual_ground_truth,90,2,Fp2,420,1169,1.68,4.676,451.68,454.676,2.9960000000000004,,
manual_ground_truth_w0090_c02_i001,manual_ground_truth,90,2,Fp2,1951,2500,7.804,10.0,457.804,460.0,2.1959999999999997,,
manual_ground_truth_w0090_c07_i000,manual_ground_truth,90,7,Fz,420,1169,1.68,4.676,451.68,454.676,2.9960000000000004,,
manual_ground_truth_w0090_c07_i001,manual_ground_truth,90,7,Fz,1951,2500,7.804,10.0,457.804,460.0,2.1959999999999997,,
manual_ground_truth_w0090_c11_i000,manual_ground_truth,90,11,F4,420,1169,1.68,4.676,451.68,454.676,2.9960000000000004,,
manual_ground_truth_w0090_c11_i001,manual_ground_truth,90,11,F4,1951,2500,7.804,10.0,457.804,460.0,2.1959999999999997,,
manual_ground_truth_w0090_c14_i000,manual_ground_truth,90,14,F7,420,1169,1.68,4.676,451.68,454.676,2.9960000000000004,,
manual_ground_truth_w0090_c14_i001,manual_ground_truth,90,14,F7,1951,2500,7.804,10.0,457.804,460.0,2.1959999999999997,,
manual_ground_truth_w0090_c15_i000,manual_ground_truth,90,15,F8,420,1169,1.68,4.676,451.68,454.676,2.9960000000000004,,
manual_ground_truth_w0090_c15_i001,manual_ground_truth,90,15,F8,1951,2500,7.804,10.0,457.804,460.0,2.1959999999999997,,
manual_ground_truth_w0090_c25_i000,manual_ground_truth,90,25,Cz,420,1169,1.68,4.676,451.68,454.676,2.9960000000000004,,
manual_ground_truth_w0090_c25_i001,manual_ground_truth,90,25,Cz,1951,2500,7.804,10.0,457.804,460.0,2.1959999999999997,,
manual_ground_truth_w0090_c28_i000,manual_ground_truth,90,28,C3,420,1169,1.68,4.676,451.68,454.676,2.9960000000000004,,
manual_ground_truth_w0090_c28_i001,manual_ground_truth,90,28,C3,1951,2500,7.804,10.0,457.804,460.0,2.1959999999999997,,
manual_ground_truth_w0090_c29_i000,manual_ground_truth,90,29,C4,420,1169,1.68,4.676,451.68,454.676,2.9960000000000004,,
manual_ground_truth_w0090_c29_i001,manual_ground_truth,90,29,C4,1951,2500,7.804,10.0,457.804,460.0,2.1959999999999997,,
manual_ground_truth_w0090_c32_i000,manual_ground_truth,90,32,T7,420,1169,1.68,4.676,451.68,454.676,2.9960000000000004,,
manual_ground_truth_w0090_c32_i001,manual_ground_truth,90,32,T7,1951,2500,7.804,10.0,457.804,460.0,2.1959999999999997,,
manual_ground_truth_w0090_c33_i000,manual_ground_truth,90,33,T8,420,1169,1.68,4.676,451.68,454.676,2.9960000000000004,,
manual_ground_truth_w0090_c33_i001,manual_ground_truth,90,33,T8,1951,2500,7.804,10.0,457.804,460.0,2.1959999999999997,,
manual_ground_truth_w0090_c42_i000,manual_ground_truth,90,42,Pz,420,1169,1.68,4.676,451.68,454.676,2.9960000000000004,,
manual_ground_truth_w0090_c42_i001,manual_ground_truth,90,42,Pz,1951,2500,7.804,10.0,457.804,460.0,2.1959999999999997,,
manual_ground_truth_w0090_c43_i000,manual_ground_truth,90,43,P3,420,1169,1.68,4.676,451.68,454.676,2.9960000000000004,,
manual_ground_truth_w0090_c43_i001,manual_ground_truth,90,43,P3,1951,2500,7.804,10.0,457.804,460.0,2.1959999999999997,,
manual_ground_truth_w0090_c44_i000,manual_ground_truth,90,44,P4,420,1169,1.68,4.676,451.68,454.676,2.9960000000000004,,
manual_ground_truth_w0090_c44_i001,manual_ground_truth,90,44,P4,1951,2500,7.804,10.0,457.804,460.0,2.1959999999999997,,
manual_ground_truth_w0090_c47_i000,manual_ground_truth,90,47,P7,420,1169,1.68,4.676,451.68,454.676,2.9960000000000004,,
manual_ground_truth_w0090_c47_i001,manual_ground_truth,90,47,P7,1951,2500,7.804,10.0,457.804,460.0,2.1959999999999997,,
manual_ground_truth_w0090_c48_i000,manual_ground_truth,90,48,P8,420,1169,1.68,4.676,451.68,454.676,2.9960000000000004,,
manual_ground_truth_w0090_c48_i001,manual_ground_truth,90,48,P8,1951,2500,7.804,10.0,457.804,460.0,2.1959999999999997,,
manual_ground_truth_w0090_c57_i000,manual_ground_truth,90,57,O1,420,1169,1.68,4.676,451.68,454.676,2.9960000000000004,,
manual_ground_truth_w0090_c57_i001,manual_ground_truth,90,57,O1,1951,2500,7.804,10.0,457.804,460.0,2.1959999999999997,,
manual_ground_truth_w0090_c58_i000,manual_ground_truth,90,58,O2,420,1169,1.68,4.676,451.68,454.676,2.9960000000000004,,
manual_ground_truth_w0090_c58_i001,manual_ground_truth,90,58,O2,1951,2500,7.804,10.0,457.804,460.0,2.1959999999999997,,
manual_ground_truth_w0091_c01_i000,manual_ground_truth,91,1,Fp1,701,1474,2.804,5.896,457.804,460.896,3.092,,
manual_ground_truth_w0091_c01_i001,manual_ground_truth,91,1,Fp1,2076,2500,8.304,10.0,463.304,465.0,1.6959999999999997,,
manual_ground_truth_w0091_c02_i000,manual_ground_truth,91,2,Fp2,701,1474,2.804,5.896,457.804,460.896,3.092,,
manual_ground_truth_w0091_c02_i001,manual_ground_truth,91,2,Fp2,2076,2500,8.304,10.0,463.304,465.0,1.6959999999999997,,
manual_ground_truth_w0091_c07_i000,manual_ground_truth,91,7,Fz,701,1474,2.804,5.896,457.804,460.896,3.092,,
manual_ground_truth_w0091_c07_i001,manual_ground_truth,91,7,Fz,2076,2500,8.304,10.0,463.304,465.0,1.6959999999999997,,
manual_ground_truth_w0091_c11_i000,manual_ground_truth,91,11,F4,701,1474,2.804,5.896,457.804,460.896,3.092,,
manual_ground_truth_w0091_c11_i001,manual_ground_truth,91,11,F4,2076,2500,8.304,10.0,463.304,465.0,1.6959999999999997,,
manual_ground_truth_w0091_c14_i000,manual_ground_truth,91,14,F7,701,1474,2.804,5.896,457.804,460.896,3.092,,
manual_ground_truth_w0091_c14_i001,manual_ground_truth,91,14,F7,2076,2500,8.304,10.0,463.304,465.0,1.6959999999999997,,
manual_ground_truth_w0091_c15_i000,manual_ground_truth,91,15,F8,701,1474,2.804,5.896,457.804,460.896,3.092,,
manual_ground_truth_w0091_c15_i001,manual_ground_truth,91,15,F8,2076,2500,8.304,10.0,463.304,465.0,1.6959999999999997,,
manual_ground_truth_w0091_c25_i000,manual_ground_truth,91,25,Cz,701,1474,2.804,5.896,457.804,460.896,3.092,,
manual_ground_truth_w0091_c25_i001,manual_ground_truth,91,25,Cz,2076,2500,8.304,10.0,463.304,465.0,1.6959999999999997,,
manual_ground_truth_w0091_c28_i000,manual_ground_truth,91,28,C3,701,1474,2.804,5.896,457.804,460.896,3.092,,
manual_ground_truth_w0091_c28_i001,manual_ground_truth,91,28,C3,2076,2500,8.304,10.0,463.304,465.0,1.6959999999999997,,
manual_ground_truth_w0091_c29_i000,manual_ground_truth,91,29,C4,701,1474,2.804,5.896,457.804,460.896,3.092,,
manual_ground_truth_w0091_c29_i001,manual_ground_truth,91,29,C4,2076,2500,8.304,10.0,463.304,465.0,1.6959999999999997,,
manual_ground_truth_w0091_c32_i000,manual_ground_truth,91,32,T7,701,1474,2.804,5.896,457.804,460.896,3.092,,
manual_ground_truth_w0091_c32_i001,manual_ground_truth,91,32,T7,2076,2500,8.304,10.0,463.304,465.0,1.6959999999999997,,
manual_ground_truth_w0091_c33_i000,manual_ground_truth,91,33,T8,701,1474,2.804,5.896,457.804,460.896,3.092,,
manual_ground_truth_w0091_c33_i001,manual_ground_truth,91,33,T8,2076,2500,8.304,10.0,463.304,465.0,1.6959999999999997,,
manual_ground_truth_w0091_c42_i000,manual_ground_truth,91,42,Pz,701,1474,2.804,5.896,457.804,460.896,3.092,,
manual_ground_truth_w0091_c42_i001,manual_ground_truth,91,42,Pz,2076,2500,8.304,10.0,463.304,465.0,1.6959999999999997,,
manual_ground_truth_w0091_c43_i000,manual_ground_truth,91,43,P3,701,1474,2.804,5.896,457.804,460.896,3.092,,
manual_ground_truth_w0091_c43_i001,manual_ground_truth,91,43,P3,2076,2500,8.304,10.0,463.304,465.0,1.6959999999999997,,
manual_ground_truth_w0091_c44_i000,manual_ground_truth,91,44,P4,701,1474,2.804,5.896,457.804,460.896,3.092,,
manual_ground_truth_w0091_c44_i001,manual_ground_truth,91,44,P4,2076,2500,8.304,10.0,463.304,465.0,1.6959999999999997,,
manual_ground_truth_w0091_c47_i000,manual_ground_truth,91,47,P7,701,1474,2.804,5.896,457.804,460.896,3.092,,
manual_ground_truth_w0091_c47_i001,manual_ground_truth,91,47,P7,2076,2500,8.304,10.0,463.304,465.0,1.6959999999999997,,
manual_ground_truth_w0091_c48_i000,manual_ground_truth,91,48,P8,701,1474,2.804,5.896,457.804,460.896,3.092,,
manual_ground_truth_w0091_c48_i001,manual_ground_truth,91,48,P8,2076,2500,8.304,10.0,463.304,465.0,1.6959999999999997,,
manual_ground_truth_w0091_c57_i000,manual_ground_truth,91,57,O1,701,1474,2.804,5.896,457.804,460.896,3.092,,
manual_ground_truth_w0091_c57_i001,manual_ground_truth,91,57,O1,2076,2500,8.304,10.0,463.304,465.0,1.6959999999999997,,
manual_ground_truth_w0091_c58_i000,manual_ground_truth,91,58,O2,701,1474,2.804,5.896,457.804,460.896,3.092,,
manual_ground_truth_w0091_c58_i001,manual_ground_truth,91,58,O2,2076,2500,8.304,10.0,463.304,465.0,1.6959999999999997,,
manual_ground_truth_w0092_c01_i000,manual_ground_truth,92,1,Fp1,0,224,0.0,0.896,460.0,460.896,0.896,,
manual_ground_truth_w0092_c01_i001,manual_ground_truth,92,1,Fp1,826,1792,3.304,7.168,463.304,467.168,3.8640000000000003,,
manual_ground_truth_w0092_c01_i002,manual_ground_truth,92,1,Fp1,2406,2500,9.624,10.0,469.624,470.0,0.37599999999999945,,
manual_ground_truth_w0092_c02_i000,manual_ground_truth,92,2,Fp2,0,224,0.0,0.896,460.0,460.896,0.896,,
manual_ground_truth_w0092_c02_i001,manual_ground_truth,92,2,Fp2,826,1792,3.304,7.168,463.304,467.168,3.8640000000000003,,
manual_ground_truth_w0092_c02_i002,manual_ground_truth,92,2,Fp2,2406,2500,9.624,10.0,469.624,470.0,0.37599999999999945,,
manual_ground_truth_w0092_c07_i000,manual_ground_truth,92,7,Fz,0,224,0.0,0.896,460.0,460.896,0.896,,
manual_ground_truth_w0092_c07_i001,manual_ground_truth,92,7,Fz,826,1792,3.304,7.168,463.304,467.168,3.8640000000000003,,
manual_ground_truth_w0092_c07_i002,manual_ground_truth,92,7,Fz,2406,2500,9.624,10.0,469.624,470.0,0.37599999999999945,,
manual_ground_truth_w0092_c11_i000,manual_ground_truth,92,11,F4,0,224,0.0,0.896,460.0,460.896,0.896,,
manual_ground_truth_w0092_c11_i001,manual_ground_truth,92,11,F4,826,1792,3.304,7.168,463.304,467.168,3.8640000000000003,,
manual_ground_truth_w0092_c11_i002,manual_ground_truth,92,11,F4,2406,2500,9.624,10.0,469.624,470.0,0.37599999999999945,,
manual_ground_truth_w0092_c14_i000,manual_ground_truth,92,14,F7,0,224,0.0,0.896,460.0,460.896,0.896,,
manual_ground_truth_w0092_c14_i001,manual_ground_truth,92,14,F7,826,1792,3.304,7.168,463.304,467.168,3.8640000000000003,,
manual_ground_truth_w0092_c14_i002,manual_ground_truth,92,14,F7,2406,2500,9.624,10.0,469.624,470.0,0.37599999999999945,,
manual_ground_truth_w0092_c15_i000,manual_ground_truth,92,15,F8,0,224,0.0,0.896,460.0,460.896,0.896,,
manual_ground_truth_w0092_c15_i001,manual_ground_truth,92,15,F8,826,1792,3.304,7.168,463.304,467.168,3.8640000000000003,,
manual_ground_truth_w0092_c15_i002,manual_ground_truth,92,15,F8,2406,2500,9.624,10.0,469.624,470.0,0.37599999999999945,,
manual_ground_truth_w0092_c25_i000,manual_ground_truth,92,25,Cz,0,224,0.0,0.896,460.0,460.896,0.896,,
manual_ground_truth_w0092_c25_i001,manual_ground_truth,92,25,Cz,826,1792,3.304,7.168,463.304,467.168,3.8640000000000003,,
manual_ground_truth_w0092_c25_i002,manual_ground_truth,92,25,Cz,2406,2500,9.624,10.0,469.624,470.0,0.37599999999999945,,
manual_ground_truth_w0092_c28_i000,manual_ground_truth,92,28,C3,0,224,0.0,0.896,460.0,460.896,0.896,,
manual_ground_truth_w0092_c28_i001,manual_ground_truth,92,28,C3,826,1792,3.304,7.168,463.304,467.168,3.8640000000000003,,
manual_ground_truth_w0092_c28_i002,manual_ground_truth,92,28,C3,2406,2500,9.624,10.0,469.624,470.0,0.37599999999999945,,
manual_ground_truth_w0092_c29_i000,manual_ground_truth,92,29,C4,0,224,0.0,0.896,460.0,460.896,0.896,,
manual_ground_truth_w0092_c29_i001,manual_ground_truth,92,29,C4,826,1792,3.304,7.168,463.304,467.168,3.8640000000000003,,
manual_ground_truth_w0092_c29_i002,manual_ground_truth,92,29,C4,2406,2500,9.624,10.0,469.624,470.0,0.37599999999999945,,
manual_ground_truth_w0092_c32_i000,manual_ground_truth,92,32,T7,0,224,0.0,0.896,460.0,460.896,0.896,,
manual_ground_truth_w0092_c32_i001,manual_ground_truth,92,32,T7,826,1792,3.304,7.168,463.304,467.168,3.8640000000000003,,
manual_ground_truth_w0092_c32_i002,manual_ground_truth,92,32,T7,2406,2500,9.624,10.0,469.624,470.0,0.37599999999999945,,
manual_ground_truth_w0092_c33_i000,manual_ground_truth,92,33,T8,0,224,0.0,0.896,460.0,460.896,0.896,,
manual_ground_truth_w0092_c33_i001,manual_ground_truth,92,33,T8,826,1792,3.304,7.168,463.304,467.168,3.8640000000000003,,
manual_ground_truth_w0092_c33_i002,manual_ground_truth,92,33,T8,2406,2500,9.624,10.0,469.624,470.0,0.37599999999999945,,
manual_ground_truth_w0092_c42_i000,manual_ground_truth,92,42,Pz,0,224,0.0,0.896,460.0,460.896,0.896,,
manual_ground_truth_w0092_c42_i001,manual_ground_truth,92,42,Pz,826,1792,3.304,7.168,463.304,467.168,3.8640000000000003,,
manual_ground_truth_w0092_c42_i002,manual_ground_truth,92,42,Pz,2406,2500,9.624,10.0,469.624,470.0,0.37599999999999945,,
manual_ground_truth_w0092_c43_i000,manual_ground_truth,92,43,P3,0,224,0.0,0.896,460.0,460.896,0.896,,
manual_ground_truth_w0092_c43_i001,manual_ground_truth,92,43,P3,826,1792,3.304,7.168,463.304,467.168,3.8640000000000003,,
manual_ground_truth_w0092_c43_i002,manual_ground_truth,92,43,P3,2406,2500,9.624,10.0,469.624,470.0,0.37599999999999945,,
manual_ground_truth_w0092_c44_i000,manual_ground_truth,92,44,P4,0,224,0.0,0.896,460.0,460.896,0.896,,
manual_ground_truth_w0092_c44_i001,manual_ground_truth,92,44,P4,826,1792,3.304,7.168,463.304,467.168,3.8640000000000003,,
manual_ground_truth_w0092_c44_i002,manual_ground_truth,92,44,P4,2406,2500,9.624,10.0,469.624,470.0,0.37599999999999945,,
manual_ground_truth_w0092_c47_i000,manual_ground_truth,92,47,P7,0,224,0.0,0.896,460.0,460.896,0.896,,
manual_ground_truth_w0092_c47_i001,manual_ground_truth,92,47,P7,826,1792,3.304,7.168,463.304,467.168,3.8640000000000003,,
manual_ground_truth_w0092_c47_i002,manual_ground_truth,92,47,P7,2406,2500,9.624,10.0,469.624,470.0,0.37599999999999945,,
manual_ground_truth_w0092_c48_i000,manual_ground_truth,92,48,P8,0,224,0.0,0.896,460.0,460.896,0.896,,
manual_ground_truth_w0092_c48_i001,manual_ground_truth,92,48,P8,826,1792,3.304,7.168,463.304,467.168,3.8640000000000003,,
manual_ground_truth_w0092_c48_i002,manual_ground_truth,92,48,P8,2406,2500,9.624,10.0,469.624,470.0,0.37599999999999945,,
manual_ground_truth_w0092_c57_i000,manual_ground_truth,92,57,O1,0,224,0.0,0.896,460.0,460.896,0.896,,
manual_ground_truth_w0092_c57_i001,manual_ground_truth,92,57,O1,826,1792,3.304,7.168,463.304,467.168,3.8640000000000003,,
manual_ground_truth_w0092_c57_i002,manual_ground_truth,92,57,O1,2406,2500,9.624,10.0,469.624,470.0,0.37599999999999945,,
manual_ground_truth_w0092_c58_i000,manual_ground_truth,92,58,O2,0,224,0.0,0.896,460.0,460.896,0.896,,
manual_ground_truth_w0092_c58_i001,manual_ground_truth,92,58,O2,826,1792,3.304,7.168,463.304,467.168,3.8640000000000003,,
manual_ground_truth_w0092_c58_i002,manual_ground_truth,92,58,O2,2406,2500,9.624,10.0,469.624,470.0,0.37599999999999945,,
manual_ground_truth_w0093_c01_i000,manual_ground_truth,93,1,Fp1,0,542,0.0,2.168,465.0,467.168,2.168,,
manual_ground_truth_w0093_c01_i001,manual_ground_truth,93,1,Fp1,1156,1976,4.624,7.904,469.624,472.904,3.2800000000000002,,
manual_ground_truth_w0093_c02_i000,manual_ground_truth,93,2,Fp2,0,542,0.0,2.168,465.0,467.168,2.168,,
manual_ground_truth_w0093_c02_i001,manual_ground_truth,93,2,Fp2,1156,1976,4.624,7.904,469.624,472.904,3.2800000000000002,,
manual_ground_truth_w0093_c07_i000,manual_ground_truth,93,7,Fz,0,542,0.0,2.168,465.0,467.168,2.168,,
manual_ground_truth_w0093_c07_i001,manual_ground_truth,93,7,Fz,1156,1976,4.624,7.904,469.624,472.904,3.2800000000000002,,
manual_ground_truth_w0093_c11_i000,manual_ground_truth,93,11,F4,0,542,0.0,2.168,465.0,467.168,2.168,,
manual_ground_truth_w0093_c11_i001,manual_ground_truth,93,11,F4,1156,1976,4.624,7.904,469.624,472.904,3.2800000000000002,,
manual_ground_truth_w0093_c14_i000,manual_ground_truth,93,14,F7,0,542,0.0,2.168,465.0,467.168,2.168,,
manual_ground_truth_w0093_c14_i001,manual_ground_truth,93,14,F7,1156,1976,4.624,7.904,469.624,472.904,3.2800000000000002,,
manual_ground_truth_w0093_c15_i000,manual_ground_truth,93,15,F8,0,542,0.0,2.168,465.0,467.168,2.168,,
manual_ground_truth_w0093_c15_i001,manual_ground_truth,93,15,F8,1156,1976,4.624,7.904,469.624,472.904,3.2800000000000002,,
manual_ground_truth_w0093_c25_i000,manual_ground_truth,93,25,Cz,0,542,0.0,2.168,465.0,467.168,2.168,,
manual_ground_truth_w0093_c25_i001,manual_ground_truth,93,25,Cz,1156,1976,4.624,7.904,469.624,472.904,3.2800000000000002,,
manual_ground_truth_w0093_c28_i000,manual_ground_truth,93,28,C3,0,542,0.0,2.168,465.0,467.168,2.168,,
manual_ground_truth_w0093_c28_i001,manual_ground_truth,93,28,C3,1156,1976,4.624,7.904,469.624,472.904,3.2800000000000002,,
manual_ground_truth_w0093_c29_i000,manual_ground_truth,93,29,C4,0,542,0.0,2.168,465.0,467.168,2.168,,
manual_ground_truth_w0093_c29_i001,manual_ground_truth,93,29,C4,1156,1976,4.624,7.904,469.624,472.904,3.2800000000000002,,
manual_ground_truth_w0093_c32_i000,manual_ground_truth,93,32,T7,0,542,0.0,2.168,465.0,467.168,2.168,,
manual_ground_truth_w0093_c32_i001,manual_ground_truth,93,32,T7,1156,1976,4.624,7.904,469.624,472.904,3.2800000000000002,,
manual_ground_truth_w0093_c33_i000,manual_ground_truth,93,33,T8,0,542,0.0,2.168,465.0,467.168,2.168,,
manual_ground_truth_w0093_c33_i001,manual_ground_truth,93,33,T8,1156,1976,4.624,7.904,469.624,472.904,3.2800000000000002,,
manual_ground_truth_w0093_c42_i000,manual_ground_truth,93,42,Pz,0,542,0.0,2.168,465.0,467.168,2.168,,
manual_ground_truth_w0093_c42_i001,manual_ground_truth,93,42,Pz,1156,1976,4.624,7.904,469.624,472.904,3.2800000000000002,,
manual_ground_truth_w0093_c43_i000,manual_ground_truth,93,43,P3,0,542,0.0,2.168,465.0,467.168,2.168,,
manual_ground_truth_w0093_c43_i001,manual_ground_truth,93,43,P3,1156,1976,4.624,7.904,469.624,472.904,3.2800000000000002,,
manual_ground_truth_w0093_c44_i000,manual_ground_truth,93,44,P4,0,542,0.0,2.168,465.0,467.168,2.168,,
manual_ground_truth_w0093_c44_i001,manual_ground_truth,93,44,P4,1156,1976,4.624,7.904,469.624,472.904,3.2800000000000002,,
manual_ground_truth_w0093_c47_i000,manual_ground_truth,93,47,P7,0,542,0.0,2.168,465.0,467.168,2.168,,
manual_ground_truth_w0093_c47_i001,manual_ground_truth,93,47,P7,1156,1976,4.624,7.904,469.624,472.904,3.2800000000000002,,
manual_ground_truth_w0093_c48_i000,manual_ground_truth,93,48,P8,0,542,0.0,2.168,465.0,467.168,2.168,,
manual_ground_truth_w0093_c48_i001,manual_ground_truth,93,48,P8,1156,1976,4.624,7.904,469.624,472.904,3.2800000000000002,,
manual_ground_truth_w0093_c57_i000,manual_ground_truth,93,57,O1,0,542,0.0,2.168,465.0,467.168,2.168,,
manual_ground_truth_w0093_c57_i001,manual_ground_truth,93,57,O1,1156,1976,4.624,7.904,469.624,472.904,3.2800000000000002,,
manual_ground_truth_w0093_c58_i000,manual_ground_truth,93,58,O2,0,542,0.0,2.168,465.0,467.168,2.168,,
manual_ground_truth_w0093_c58_i001,manual_ground_truth,93,58,O2,1156,1976,4.624,7.904,469.624,472.904,3.2800000000000002,,
manual_ground_truth_w0094_c01_i000,manual_ground_truth,94,1,Fp1,0,726,0.0,2.904,470.0,472.904,2.904,,
manual_ground_truth_w0094_c01_i001,manual_ground_truth,94,1,Fp1,1377,2234,5.508,8.936,475.508,478.936,3.428,,
manual_ground_truth_w0094_c02_i000,manual_ground_truth,94,2,Fp2,0,726,0.0,2.904,470.0,472.904,2.904,,
manual_ground_truth_w0094_c02_i001,manual_ground_truth,94,2,Fp2,1377,2234,5.508,8.936,475.508,478.936,3.428,,
manual_ground_truth_w0094_c07_i000,manual_ground_truth,94,7,Fz,0,726,0.0,2.904,470.0,472.904,2.904,,
manual_ground_truth_w0094_c07_i001,manual_ground_truth,94,7,Fz,1377,2234,5.508,8.936,475.508,478.936,3.428,,
manual_ground_truth_w0094_c11_i000,manual_ground_truth,94,11,F4,0,726,0.0,2.904,470.0,472.904,2.904,,
manual_ground_truth_w0094_c11_i001,manual_ground_truth,94,11,F4,1377,2234,5.508,8.936,475.508,478.936,3.428,,
manual_ground_truth_w0094_c14_i000,manual_ground_truth,94,14,F7,0,726,0.0,2.904,470.0,472.904,2.904,,
manual_ground_truth_w0094_c14_i001,manual_ground_truth,94,14,F7,1377,2234,5.508,8.936,475.508,478.936,3.428,,
manual_ground_truth_w0094_c15_i000,manual_ground_truth,94,15,F8,0,726,0.0,2.904,470.0,472.904,2.904,,
manual_ground_truth_w0094_c15_i001,manual_ground_truth,94,15,F8,1377,2234,5.508,8.936,475.508,478.936,3.428,,
manual_ground_truth_w0094_c25_i000,manual_ground_truth,94,25,Cz,0,726,0.0,2.904,470.0,472.904,2.904,,
manual_ground_truth_w0094_c25_i001,manual_ground_truth,94,25,Cz,1377,2234,5.508,8.936,475.508,478.936,3.428,,
manual_ground_truth_w0094_c28_i000,manual_ground_truth,94,28,C3,0,726,0.0,2.904,470.0,472.904,2.904,,
manual_ground_truth_w0094_c28_i001,manual_ground_truth,94,28,C3,1377,2234,5.508,8.936,475.508,478.936,3.428,,
manual_ground_truth_w0094_c29_i000,manual_ground_truth,94,29,C4,0,726,0.0,2.904,470.0,472.904,2.904,,
manual_ground_truth_w0094_c29_i001,manual_ground_truth,94,29,C4,1377,2234,5.508,8.936,475.508,478.936,3.428,,
manual_ground_truth_w0094_c32_i000,manual_ground_truth,94,32,T7,0,726,0.0,2.904,470.0,472.904,2.904,,
manual_ground_truth_w0094_c32_i001,manual_ground_truth,94,32,T7,1377,2234,5.508,8.936,475.508,478.936,3.428,,
manual_ground_truth_w0094_c33_i000,manual_ground_truth,94,33,T8,0,726,0.0,2.904,470.0,472.904,2.904,,
manual_ground_truth_w0094_c33_i001,manual_ground_truth,94,33,T8,1377,2234,5.508,8.936,475.508,478.936,3.428,,
manual_ground_truth_w0094_c42_i000,manual_ground_truth,94,42,Pz,0,726,0.0,2.904,470.0,472.904,2.904,,
manual_ground_truth_w0094_c42_i001,manual_ground_truth,94,42,Pz,1377,2234,5.508,8.936,475.508,478.936,3.428,,
manual_ground_truth_w0094_c43_i000,manual_ground_truth,94,43,P3,0,726,0.0,2.904,470.0,472.904,2.904,,
manual_ground_truth_w0094_c43_i001,manual_ground_truth,94,43,P3,1377,2234,5.508,8.936,475.508,478.936,3.428,,
manual_ground_truth_w0094_c44_i000,manual_ground_truth,94,44,P4,0,726,0.0,2.904,470.0,472.904,2.904,,
manual_ground_truth_w0094_c44_i001,manual_ground_truth,94,44,P4,1377,2234,5.508,8.936,475.508,478.936,3.428,,
manual_ground_truth_w0094_c47_i000,manual_ground_truth,94,47,P7,0,726,0.0,2.904,470.0,472.904,2.904,,
manual_ground_truth_w0094_c47_i001,manual_ground_truth,94,47,P7,1377,2234,5.508,8.936,475.508,478.936,3.428,,
manual_ground_truth_w0094_c48_i000,manual_ground_truth,94,48,P8,0,726,0.0,2.904,470.0,472.904,2.904,,
manual_ground_truth_w0094_c48_i001,manual_ground_truth,94,48,P8,1377,2234,5.508,8.936,475.508,478.936,3.428,,
manual_ground_truth_w0094_c57_i000,manual_ground_truth,94,57,O1,0,726,0.0,2.904,470.0,472.904,2.904,,
manual_ground_truth_w0094_c57_i001,manual_ground_truth,94,57,O1,1377,2234,5.508,8.936,475.508,478.936,3.428,,
manual_ground_truth_w0094_c58_i000,manual_ground_truth,94,58,O2,0,726,0.0,2.904,470.0,472.904,2.904,,
manual_ground_truth_w0094_c58_i001,manual_ground_truth,94,58,O2,1377,2234,5.508,8.936,475.508,478.936,3.428,,
manual_ground_truth_w0095_c01_i000,manual_ground_truth,95,1,Fp1,127,984,0.508,3.936,475.508,478.936,3.428,,
manual_ground_truth_w0095_c02_i000,manual_ground_truth,95,2,Fp2,127,984,0.508,3.936,475.508,478.936,3.428,,
manual_ground_truth_w0095_c07_i000,manual_ground_truth,95,7,Fz,127,984,0.508,3.936,475.508,478.936,3.428,,
manual_ground_truth_w0095_c11_i000,manual_ground_truth,95,11,F4,127,984,0.508,3.936,475.508,478.936,3.428,,
manual_ground_truth_w0095_c14_i000,manual_ground_truth,95,14,F7,127,984,0.508,3.936,475.508,478.936,3.428,,
manual_ground_truth_w0095_c15_i000,manual_ground_truth,95,15,F8,127,984,0.508,3.936,475.508,478.936,3.428,,
manual_ground_truth_w0095_c25_i000,manual_ground_truth,95,25,Cz,127,984,0.508,3.936,475.508,478.936,3.428,,
manual_ground_truth_w0095_c28_i000,manual_ground_truth,95,28,C3,127,984,0.508,3.936,475.508,478.936,3.428,,
manual_ground_truth_w0095_c29_i000,manual_ground_truth,95,29,C4,127,984,0.508,3.936,475.508,478.936,3.428,,
manual_ground_truth_w0095_c32_i000,manual_ground_truth,95,32,T7,127,984,0.508,3.936,475.508,478.936,3.428,,
manual_ground_truth_w0095_c33_i000,manual_ground_truth,95,33,T8,127,984,0.508,3.936,475.508,478.936,3.428,,
manual_ground_truth_w0095_c42_i000,manual_ground_truth,95,42,Pz,127,984,0.508,3.936,475.508,478.936,3.428,,
manual_ground_truth_w0095_c43_i000,manual_ground_truth,95,43,P3,127,984,0.508,3.936,475.508,478.936,3.428,,
manual_ground_truth_w0095_c44_i000,manual_ground_truth,95,44,P4,127,984,0.508,3.936,475.508,478.936,3.428,,
manual_ground_truth_w0095_c47_i000,manual_ground_truth,95,47,P7,127,984,0.508,3.936,475.508,478.936,3.428,,
manual_ground_truth_w0095_c48_i000,manual_ground_truth,95,48,P8,127,984,0.508,3.936,475.508,478.936,3.428,,
manual_ground_truth_w0095_c57_i000,manual_ground_truth,95,57,O1,127,984,0.508,3.936,475.508,478.936,3.428,,
manual_ground_truth_w0095_c58_i000,manual_ground_truth,95,58,O2,127,984,0.508,3.936,475.508,478.936,3.428,,
manual_ground_truth_w0097_c43_i000,manual_ground_truth,97,43,P3,1286,1456,5.144,5.824,490.144,490.824,0.6799999999999997,,
manual_ground_truth_w0097_c44_i000,manual_ground_truth,97,44,P4,1286,1456,5.144,5.824,490.144,490.824,0.6799999999999997,,
manual_ground_truth_w0097_c47_i000,manual_ground_truth,97,47,P7,1286,1456,5.144,5.824,490.144,490.824,0.6799999999999997,,
manual_ground_truth_w0097_c48_i000,manual_ground_truth,97,48,P8,1286,1456,5.144,5.824,490.144,490.824,0.6799999999999997,,
manual_ground_truth_w0097_c57_i000,manual_ground_truth,97,57,O1,1286,1456,5.144,5.824,490.144,490.824,0.6799999999999997,,
manual_ground_truth_w0097_c58_i000,manual_ground_truth,97,58,O2,1286,1456,5.144,5.824,490.144,490.824,0.6799999999999997,,
manual_ground_truth_w0098_c43_i000,manual_ground_truth,98,43,P3,36,206,0.144,0.824,490.144,490.824,0.6799999999999999,,
manual_ground_truth_w0098_c44_i000,manual_ground_truth,98,44,P4,36,206,0.144,0.824,490.144,490.824,0.6799999999999999,,
manual_ground_truth_w0098_c47_i000,manual_ground_truth,98,47,P7,36,206,0.144,0.824,490.144,490.824,0.6799999999999999,,
manual_ground_truth_w0098_c48_i000,manual_ground_truth,98,48,P8,36,206,0.144,0.824,490.144,490.824,0.6799999999999999,,
manual_ground_truth_w0098_c57_i000,manual_ground_truth,98,57,O1,36,206,0.144,0.824,490.144,490.824,0.6799999999999999,,
manual_ground_truth_w0098_c58_i000,manual_ground_truth,98,58,O2,36,206,0.144,0.824,490.144,490.824,0.6799999999999999,,
manual_ground_truth_w0099_c43_i000,manual_ground_truth,99,43,P3,1800,2006,7.2,8.024,502.2,503.024,0.823999999999999,,
manual_ground_truth_w0099_c44_i000,manual_ground_truth,99,44,P4,1800,2006,7.2,8.024,502.2,503.024,0.823999999999999,,
manual_ground_truth_w0099_c47_i000,manual_ground_truth,99,47,P7,1800,2006,7.2,8.024,502.2,503.024,0.823999999999999,,
manual_ground_truth_w0099_c48_i000,manual_ground_truth,99,48,P8,1800,2006,7.2,8.024,502.2,503.024,0.823999999999999,,
manual_ground_truth_w0099_c57_i000,manual_ground_truth,99,57,O1,1800,2006,7.2,8.024,502.2,503.024,0.823999999999999,,
manual_ground_truth_w0099_c58_i000,manual_ground_truth,99,58,O2,1800,2006,7.2,8.024,502.2,503.024,0.823999999999999,,
manual_ground_truth_w0100_c43_i000,manual_ground_truth,100,43,P3,550,756,2.2,3.024,502.2,503.024,0.8239999999999998,,
manual_ground_truth_w0100_c44_i000,manual_ground_truth,100,44,P4,550,756,2.2,3.024,502.2,503.024,0.8239999999999998,,
manual_ground_truth_w0100_c47_i000,manual_ground_truth,100,47,P7,550,756,2.2,3.024,502.2,503.024,0.8239999999999998,,
manual_ground_truth_w0100_c48_i000,manual_ground_truth,100,48,P8,550,756,2.2,3.024,502.2,503.024,0.8239999999999998,,
manual_ground_truth_w0100_c57_i000,manual_ground_truth,100,57,O1,550,756,2.2,3.024,502.2,503.024,0.8239999999999998,,
manual_ground_truth_w0100_c58_i000,manual_ground_truth,100,58,O2,550,756,2.2,3.024,502.2,503.024,0.8239999999999998,,
manual_ground_truth_w0101_c43_i000,manual_ground_truth,101,43,P3,2327,2497,9.308,9.988,514.308,514.988,0.6799999999999997,,
manual_ground_truth_w0101_c44_i000,manual_ground_truth,101,44,P4,2327,2497,9.308,9.988,514.308,514.988,0.6799999999999997,,
manual_ground_truth_w0101_c47_i000,manual_ground_truth,101,47,P7,2327,2497,9.308,9.988,514.308,514.988,0.6799999999999997,,
manual_ground_truth_w0101_c48_i000,manual_ground_truth,101,48,P8,2327,2497,9.308,9.988,514.308,514.988,0.6799999999999997,,
manual_ground_truth_w0101_c57_i000,manual_ground_truth,101,57,O1,2327,2497,9.308,9.988,514.308,514.988,0.6799999999999997,,
manual_ground_truth_w0101_c58_i000,manual_ground_truth,101,58,O2,2327,2497,9.308,9.988,514.308,514.988,0.6799999999999997,,
manual_ground_truth_w0102_c43_i000,manual_ground_truth,102,43,P3,1077,1247,4.308,4.988,514.308,514.988,0.6800000000000006,,
manual_ground_truth_w0102_c44_i000,manual_ground_truth,102,44,P4,1077,1247,4.308,4.988,514.308,514.988,0.6800000000000006,,
manual_ground_truth_w0102_c47_i000,manual_ground_truth,102,47,P7,1077,1247,4.308,4.988,514.308,514.988,0.6800000000000006,,
manual_ground_truth_w0102_c48_i000,manual_ground_truth,102,48,P8,1077,1247,4.308,4.988,514.308,514.988,0.6800000000000006,,
manual_ground_truth_w0102_c57_i000,manual_ground_truth,102,57,O1,1077,1247,4.308,4.988,514.308,514.988,0.6800000000000006,,
manual_ground_truth_w0102_c58_i000,manual_ground_truth,102,58,O2,1077,1247,4.308,4.988,514.308,514.988,0.6800000000000006,,
manual_ground_truth_w0104_c43_i000,manual_ground_truth,104,43,P3,1628,1797,6.512,7.188,526.512,527.188,0.6760000000000002,,
manual_ground_truth_w0104_c44_i000,manual_ground_truth,104,44,P4,1628,1797,6.512,7.188,526.512,527.188,0.6760000000000002,,
manual_ground_truth_w0104_c47_i000,manual_ground_truth,104,47,P7,1628,1797,6.512,7.188,526.512,527.188,0.6760000000000002,,
manual_ground_truth_w0104_c48_i000,manual_ground_truth,104,48,P8,1628,1797,6.512,7.188,526.512,527.188,0.6760000000000002,,
manual_ground_truth_w0104_c57_i000,manual_ground_truth,104,57,O1,1628,1797,6.512,7.188,526.512,527.188,0.6760000000000002,,
manual_ground_truth_w0104_c58_i000,manual_ground_truth,104,58,O2,1628,1797,6.512,7.188,526.512,527.188,0.6760000000000002,,
manual_ground_truth_w0105_c43_i000,manual_ground_truth,105,43,P3,378,547,1.512,2.188,526.512,527.188,0.6760000000000002,,
manual_ground_truth_w0105_c44_i000,manual_ground_truth,105,44,P4,378,547,1.512,2.188,526.512,527.188,0.6760000000000002,,
manual_ground_truth_w0105_c47_i000,manual_ground_truth,105,47,P7,378,547,1.512,2.188,526.512,527.188,0.6760000000000002,,
manual_ground_truth_w0105_c48_i000,manual_ground_truth,105,48,P8,378,547,1.512,2.188,526.512,527.188,0.6760000000000002,,
manual_ground_truth_w0105_c57_i000,manual_ground_truth,105,57,O1,378,547,1.512,2.188,526.512,527.188,0.6760000000000002,,
manual_ground_truth_w0105_c58_i000,manual_ground_truth,105,58,O2,378,547,1.512,2.188,526.512,527.188,0.6760000000000002,,
manual_ground_truth_w0124_c02_i000,manual_ground_truth,124,2,Fp2,1627,1922,6.508,7.688,626.508,627.688,1.1799999999999997,,
manual_ground_truth_w0124_c02_i001,manual_ground_truth,124,2,Fp2,2194,2415,8.776,9.66,628.776,629.66,0.8840000000000003,,
manual_ground_truth_w0124_c07_i000,manual_ground_truth,124,7,Fz,1627,1922,6.508,7.688,626.508,627.688,1.1799999999999997,,
manual_ground_truth_w0124_c07_i001,manual_ground_truth,124,7,Fz,2194,2415,8.776,9.66,628.776,629.66,0.8840000000000003,,
manual_ground_truth_w0124_c11_i000,manual_ground_truth,124,11,F4,1627,1922,6.508,7.688,626.508,627.688,1.1799999999999997,,
manual_ground_truth_w0124_c11_i001,manual_ground_truth,124,11,F4,2194,2415,8.776,9.66,628.776,629.66,0.8840000000000003,,
manual_ground_truth_w0124_c15_i000,manual_ground_truth,124,15,F8,1627,1922,6.508,7.688,626.508,627.688,1.1799999999999997,,
manual_ground_truth_w0124_c15_i001,manual_ground_truth,124,15,F8,2194,2415,8.776,9.66,628.776,629.66,0.8840000000000003,,
manual_ground_truth_w0124_c29_i000,manual_ground_truth,124,29,C4,1627,1922,6.508,7.688,626.508,627.688,1.1799999999999997,,
manual_ground_truth_w0124_c29_i001,manual_ground_truth,124,29,C4,2194,2415,8.776,9.66,628.776,629.66,0.8840000000000003,,
manual_ground_truth_w0124_c33_i000,manual_ground_truth,124,33,T8,1627,1922,6.508,7.688,626.508,627.688,1.1799999999999997,,
manual_ground_truth_w0124_c33_i001,manual_ground_truth,124,33,T8,2194,2415,8.776,9.66,628.776,629.66,0.8840000000000003,,
manual_ground_truth_w0125_c02_i000,manual_ground_truth,125,2,Fp2,377,672,1.508,2.688,626.508,627.688,1.1800000000000002,,
manual_ground_truth_w0125_c02_i001,manual_ground_truth,125,2,Fp2,944,1165,3.776,4.66,628.776,629.66,0.8840000000000003,,
manual_ground_truth_w0125_c02_i002,manual_ground_truth,125,2,Fp2,1404,1562,5.616,6.248,630.616,631.248,0.6320000000000006,,
manual_ground_truth_w0125_c07_i000,manual_ground_truth,125,7,Fz,377,672,1.508,2.688,626.508,627.688,1.1800000000000002,,
manual_ground_truth_w0125_c07_i001,manual_ground_truth,125,7,Fz,944,1165,3.776,4.66,628.776,629.66,0.8840000000000003,,
manual_ground_truth_w0125_c07_i002,manual_ground_truth,125,7,Fz,1404,1562,5.616,6.248,630.616,631.248,0.6320000000000006,,
manual_ground_truth_w0125_c11_i000,manual_ground_truth,125,11,F4,377,672,1.508,2.688,626.508,627.688,1.1800000000000002,,
manual_ground_truth_w0125_c11_i001,manual_ground_truth,125,11,F4,944,1165,3.776,4.66,628.776,629.66,0.8840000000000003,,
manual_ground_truth_w0125_c11_i002,manual_ground_truth,125,11,F4,1404,1562,5.616,6.248,630.616,631.248,0.6320000000000006,,
manual_ground_truth_w0125_c15_i000,manual_ground_truth,125,15,F8,377,672,1.508,2.688,626.508,627.688,1.1800000000000002,,
manual_ground_truth_w0125_c15_i001,manual_ground_truth,125,15,F8,944,1165,3.776,4.66,628.776,629.66,0.8840000000000003,,
manual_ground_truth_w0125_c15_i002,manual_ground_truth,125,15,F8,1404,1562,5.616,6.248,630.616,631.248,0.6320000000000006,,
manual_ground_truth_w0125_c29_i000,manual_ground_truth,125,29,C4,377,672,1.508,2.688,626.508,627.688,1.1800000000000002,,
manual_ground_truth_w0125_c29_i001,manual_ground_truth,125,29,C4,944,1165,3.776,4.66,628.776,629.66,0.8840000000000003,,
manual_ground_truth_w0125_c29_i002,manual_ground_truth,125,29,C4,1404,1562,5.616,6.248,630.616,631.248,0.6320000000000006,,
manual_ground_truth_w0125_c33_i000,manual_ground_truth,125,33,T8,377,672,1.508,2.688,626.508,627.688,1.1800000000000002,,
manual_ground_truth_w0125_c33_i001,manual_ground_truth,125,33,T8,944,1165,3.776,4.66,628.776,629.66,0.8840000000000003,,
manual_ground_truth_w0125_c33_i002,manual_ground_truth,125,33,T8,1404,1562,5.616,6.248,630.616,631.248,0.6320000000000006,,
manual_ground_truth_w0126_c02_i000,manual_ground_truth,126,2,Fp2,154,312,0.616,1.248,630.616,631.248,0.632,,
manual_ground_truth_w0126_c07_i000,manual_ground_truth,126,7,Fz,154,312,0.616,1.248,630.616,631.248,0.632,,
manual_ground_truth_w0126_c11_i000,manual_ground_truth,126,11,F4,154,312,0.616,1.248,630.616,631.248,0.632,,
manual_ground_truth_w0126_c15_i000,manual_ground_truth,126,15,F8,154,312,0.616,1.248,630.616,631.248,0.632,,
manual_ground_truth_w0126_c29_i000,manual_ground_truth,126,29,C4,154,312,0.616,1.248,630.616,631.248,0.632,,
manual_ground_truth_w0126_c33_i000,manual_ground_truth,126,33,T8,154,312,0.616,1.248,630.616,631.248,0.632,,
manual_ground_truth_w0130_c00_i000,manual_ground_truth,130,0,Fpz,1618,2500,6.472,10.0,656.472,660.0,3.5279999999999996,,
manual_ground_truth_w0130_c01_i000,manual_ground_truth,130,1,Fp1,1618,2500,6.472,10.0,656.472,660.0,3.5279999999999996,,
manual_ground_truth_w0130_c02_i000,manual_ground_truth,130,2,Fp2,1618,2500,6.472,10.0,656.472,660.0,3.5279999999999996,,
manual_ground_truth_w0130_c03_i000,manual_ground_truth,130,3,AF3,1618,2500,6.472,10.0,656.472,660.0,3.5279999999999996,,
manual_ground_truth_w0130_c04_i000,manual_ground_truth,130,4,AF4,1618,2500,6.472,10.0,656.472,660.0,3.5279999999999996,,
manual_ground_truth_w0130_c05_i000,manual_ground_truth,130,5,AF7,1618,2500,6.472,10.0,656.472,660.0,3.5279999999999996,,
manual_ground_truth_w0130_c06_i000,manual_ground_truth,130,6,AF8,1618,2500,6.472,10.0,656.472,660.0,3.5279999999999996,,
manual_ground_truth_w0130_c07_i000,manual_ground_truth,130,7,Fz,1618,2500,6.472,10.0,656.472,660.0,3.5279999999999996,,
manual_ground_truth_w0130_c08_i000,manual_ground_truth,130,8,F1,1618,2500,6.472,10.0,656.472,660.0,3.5279999999999996,,
manual_ground_truth_w0130_c09_i000,manual_ground_truth,130,9,F2,1618,2500,6.472,10.0,656.472,660.0,3.5279999999999996,,
manual_ground_truth_w0130_c10_i000,manual_ground_truth,130,10,F3,1618,2500,6.472,10.0,656.472,660.0,3.5279999999999996,,
manual_ground_truth_w0130_c11_i000,manual_ground_truth,130,11,F4,1618,2500,6.472,10.0,656.472,660.0,3.5279999999999996,,
manual_ground_truth_w0130_c12_i000,manual_ground_truth,130,12,F5,1618,2500,6.472,10.0,656.472,660.0,3.5279999999999996,,
manual_ground_truth_w0130_c13_i000,manual_ground_truth,130,13,F6,1618,2500,6.472,10.0,656.472,660.0,3.5279999999999996,,
manual_ground_truth_w0130_c14_i000,manual_ground_truth,130,14,F7,1618,2500,6.472,10.0,656.472,660.0,3.5279999999999996,,
manual_ground_truth_w0130_c15_i000,manual_ground_truth,130,15,F8,1618,2500,6.472,10.0,656.472,660.0,3.5279999999999996,,
manual_ground_truth_w0130_c16_i000,manual_ground_truth,130,16,FCz,1618,2500,6.472,10.0,656.472,660.0,3.5279999999999996,,
manual_ground_truth_w0130_c17_i000,manual_ground_truth,130,17,FC1,1618,2500,6.472,10.0,656.472,660.0,3.5279999999999996,,
manual_ground_truth_w0130_c18_i000,manual_ground_truth,130,18,FC2,1618,2500,6.472,10.0,656.472,660.0,3.5279999999999996,,
manual_ground_truth_w0130_c19_i000,manual_ground_truth,130,19,FC3,1618,2500,6.472,10.0,656.472,660.0,3.5279999999999996,,
manual_ground_truth_w0130_c20_i000,manual_ground_truth,130,20,FC4,1618,2500,6.472,10.0,656.472,660.0,3.5279999999999996,,
manual_ground_truth_w0130_c21_i000,manual_ground_truth,130,21,FC5,1618,2500,6.472,10.0,656.472,660.0,3.5279999999999996,,
manual_ground_truth_w0130_c22_i000,manual_ground_truth,130,22,FC6,1618,2500,6.472,10.0,656.472,660.0,3.5279999999999996,,
manual_ground_truth_w0130_c23_i000,manual_ground_truth,130,23,FT7,1618,2500,6.472,10.0,656.472,660.0,3.5279999999999996,,
manual_ground_truth_w0130_c24_i000,manual_ground_truth,130,24,FT8,1618,2500,6.472,10.0,656.472,660.0,3.5279999999999996,,
manual_ground_truth_w0130_c25_i000,manual_ground_truth,130,25,Cz,1618,2500,6.472,10.0,656.472,660.0,3.5279999999999996,,
manual_ground_truth_w0130_c26_i000,manual_ground_truth,130,26,C1,1618,2500,6.472,10.0,656.472,660.0,3.5279999999999996,,
manual_ground_truth_w0130_c27_i000,manual_ground_truth,130,27,C2,1618,2500,6.472,10.0,656.472,660.0,3.5279999999999996,,
manual_ground_truth_w0130_c28_i000,manual_ground_truth,130,28,C3,1618,2500,6.472,10.0,656.472,660.0,3.5279999999999996,,
manual_ground_truth_w0130_c29_i000,manual_ground_truth,130,29,C4,1618,2500,6.472,10.0,656.472,660.0,3.5279999999999996,,
manual_ground_truth_w0130_c30_i000,manual_ground_truth,130,30,C5,1618,2500,6.472,10.0,656.472,660.0,3.5279999999999996,,
manual_ground_truth_w0130_c31_i000,manual_ground_truth,130,31,C6,1618,2500,6.472,10.0,656.472,660.0,3.5279999999999996,,
manual_ground_truth_w0130_c32_i000,manual_ground_truth,130,32,T7,1618,2500,6.472,10.0,656.472,660.0,3.5279999999999996,,
manual_ground_truth_w0130_c33_i000,manual_ground_truth,130,33,T8,1618,2500,6.472,10.0,656.472,660.0,3.5279999999999996,,
manual_ground_truth_w0130_c34_i000,manual_ground_truth,130,34,CP1,1618,2500,6.472,10.0,656.472,660.0,3.5279999999999996,,
manual_ground_truth_w0130_c35_i000,manual_ground_truth,130,35,CP2,1618,2500,6.472,10.0,656.472,660.0,3.5279999999999996,,
manual_ground_truth_w0130_c36_i000,manual_ground_truth,130,36,CP3,1618,2500,6.472,10.0,656.472,660.0,3.5279999999999996,,
manual_ground_truth_w0130_c37_i000,manual_ground_truth,130,37,CP4,1618,2500,6.472,10.0,656.472,660.0,3.5279999999999996,,
manual_ground_truth_w0130_c38_i000,manual_ground_truth,130,38,CP5,1618,2500,6.472,10.0,656.472,660.0,3.5279999999999996,,
manual_ground_truth_w0130_c39_i000,manual_ground_truth,130,39,CP6,1618,2500,6.472,10.0,656.472,660.0,3.5279999999999996,,
manual_ground_truth_w0130_c40_i000,manual_ground_truth,130,40,TP7,1618,2500,6.472,10.0,656.472,660.0,3.5279999999999996,,
manual_ground_truth_w0130_c41_i000,manual_ground_truth,130,41,TP8,1618,2500,6.472,10.0,656.472,660.0,3.5279999999999996,,
manual_ground_truth_w0130_c42_i000,manual_ground_truth,130,42,Pz,1618,2500,6.472,10.0,656.472,660.0,3.5279999999999996,,
manual_ground_truth_w0130_c43_i000,manual_ground_truth,130,43,P3,1618,2500,6.472,10.0,656.472,660.0,3.5279999999999996,,
manual_ground_truth_w0130_c44_i000,manual_ground_truth,130,44,P4,1618,2500,6.472,10.0,656.472,660.0,3.5279999999999996,,
manual_ground_truth_w0130_c45_i000,manual_ground_truth,130,45,P5,1618,2500,6.472,10.0,656.472,660.0,3.5279999999999996,,
manual_ground_truth_w0130_c46_i000,manual_ground_truth,130,46,P6,1618,2500,6.472,10.0,656.472,660.0,3.5279999999999996,,
manual_ground_truth_w0130_c47_i000,manual_ground_truth,130,47,P7,1618,2500,6.472,10.0,656.472,660.0,3.5279999999999996,,
manual_ground_truth_w0130_c48_i000,manual_ground_truth,130,48,P8,1618,2500,6.472,10.0,656.472,660.0,3.5279999999999996,,
manual_ground_truth_w0130_c49_i000,manual_ground_truth,130,49,POz,1618,2500,6.472,10.0,656.472,660.0,3.5279999999999996,,
manual_ground_truth_w0130_c50_i000,manual_ground_truth,130,50,PO3,1618,2500,6.472,10.0,656.472,660.0,3.5279999999999996,,
manual_ground_truth_w0130_c51_i000,manual_ground_truth,130,51,PO4,1618,2500,6.472,10.0,656.472,660.0,3.5279999999999996,,
manual_ground_truth_w0130_c52_i000,manual_ground_truth,130,52,PO5,1618,2500,6.472,10.0,656.472,660.0,3.5279999999999996,,
manual_ground_truth_w0130_c53_i000,manual_ground_truth,130,53,PO6,1618,2500,6.472,10.0,656.472,660.0,3.5279999999999996,,
manual_ground_truth_w0130_c54_i000,manual_ground_truth,130,54,PO7,1618,2500,6.472,10.0,656.472,660.0,3.5279999999999996,,
manual_ground_truth_w0130_c55_i000,manual_ground_truth,130,55,PO8,1618,2500,6.472,10.0,656.472,660.0,3.5279999999999996,,
manual_ground_truth_w0130_c56_i000,manual_ground_truth,130,56,Oz,1618,2500,6.472,10.0,656.472,660.0,3.5279999999999996,,
manual_ground_truth_w0130_c57_i000,manual_ground_truth,130,57,O1,1618,2500,6.472,10.0,656.472,660.0,3.5279999999999996,,
manual_ground_truth_w0130_c58_i000,manual_ground_truth,130,58,O2,1618,2500,6.472,10.0,656.472,660.0,3.5279999999999996,,
manual_ground_truth_w0131_c00_i000,manual_ground_truth,131,0,Fpz,368,2500,1.472,10.0,656.472,665.0,8.528,,
manual_ground_truth_w0131_c01_i000,manual_ground_truth,131,1,Fp1,368,2500,1.472,10.0,656.472,665.0,8.528,,
manual_ground_truth_w0131_c02_i000,manual_ground_truth,131,2,Fp2,368,2500,1.472,10.0,656.472,665.0,8.528,,
manual_ground_truth_w0131_c03_i000,manual_ground_truth,131,3,AF3,368,2500,1.472,10.0,656.472,665.0,8.528,,
manual_ground_truth_w0131_c04_i000,manual_ground_truth,131,4,AF4,368,2500,1.472,10.0,656.472,665.0,8.528,,
manual_ground_truth_w0131_c05_i000,manual_ground_truth,131,5,AF7,368,2500,1.472,10.0,656.472,665.0,8.528,,
manual_ground_truth_w0131_c06_i000,manual_ground_truth,131,6,AF8,368,2500,1.472,10.0,656.472,665.0,8.528,,
manual_ground_truth_w0131_c07_i000,manual_ground_truth,131,7,Fz,368,2500,1.472,10.0,656.472,665.0,8.528,,
manual_ground_truth_w0131_c08_i000,manual_ground_truth,131,8,F1,368,2500,1.472,10.0,656.472,665.0,8.528,,
manual_ground_truth_w0131_c09_i000,manual_ground_truth,131,9,F2,368,2500,1.472,10.0,656.472,665.0,8.528,,
manual_ground_truth_w0131_c10_i000,manual_ground_truth,131,10,F3,368,2500,1.472,10.0,656.472,665.0,8.528,,
manual_ground_truth_w0131_c11_i000,manual_ground_truth,131,11,F4,368,2500,1.472,10.0,656.472,665.0,8.528,,
manual_ground_truth_w0131_c12_i000,manual_ground_truth,131,12,F5,368,2500,1.472,10.0,656.472,665.0,8.528,,
manual_ground_truth_w0131_c13_i000,manual_ground_truth,131,13,F6,368,2500,1.472,10.0,656.472,665.0,8.528,,
manual_ground_truth_w0131_c14_i000,manual_ground_truth,131,14,F7,368,2500,1.472,10.0,656.472,665.0,8.528,,
manual_ground_truth_w0131_c15_i000,manual_ground_truth,131,15,F8,368,2500,1.472,10.0,656.472,665.0,8.528,,
manual_ground_truth_w0131_c16_i000,manual_ground_truth,131,16,FCz,368,2500,1.472,10.0,656.472,665.0,8.528,,
manual_ground_truth_w0131_c17_i000,manual_ground_truth,131,17,FC1,368,2500,1.472,10.0,656.472,665.0,8.528,,
manual_ground_truth_w0131_c18_i000,manual_ground_truth,131,18,FC2,368,2500,1.472,10.0,656.472,665.0,8.528,,
manual_ground_truth_w0131_c19_i000,manual_ground_truth,131,19,FC3,368,2500,1.472,10.0,656.472,665.0,8.528,,
manual_ground_truth_w0131_c20_i000,manual_ground_truth,131,20,FC4,368,2500,1.472,10.0,656.472,665.0,8.528,,
manual_ground_truth_w0131_c21_i000,manual_ground_truth,131,21,FC5,368,2500,1.472,10.0,656.472,665.0,8.528,,
manual_ground_truth_w0131_c22_i000,manual_ground_truth,131,22,FC6,368,2500,1.472,10.0,656.472,665.0,8.528,,
manual_ground_truth_w0131_c23_i000,manual_ground_truth,131,23,FT7,368,2500,1.472,10.0,656.472,665.0,8.528,,
manual_ground_truth_w0131_c24_i000,manual_ground_truth,131,24,FT8,368,2500,1.472,10.0,656.472,665.0,8.528,,
manual_ground_truth_w0131_c25_i000,manual_ground_truth,131,25,Cz,368,2500,1.472,10.0,656.472,665.0,8.528,,
manual_ground_truth_w0131_c26_i000,manual_ground_truth,131,26,C1,368,2500,1.472,10.0,656.472,665.0,8.528,,
manual_ground_truth_w0131_c27_i000,manual_ground_truth,131,27,C2,368,2500,1.472,10.0,656.472,665.0,8.528,,
manual_ground_truth_w0131_c28_i000,manual_ground_truth,131,28,C3,368,2500,1.472,10.0,656.472,665.0,8.528,,
manual_ground_truth_w0131_c29_i000,manual_ground_truth,131,29,C4,368,2500,1.472,10.0,656.472,665.0,8.528,,
manual_ground_truth_w0131_c30_i000,manual_ground_truth,131,30,C5,368,2500,1.472,10.0,656.472,665.0,8.528,,
manual_ground_truth_w0131_c31_i000,manual_ground_truth,131,31,C6,368,2500,1.472,10.0,656.472,665.0,8.528,,
manual_ground_truth_w0131_c32_i000,manual_ground_truth,131,32,T7,368,2500,1.472,10.0,656.472,665.0,8.528,,
manual_ground_truth_w0131_c33_i000,manual_ground_truth,131,33,T8,368,2500,1.472,10.0,656.472,665.0,8.528,,
manual_ground_truth_w0131_c34_i000,manual_ground_truth,131,34,CP1,368,2500,1.472,10.0,656.472,665.0,8.528,,
manual_ground_truth_w0131_c35_i000,manual_ground_truth,131,35,CP2,368,2500,1.472,10.0,656.472,665.0,8.528,,
manual_ground_truth_w0131_c36_i000,manual_ground_truth,131,36,CP3,368,2500,1.472,10.0,656.472,665.0,8.528,,
manual_ground_truth_w0131_c37_i000,manual_ground_truth,131,37,CP4,368,2500,1.472,10.0,656.472,665.0,8.528,,
manual_ground_truth_w0131_c38_i000,manual_ground_truth,131,38,CP5,368,2500,1.472,10.0,656.472,665.0,8.528,,
manual_ground_truth_w0131_c39_i000,manual_ground_truth,131,39,CP6,368,2500,1.472,10.0,656.472,665.0,8.528,,
manual_ground_truth_w0131_c40_i000,manual_ground_truth,131,40,TP7,368,2500,1.472,10.0,656.472,665.0,8.528,,
manual_ground_truth_w0131_c41_i000,manual_ground_truth,131,41,TP8,368,2500,1.472,10.0,656.472,665.0,8.528,,
manual_ground_truth_w0131_c42_i000,manual_ground_truth,131,42,Pz,368,2500,1.472,10.0,656.472,665.0,8.528,,
manual_ground_truth_w0131_c43_i000,manual_ground_truth,131,43,P3,368,2500,1.472,10.0,656.472,665.0,8.528,,
manual_ground_truth_w0131_c44_i000,manual_ground_truth,131,44,P4,368,2500,1.472,10.0,656.472,665.0,8.528,,
manual_ground_truth_w0131_c45_i000,manual_ground_truth,131,45,P5,368,2500,1.472,10.0,656.472,665.0,8.528,,
manual_ground_truth_w0131_c46_i000,manual_ground_truth,131,46,P6,368,2500,1.472,10.0,656.472,665.0,8.528,,
manual_ground_truth_w0131_c47_i000,manual_ground_truth,131,47,P7,368,2500,1.472,10.0,656.472,665.0,8.528,,
manual_ground_truth_w0131_c48_i000,manual_ground_truth,131,48,P8,368,2500,1.472,10.0,656.472,665.0,8.528,,
manual_ground_truth_w0131_c49_i000,manual_ground_truth,131,49,POz,368,2500,1.472,10.0,656.472,665.0,8.528,,
manual_ground_truth_w0131_c50_i000,manual_ground_truth,131,50,PO3,368,2500,1.472,10.0,656.472,665.0,8.528,,
manual_ground_truth_w0131_c51_i000,manual_ground_truth,131,51,PO4,368,2500,1.472,10.0,656.472,665.0,8.528,,
manual_ground_truth_w0131_c52_i000,manual_ground_truth,131,52,PO5,368,2500,1.472,10.0,656.472,665.0,8.528,,
manual_ground_truth_w0131_c53_i000,manual_ground_truth,131,53,PO6,368,2500,1.472,10.0,656.472,665.0,8.528,,
manual_ground_truth_w0131_c54_i000,manual_ground_truth,131,54,PO7,368,2500,1.472,10.0,656.472,665.0,8.528,,
manual_ground_truth_w0131_c55_i000,manual_ground_truth,131,55,PO8,368,2500,1.472,10.0,656.472,665.0,8.528,,
manual_ground_truth_w0131_c56_i000,manual_ground_truth,131,56,Oz,368,2500,1.472,10.0,656.472,665.0,8.528,,
manual_ground_truth_w0131_c57_i000,manual_ground_truth,131,57,O1,368,2500,1.472,10.0,656.472,665.0,8.528,,
manual_ground_truth_w0131_c58_i000,manual_ground_truth,131,58,O2,368,2500,1.472,10.0,656.472,665.0,8.528,,
manual_ground_truth_w0132_c00_i000,manual_ground_truth,132,0,Fpz,0,1772,0.0,7.088,660.0,667.088,7.088,,
manual_ground_truth_w0132_c01_i000,manual_ground_truth,132,1,Fp1,0,1772,0.0,7.088,660.0,667.088,7.088,,
manual_ground_truth_w0132_c02_i000,manual_ground_truth,132,2,Fp2,0,1772,0.0,7.088,660.0,667.088,7.088,,
manual_ground_truth_w0132_c03_i000,manual_ground_truth,132,3,AF3,0,1772,0.0,7.088,660.0,667.088,7.088,,
manual_ground_truth_w0132_c04_i000,manual_ground_truth,132,4,AF4,0,1772,0.0,7.088,660.0,667.088,7.088,,
manual_ground_truth_w0132_c05_i000,manual_ground_truth,132,5,AF7,0,1772,0.0,7.088,660.0,667.088,7.088,,
manual_ground_truth_w0132_c06_i000,manual_ground_truth,132,6,AF8,0,1772,0.0,7.088,660.0,667.088,7.088,,
manual_ground_truth_w0132_c07_i000,manual_ground_truth,132,7,Fz,0,1772,0.0,7.088,660.0,667.088,7.088,,
manual_ground_truth_w0132_c08_i000,manual_ground_truth,132,8,F1,0,1772,0.0,7.088,660.0,667.088,7.088,,
manual_ground_truth_w0132_c09_i000,manual_ground_truth,132,9,F2,0,1772,0.0,7.088,660.0,667.088,7.088,,
manual_ground_truth_w0132_c10_i000,manual_ground_truth,132,10,F3,0,1772,0.0,7.088,660.0,667.088,7.088,,
manual_ground_truth_w0132_c11_i000,manual_ground_truth,132,11,F4,0,1772,0.0,7.088,660.0,667.088,7.088,,
manual_ground_truth_w0132_c12_i000,manual_ground_truth,132,12,F5,0,1772,0.0,7.088,660.0,667.088,7.088,,
manual_ground_truth_w0132_c13_i000,manual_ground_truth,132,13,F6,0,1772,0.0,7.088,660.0,667.088,7.088,,
manual_ground_truth_w0132_c14_i000,manual_ground_truth,132,14,F7,0,1772,0.0,7.088,660.0,667.088,7.088,,
manual_ground_truth_w0132_c15_i000,manual_ground_truth,132,15,F8,0,1772,0.0,7.088,660.0,667.088,7.088,,
manual_ground_truth_w0132_c16_i000,manual_ground_truth,132,16,FCz,0,1772,0.0,7.088,660.0,667.088,7.088,,
manual_ground_truth_w0132_c17_i000,manual_ground_truth,132,17,FC1,0,1772,0.0,7.088,660.0,667.088,7.088,,
manual_ground_truth_w0132_c18_i000,manual_ground_truth,132,18,FC2,0,1772,0.0,7.088,660.0,667.088,7.088,,
manual_ground_truth_w0132_c19_i000,manual_ground_truth,132,19,FC3,0,1772,0.0,7.088,660.0,667.088,7.088,,
manual_ground_truth_w0132_c20_i000,manual_ground_truth,132,20,FC4,0,1772,0.0,7.088,660.0,667.088,7.088,,
manual_ground_truth_w0132_c21_i000,manual_ground_truth,132,21,FC5,0,1772,0.0,7.088,660.0,667.088,7.088,,
manual_ground_truth_w0132_c22_i000,manual_ground_truth,132,22,FC6,0,1772,0.0,7.088,660.0,667.088,7.088,,
manual_ground_truth_w0132_c23_i000,manual_ground_truth,132,23,FT7,0,1772,0.0,7.088,660.0,667.088,7.088,,
manual_ground_truth_w0132_c24_i000,manual_ground_truth,132,24,FT8,0,1772,0.0,7.088,660.0,667.088,7.088,,
manual_ground_truth_w0132_c25_i000,manual_ground_truth,132,25,Cz,0,1772,0.0,7.088,660.0,667.088,7.088,,
manual_ground_truth_w0132_c26_i000,manual_ground_truth,132,26,C1,0,1772,0.0,7.088,660.0,667.088,7.088,,
manual_ground_truth_w0132_c27_i000,manual_ground_truth,132,27,C2,0,1772,0.0,7.088,660.0,667.088,7.088,,
manual_ground_truth_w0132_c28_i000,manual_ground_truth,132,28,C3,0,1772,0.0,7.088,660.0,667.088,7.088,,
manual_ground_truth_w0132_c29_i000,manual_ground_truth,132,29,C4,0,1772,0.0,7.088,660.0,667.088,7.088,,
manual_ground_truth_w0132_c30_i000,manual_ground_truth,132,30,C5,0,1772,0.0,7.088,660.0,667.088,7.088,,
manual_ground_truth_w0132_c31_i000,manual_ground_truth,132,31,C6,0,1772,0.0,7.088,660.0,667.088,7.088,,
manual_ground_truth_w0132_c32_i000,manual_ground_truth,132,32,T7,0,1772,0.0,7.088,660.0,667.088,7.088,,
manual_ground_truth_w0132_c33_i000,manual_ground_truth,132,33,T8,0,1772,0.0,7.088,660.0,667.088,7.088,,
manual_ground_truth_w0132_c34_i000,manual_ground_truth,132,34,CP1,0,1772,0.0,7.088,660.0,667.088,7.088,,
manual_ground_truth_w0132_c35_i000,manual_ground_truth,132,35,CP2,0,1772,0.0,7.088,660.0,667.088,7.088,,
manual_ground_truth_w0132_c36_i000,manual_ground_truth,132,36,CP3,0,1772,0.0,7.088,660.0,667.088,7.088,,
manual_ground_truth_w0132_c37_i000,manual_ground_truth,132,37,CP4,0,1772,0.0,7.088,660.0,667.088,7.088,,
manual_ground_truth_w0132_c38_i000,manual_ground_truth,132,38,CP5,0,1772,0.0,7.088,660.0,667.088,7.088,,
manual_ground_truth_w0132_c39_i000,manual_ground_truth,132,39,CP6,0,1772,0.0,7.088,660.0,667.088,7.088,,
manual_ground_truth_w0132_c40_i000,manual_ground_truth,132,40,TP7,0,1772,0.0,7.088,660.0,667.088,7.088,,
manual_ground_truth_w0132_c41_i000,manual_ground_truth,132,41,TP8,0,1772,0.0,7.088,660.0,667.088,7.088,,
manual_ground_truth_w0132_c42_i000,manual_ground_truth,132,42,Pz,0,1772,0.0,7.088,660.0,667.088,7.088,,
manual_ground_truth_w0132_c43_i000,manual_ground_truth,132,43,P3,0,1772,0.0,7.088,660.0,667.088,7.088,,
manual_ground_truth_w0132_c44_i000,manual_ground_truth,132,44,P4,0,1772,0.0,7.088,660.0,667.088,7.088,,
manual_ground_truth_w0132_c45_i000,manual_ground_truth,132,45,P5,0,1772,0.0,7.088,660.0,667.088,7.088,,
manual_ground_truth_w0132_c46_i000,manual_ground_truth,132,46,P6,0,1772,0.0,7.088,660.0,667.088,7.088,,
manual_ground_truth_w0132_c47_i000,manual_ground_truth,132,47,P7,0,1772,0.0,7.088,660.0,667.088,7.088,,
manual_ground_truth_w0132_c48_i000,manual_ground_truth,132,48,P8,0,1772,0.0,7.088,660.0,667.088,7.088,,
manual_ground_truth_w0132_c49_i000,manual_ground_truth,132,49,POz,0,1772,0.0,7.088,660.0,667.088,7.088,,
manual_ground_truth_w0132_c50_i000,manual_ground_truth,132,50,PO3,0,1772,0.0,7.088,660.0,667.088,7.088,,
manual_ground_truth_w0132_c51_i000,manual_ground_truth,132,51,PO4,0,1772,0.0,7.088,660.0,667.088,7.088,,
manual_ground_truth_w0132_c52_i000,manual_ground_truth,132,52,PO5,0,1772,0.0,7.088,660.0,667.088,7.088,,
manual_ground_truth_w0132_c53_i000,manual_ground_truth,132,53,PO6,0,1772,0.0,7.088,660.0,667.088,7.088,,
manual_ground_truth_w0132_c54_i000,manual_ground_truth,132,54,PO7,0,1772,0.0,7.088,660.0,667.088,7.088,,
manual_ground_truth_w0132_c55_i000,manual_ground_truth,132,55,PO8,0,1772,0.0,7.088,660.0,667.088,7.088,,
manual_ground_truth_w0132_c56_i000,manual_ground_truth,132,56,Oz,0,1772,0.0,7.088,660.0,667.088,7.088,,
manual_ground_truth_w0132_c57_i000,manual_ground_truth,132,57,O1,0,1772,0.0,7.088,660.0,667.088,7.088,,
manual_ground_truth_w0132_c58_i000,manual_ground_truth,132,58,O2,0,1772,0.0,7.088,660.0,667.088,7.088,,
manual_ground_truth_w0133_c00_i000,manual_ground_truth,133,0,Fpz,0,522,0.0,2.088,665.0,667.088,2.088,,
manual_ground_truth_w0133_c01_i000,manual_ground_truth,133,1,Fp1,0,522,0.0,2.088,665.0,667.088,2.088,,
manual_ground_truth_w0133_c02_i000,manual_ground_truth,133,2,Fp2,0,522,0.0,2.088,665.0,667.088,2.088,,
manual_ground_truth_w0133_c03_i000,manual_ground_truth,133,3,AF3,0,522,0.0,2.088,665.0,667.088,2.088,,
manual_ground_truth_w0133_c04_i000,manual_ground_truth,133,4,AF4,0,522,0.0,2.088,665.0,667.088,2.088,,
manual_ground_truth_w0133_c05_i000,manual_ground_truth,133,5,AF7,0,522,0.0,2.088,665.0,667.088,2.088,,
manual_ground_truth_w0133_c06_i000,manual_ground_truth,133,6,AF8,0,522,0.0,2.088,665.0,667.088,2.088,,
manual_ground_truth_w0133_c07_i000,manual_ground_truth,133,7,Fz,0,522,0.0,2.088,665.0,667.088,2.088,,
manual_ground_truth_w0133_c08_i000,manual_ground_truth,133,8,F1,0,522,0.0,2.088,665.0,667.088,2.088,,
manual_ground_truth_w0133_c09_i000,manual_ground_truth,133,9,F2,0,522,0.0,2.088,665.0,667.088,2.088,,
manual_ground_truth_w0133_c10_i000,manual_ground_truth,133,10,F3,0,522,0.0,2.088,665.0,667.088,2.088,,
manual_ground_truth_w0133_c11_i000,manual_ground_truth,133,11,F4,0,522,0.0,2.088,665.0,667.088,2.088,,
manual_ground_truth_w0133_c12_i000,manual_ground_truth,133,12,F5,0,522,0.0,2.088,665.0,667.088,2.088,,
manual_ground_truth_w0133_c13_i000,manual_ground_truth,133,13,F6,0,522,0.0,2.088,665.0,667.088,2.088,,
manual_ground_truth_w0133_c14_i000,manual_ground_truth,133,14,F7,0,522,0.0,2.088,665.0,667.088,2.088,,
manual_ground_truth_w0133_c15_i000,manual_ground_truth,133,15,F8,0,522,0.0,2.088,665.0,667.088,2.088,,
manual_ground_truth_w0133_c16_i000,manual_ground_truth,133,16,FCz,0,522,0.0,2.088,665.0,667.088,2.088,,
manual_ground_truth_w0133_c17_i000,manual_ground_truth,133,17,FC1,0,522,0.0,2.088,665.0,667.088,2.088,,
manual_ground_truth_w0133_c18_i000,manual_ground_truth,133,18,FC2,0,522,0.0,2.088,665.0,667.088,2.088,,
manual_ground_truth_w0133_c19_i000,manual_ground_truth,133,19,FC3,0,522,0.0,2.088,665.0,667.088,2.088,,
manual_ground_truth_w0133_c20_i000,manual_ground_truth,133,20,FC4,0,522,0.0,2.088,665.0,667.088,2.088,,
manual_ground_truth_w0133_c21_i000,manual_ground_truth,133,21,FC5,0,522,0.0,2.088,665.0,667.088,2.088,,
manual_ground_truth_w0133_c22_i000,manual_ground_truth,133,22,FC6,0,522,0.0,2.088,665.0,667.088,2.088,,
manual_ground_truth_w0133_c23_i000,manual_ground_truth,133,23,FT7,0,522,0.0,2.088,665.0,667.088,2.088,,
manual_ground_truth_w0133_c24_i000,manual_ground_truth,133,24,FT8,0,522,0.0,2.088,665.0,667.088,2.088,,
manual_ground_truth_w0133_c25_i000,manual_ground_truth,133,25,Cz,0,522,0.0,2.088,665.0,667.088,2.088,,
manual_ground_truth_w0133_c26_i000,manual_ground_truth,133,26,C1,0,522,0.0,2.088,665.0,667.088,2.088,,
manual_ground_truth_w0133_c27_i000,manual_ground_truth,133,27,C2,0,522,0.0,2.088,665.0,667.088,2.088,,
manual_ground_truth_w0133_c28_i000,manual_ground_truth,133,28,C3,0,522,0.0,2.088,665.0,667.088,2.088,,
manual_ground_truth_w0133_c29_i000,manual_ground_truth,133,29,C4,0,522,0.0,2.088,665.0,667.088,2.088,,
manual_ground_truth_w0133_c30_i000,manual_ground_truth,133,30,C5,0,522,0.0,2.088,665.0,667.088,2.088,,
manual_ground_truth_w0133_c31_i000,manual_ground_truth,133,31,C6,0,522,0.0,2.088,665.0,667.088,2.088,,
manual_ground_truth_w0133_c32_i000,manual_ground_truth,133,32,T7,0,522,0.0,2.088,665.0,667.088,2.088,,
manual_ground_truth_w0133_c33_i000,manual_ground_truth,133,33,T8,0,522,0.0,2.088,665.0,667.088,2.088,,
manual_ground_truth_w0133_c34_i000,manual_ground_truth,133,34,CP1,0,522,0.0,2.088,665.0,667.088,2.088,,
manual_ground_truth_w0133_c35_i000,manual_ground_truth,133,35,CP2,0,522,0.0,2.088,665.0,667.088,2.088,,
manual_ground_truth_w0133_c36_i000,manual_ground_truth,133,36,CP3,0,522,0.0,2.088,665.0,667.088,2.088,,
manual_ground_truth_w0133_c37_i000,manual_ground_truth,133,37,CP4,0,522,0.0,2.088,665.0,667.088,2.088,,
manual_ground_truth_w0133_c38_i000,manual_ground_truth,133,38,CP5,0,522,0.0,2.088,665.0,667.088,2.088,,
manual_ground_truth_w0133_c39_i000,manual_ground_truth,133,39,CP6,0,522,0.0,2.088,665.0,667.088,2.088,,
manual_ground_truth_w0133_c40_i000,manual_ground_truth,133,40,TP7,0,522,0.0,2.088,665.0,667.088,2.088,,
manual_ground_truth_w0133_c41_i000,manual_ground_truth,133,41,TP8,0,522,0.0,2.088,665.0,667.088,2.088,,
manual_ground_truth_w0133_c42_i000,manual_ground_truth,133,42,Pz,0,522,0.0,2.088,665.0,667.088,2.088,,
manual_ground_truth_w0133_c43_i000,manual_ground_truth,133,43,P3,0,522,0.0,2.088,665.0,667.088,2.088,,
manual_ground_truth_w0133_c44_i000,manual_ground_truth,133,44,P4,0,522,0.0,2.088,665.0,667.088,2.088,,
manual_ground_truth_w0133_c45_i000,manual_ground_truth,133,45,P5,0,522,0.0,2.088,665.0,667.088,2.088,,
manual_ground_truth_w0133_c46_i000,manual_ground_truth,133,46,P6,0,522,0.0,2.088,665.0,667.088,2.088,,
manual_ground_truth_w0133_c47_i000,manual_ground_truth,133,47,P7,0,522,0.0,2.088,665.0,667.088,2.088,,
manual_ground_truth_w0133_c48_i000,manual_ground_truth,133,48,P8,0,522,0.0,2.088,665.0,667.088,2.088,,
manual_ground_truth_w0133_c49_i000,manual_ground_truth,133,49,POz,0,522,0.0,2.088,665.0,667.088,2.088,,
manual_ground_truth_w0133_c50_i000,manual_ground_truth,133,50,PO3,0,522,0.0,2.088,665.0,667.088,2.088,,
manual_ground_truth_w0133_c51_i000,manual_ground_truth,133,51,PO4,0,522,0.0,2.088,665.0,667.088,2.088,,
manual_ground_truth_w0133_c52_i000,manual_ground_truth,133,52,PO5,0,522,0.0,2.088,665.0,667.088,2.088,,
manual_ground_truth_w0133_c53_i000,manual_ground_truth,133,53,PO6,0,522,0.0,2.088,665.0,667.088,2.088,,
manual_ground_truth_w0133_c54_i000,manual_ground_truth,133,54,PO7,0,522,0.0,2.088,665.0,667.088,2.088,,
manual_ground_truth_w0133_c55_i000,manual_ground_truth,133,55,PO8,0,522,0.0,2.088,665.0,667.088,2.088,,
manual_ground_truth_w0133_c56_i000,manual_ground_truth,133,56,Oz,0,522,0.0,2.088,665.0,667.088,2.088,,
manual_ground_truth_w0133_c57_i000,manual_ground_truth,133,57,O1,0,522,0.0,2.088,665.0,667.088,2.088,,
manual_ground_truth_w0133_c58_i000,manual_ground_truth,133,58,O2,0,522,0.0,2.088,665.0,667.088,2.088,,
manual_ground_truth_w0137_c00_i000,manual_ground_truth,137,0,Fpz,1308,2500,5.232,10.0,690.232,695.0,4.768,,
manual_ground_truth_w0137_c01_i000,manual_ground_truth,137,1,Fp1,1308,2500,5.232,10.0,690.232,695.0,4.768,,
manual_ground_truth_w0137_c02_i000,manual_ground_truth,137,2,Fp2,1308,2500,5.232,10.0,690.232,695.0,4.768,,
manual_ground_truth_w0137_c03_i000,manual_ground_truth,137,3,AF3,1308,2500,5.232,10.0,690.232,695.0,4.768,,
manual_ground_truth_w0137_c04_i000,manual_ground_truth,137,4,AF4,1308,2500,5.232,10.0,690.232,695.0,4.768,,
manual_ground_truth_w0137_c05_i000,manual_ground_truth,137,5,AF7,1308,2500,5.232,10.0,690.232,695.0,4.768,,
manual_ground_truth_w0137_c06_i000,manual_ground_truth,137,6,AF8,1308,2500,5.232,10.0,690.232,695.0,4.768,,
manual_ground_truth_w0137_c07_i000,manual_ground_truth,137,7,Fz,1308,2500,5.232,10.0,690.232,695.0,4.768,,
manual_ground_truth_w0137_c08_i000,manual_ground_truth,137,8,F1,1308,2500,5.232,10.0,690.232,695.0,4.768,,
manual_ground_truth_w0137_c09_i000,manual_ground_truth,137,9,F2,1308,2500,5.232,10.0,690.232,695.0,4.768,,
manual_ground_truth_w0137_c10_i000,manual_ground_truth,137,10,F3,1308,2500,5.232,10.0,690.232,695.0,4.768,,
manual_ground_truth_w0137_c11_i000,manual_ground_truth,137,11,F4,1308,2500,5.232,10.0,690.232,695.0,4.768,,
manual_ground_truth_w0137_c12_i000,manual_ground_truth,137,12,F5,1308,2500,5.232,10.0,690.232,695.0,4.768,,
manual_ground_truth_w0137_c13_i000,manual_ground_truth,137,13,F6,1308,2500,5.232,10.0,690.232,695.0,4.768,,
manual_ground_truth_w0137_c14_i000,manual_ground_truth,137,14,F7,1308,2500,5.232,10.0,690.232,695.0,4.768,,
manual_ground_truth_w0137_c15_i000,manual_ground_truth,137,15,F8,1308,2500,5.232,10.0,690.232,695.0,4.768,,
manual_ground_truth_w0137_c16_i000,manual_ground_truth,137,16,FCz,1308,2500,5.232,10.0,690.232,695.0,4.768,,
manual_ground_truth_w0137_c17_i000,manual_ground_truth,137,17,FC1,1308,2500,5.232,10.0,690.232,695.0,4.768,,
manual_ground_truth_w0137_c18_i000,manual_ground_truth,137,18,FC2,1308,2500,5.232,10.0,690.232,695.0,4.768,,
manual_ground_truth_w0137_c19_i000,manual_ground_truth,137,19,FC3,1308,2500,5.232,10.0,690.232,695.0,4.768,,
manual_ground_truth_w0137_c20_i000,manual_ground_truth,137,20,FC4,1308,2500,5.232,10.0,690.232,695.0,4.768,,
manual_ground_truth_w0137_c21_i000,manual_ground_truth,137,21,FC5,1308,2500,5.232,10.0,690.232,695.0,4.768,,
manual_ground_truth_w0137_c22_i000,manual_ground_truth,137,22,FC6,1308,2500,5.232,10.0,690.232,695.0,4.768,,
manual_ground_truth_w0137_c23_i000,manual_ground_truth,137,23,FT7,1308,2500,5.232,10.0,690.232,695.0,4.768,,
manual_ground_truth_w0137_c24_i000,manual_ground_truth,137,24,FT8,1308,2500,5.232,10.0,690.232,695.0,4.768,,
manual_ground_truth_w0137_c25_i000,manual_ground_truth,137,25,Cz,1308,2500,5.232,10.0,690.232,695.0,4.768,,
manual_ground_truth_w0137_c26_i000,manual_ground_truth,137,26,C1,1308,2500,5.232,10.0,690.232,695.0,4.768,,
manual_ground_truth_w0137_c27_i000,manual_ground_truth,137,27,C2,1308,2500,5.232,10.0,690.232,695.0,4.768,,
manual_ground_truth_w0137_c28_i000,manual_ground_truth,137,28,C3,1308,2500,5.232,10.0,690.232,695.0,4.768,,
manual_ground_truth_w0137_c29_i000,manual_ground_truth,137,29,C4,1308,2500,5.232,10.0,690.232,695.0,4.768,,
manual_ground_truth_w0137_c30_i000,manual_ground_truth,137,30,C5,1308,2500,5.232,10.0,690.232,695.0,4.768,,
manual_ground_truth_w0137_c31_i000,manual_ground_truth,137,31,C6,1308,2500,5.232,10.0,690.232,695.0,4.768,,
manual_ground_truth_w0137_c32_i000,manual_ground_truth,137,32,T7,1308,2500,5.232,10.0,690.232,695.0,4.768,,
manual_ground_truth_w0137_c33_i000,manual_ground_truth,137,33,T8,1308,2500,5.232,10.0,690.232,695.0,4.768,,
manual_ground_truth_w0137_c34_i000,manual_ground_truth,137,34,CP1,1308,2500,5.232,10.0,690.232,695.0,4.768,,
manual_ground_truth_w0137_c35_i000,manual_ground_truth,137,35,CP2,1308,2500,5.232,10.0,690.232,695.0,4.768,,
manual_ground_truth_w0137_c36_i000,manual_ground_truth,137,36,CP3,1308,2500,5.232,10.0,690.232,695.0,4.768,,
manual_ground_truth_w0137_c37_i000,manual_ground_truth,137,37,CP4,1308,2500,5.232,10.0,690.232,695.0,4.768,,
manual_ground_truth_w0137_c38_i000,manual_ground_truth,137,38,CP5,1308,2500,5.232,10.0,690.232,695.0,4.768,,
manual_ground_truth_w0137_c39_i000,manual_ground_truth,137,39,CP6,1308,2500,5.232,10.0,690.232,695.0,4.768,,
manual_ground_truth_w0137_c40_i000,manual_ground_truth,137,40,TP7,1308,2500,5.232,10.0,690.232,695.0,4.768,,
manual_ground_truth_w0137_c41_i000,manual_ground_truth,137,41,TP8,1308,2500,5.232,10.0,690.232,695.0,4.768,,
manual_ground_truth_w0137_c42_i000,manual_ground_truth,137,42,Pz,1308,2500,5.232,10.0,690.232,695.0,4.768,,
manual_ground_truth_w0137_c43_i000,manual_ground_truth,137,43,P3,1308,2500,5.232,10.0,690.232,695.0,4.768,,
manual_ground_truth_w0137_c44_i000,manual_ground_truth,137,44,P4,1308,2500,5.232,10.0,690.232,695.0,4.768,,
manual_ground_truth_w0137_c45_i000,manual_ground_truth,137,45,P5,1308,2500,5.232,10.0,690.232,695.0,4.768,,
manual_ground_truth_w0137_c46_i000,manual_ground_truth,137,46,P6,1308,2500,5.232,10.0,690.232,695.0,4.768,,
manual_ground_truth_w0137_c47_i000,manual_ground_truth,137,47,P7,1308,2500,5.232,10.0,690.232,695.0,4.768,,
manual_ground_truth_w0137_c48_i000,manual_ground_truth,137,48,P8,1308,2500,5.232,10.0,690.232,695.0,4.768,,
manual_ground_truth_w0137_c49_i000,manual_ground_truth,137,49,POz,1308,2500,5.232,10.0,690.232,695.0,4.768,,
manual_ground_truth_w0137_c50_i000,manual_ground_truth,137,50,PO3,1308,2500,5.232,10.0,690.232,695.0,4.768,,
manual_ground_truth_w0137_c51_i000,manual_ground_truth,137,51,PO4,1308,2500,5.232,10.0,690.232,695.0,4.768,,
manual_ground_truth_w0137_c52_i000,manual_ground_truth,137,52,PO5,1308,2500,5.232,10.0,690.232,695.0,4.768,,
manual_ground_truth_w0137_c53_i000,manual_ground_truth,137,53,PO6,1308,2500,5.232,10.0,690.232,695.0,4.768,,
manual_ground_truth_w0137_c54_i000,manual_ground_truth,137,54,PO7,1308,2500,5.232,10.0,690.232,695.0,4.768,,
manual_ground_truth_w0137_c55_i000,manual_ground_truth,137,55,PO8,1308,2500,5.232,10.0,690.232,695.0,4.768,,
manual_ground_truth_w0137_c56_i000,manual_ground_truth,137,56,Oz,1308,2500,5.232,10.0,690.232,695.0,4.768,,
manual_ground_truth_w0137_c57_i000,manual_ground_truth,137,57,O1,1308,2500,5.232,10.0,690.232,695.0,4.768,,
manual_ground_truth_w0137_c58_i000,manual_ground_truth,137,58,O2,1308,2500,5.232,10.0,690.232,695.0,4.768,,
manual_ground_truth_w0138_c00_i000,manual_ground_truth,138,0,Fpz,58,2471,0.232,9.884,690.232,699.884,9.652000000000001,,
manual_ground_truth_w0138_c01_i000,manual_ground_truth,138,1,Fp1,58,2471,0.232,9.884,690.232,699.884,9.652000000000001,,
manual_ground_truth_w0138_c02_i000,manual_ground_truth,138,2,Fp2,58,2471,0.232,9.884,690.232,699.884,9.652000000000001,,
manual_ground_truth_w0138_c03_i000,manual_ground_truth,138,3,AF3,58,2471,0.232,9.884,690.232,699.884,9.652000000000001,,
manual_ground_truth_w0138_c04_i000,manual_ground_truth,138,4,AF4,58,2471,0.232,9.884,690.232,699.884,9.652000000000001,,
manual_ground_truth_w0138_c05_i000,manual_ground_truth,138,5,AF7,58,2471,0.232,9.884,690.232,699.884,9.652000000000001,,
manual_ground_truth_w0138_c06_i000,manual_ground_truth,138,6,AF8,58,2471,0.232,9.884,690.232,699.884,9.652000000000001,,
manual_ground_truth_w0138_c07_i000,manual_ground_truth,138,7,Fz,58,2471,0.232,9.884,690.232,699.884,9.652000000000001,,
manual_ground_truth_w0138_c08_i000,manual_ground_truth,138,8,F1,58,2471,0.232,9.884,690.232,699.884,9.652000000000001,,
manual_ground_truth_w0138_c09_i000,manual_ground_truth,138,9,F2,58,2471,0.232,9.884,690.232,699.884,9.652000000000001,,
manual_ground_truth_w0138_c10_i000,manual_ground_truth,138,10,F3,58,2471,0.232,9.884,690.232,699.884,9.652000000000001,,
manual_ground_truth_w0138_c11_i000,manual_ground_truth,138,11,F4,58,2471,0.232,9.884,690.232,699.884,9.652000000000001,,
manual_ground_truth_w0138_c12_i000,manual_ground_truth,138,12,F5,58,2471,0.232,9.884,690.232,699.884,9.652000000000001,,
manual_ground_truth_w0138_c13_i000,manual_ground_truth,138,13,F6,58,2471,0.232,9.884,690.232,699.884,9.652000000000001,,
manual_ground_truth_w0138_c14_i000,manual_ground_truth,138,14,F7,58,2471,0.232,9.884,690.232,699.884,9.652000000000001,,
manual_ground_truth_w0138_c15_i000,manual_ground_truth,138,15,F8,58,2471,0.232,9.884,690.232,699.884,9.652000000000001,,
manual_ground_truth_w0138_c16_i000,manual_ground_truth,138,16,FCz,58,2471,0.232,9.884,690.232,699.884,9.652000000000001,,
manual_ground_truth_w0138_c17_i000,manual_ground_truth,138,17,FC1,58,2471,0.232,9.884,690.232,699.884,9.652000000000001,,
manual_ground_truth_w0138_c18_i000,manual_ground_truth,138,18,FC2,58,2471,0.232,9.884,690.232,699.884,9.652000000000001,,
manual_ground_truth_w0138_c19_i000,manual_ground_truth,138,19,FC3,58,2471,0.232,9.884,690.232,699.884,9.652000000000001,,
manual_ground_truth_w0138_c20_i000,manual_ground_truth,138,20,FC4,58,2471,0.232,9.884,690.232,699.884,9.652000000000001,,
manual_ground_truth_w0138_c21_i000,manual_ground_truth,138,21,FC5,58,2471,0.232,9.884,690.232,699.884,9.652000000000001,,
manual_ground_truth_w0138_c22_i000,manual_ground_truth,138,22,FC6,58,2471,0.232,9.884,690.232,699.884,9.652000000000001,,
manual_ground_truth_w0138_c23_i000,manual_ground_truth,138,23,FT7,58,2471,0.232,9.884,690.232,699.884,9.652000000000001,,
manual_ground_truth_w0138_c24_i000,manual_ground_truth,138,24,FT8,58,2471,0.232,9.884,690.232,699.884,9.652000000000001,,
manual_ground_truth_w0138_c25_i000,manual_ground_truth,138,25,Cz,58,2471,0.232,9.884,690.232,699.884,9.652000000000001,,
manual_ground_truth_w0138_c26_i000,manual_ground_truth,138,26,C1,58,2471,0.232,9.884,690.232,699.884,9.652000000000001,,
manual_ground_truth_w0138_c27_i000,manual_ground_truth,138,27,C2,58,2471,0.232,9.884,690.232,699.884,9.652000000000001,,
manual_ground_truth_w0138_c28_i000,manual_ground_truth,138,28,C3,58,2471,0.232,9.884,690.232,699.884,9.652000000000001,,
manual_ground_truth_w0138_c29_i000,manual_ground_truth,138,29,C4,58,2471,0.232,9.884,690.232,699.884,9.652000000000001,,
manual_ground_truth_w0138_c30_i000,manual_ground_truth,138,30,C5,58,2471,0.232,9.884,690.232,699.884,9.652000000000001,,
manual_ground_truth_w0138_c31_i000,manual_ground_truth,138,31,C6,58,2471,0.232,9.884,690.232,699.884,9.652000000000001,,
manual_ground_truth_w0138_c32_i000,manual_ground_truth,138,32,T7,58,2471,0.232,9.884,690.232,699.884,9.652000000000001,,
manual_ground_truth_w0138_c33_i000,manual_ground_truth,138,33,T8,58,2471,0.232,9.884,690.232,699.884,9.652000000000001,,
manual_ground_truth_w0138_c34_i000,manual_ground_truth,138,34,CP1,58,2471,0.232,9.884,690.232,699.884,9.652000000000001,,
manual_ground_truth_w0138_c35_i000,manual_ground_truth,138,35,CP2,58,2471,0.232,9.884,690.232,699.884,9.652000000000001,,
manual_ground_truth_w0138_c36_i000,manual_ground_truth,138,36,CP3,58,2471,0.232,9.884,690.232,699.884,9.652000000000001,,
manual_ground_truth_w0138_c37_i000,manual_ground_truth,138,37,CP4,58,2471,0.232,9.884,690.232,699.884,9.652000000000001,,
manual_ground_truth_w0138_c38_i000,manual_ground_truth,138,38,CP5,58,2471,0.232,9.884,690.232,699.884,9.652000000000001,,
manual_ground_truth_w0138_c39_i000,manual_ground_truth,138,39,CP6,58,2471,0.232,9.884,690.232,699.884,9.652000000000001,,
manual_ground_truth_w0138_c40_i000,manual_ground_truth,138,40,TP7,58,2471,0.232,9.884,690.232,699.884,9.652000000000001,,
manual_ground_truth_w0138_c41_i000,manual_ground_truth,138,41,TP8,58,2471,0.232,9.884,690.232,699.884,9.652000000000001,,
manual_ground_truth_w0138_c42_i000,manual_ground_truth,138,42,Pz,58,2471,0.232,9.884,690.232,699.884,9.652000000000001,,
manual_ground_truth_w0138_c43_i000,manual_ground_truth,138,43,P3,58,2471,0.232,9.884,690.232,699.884,9.652000000000001,,
manual_ground_truth_w0138_c44_i000,manual_ground_truth,138,44,P4,58,2471,0.232,9.884,690.232,699.884,9.652000000000001,,
manual_ground_truth_w0138_c45_i000,manual_ground_truth,138,45,P5,58,2471,0.232,9.884,690.232,699.884,9.652000000000001,,
manual_ground_truth_w0138_c46_i000,manual_ground_truth,138,46,P6,58,2471,0.232,9.884,690.232,699.884,9.652000000000001,,
manual_ground_truth_w0138_c47_i000,manual_ground_truth,138,47,P7,58,2471,0.232,9.884,690.232,699.884,9.652000000000001,,
manual_ground_truth_w0138_c48_i000,manual_ground_truth,138,48,P8,58,2471,0.232,9.884,690.232,699.884,9.652000000000001,,
manual_ground_truth_w0138_c49_i000,manual_ground_truth,138,49,POz,58,2471,0.232,9.884,690.232,699.884,9.652000000000001,,
manual_ground_truth_w0138_c50_i000,manual_ground_truth,138,50,PO3,58,2471,0.232,9.884,690.232,699.884,9.652000000000001,,
manual_ground_truth_w0138_c51_i000,manual_ground_truth,138,51,PO4,58,2471,0.232,9.884,690.232,699.884,9.652000000000001,,
manual_ground_truth_w0138_c52_i000,manual_ground_truth,138,52,PO5,58,2471,0.232,9.884,690.232,699.884,9.652000000000001,,
manual_ground_truth_w0138_c53_i000,manual_ground_truth,138,53,PO6,58,2471,0.232,9.884,690.232,699.884,9.652000000000001,,
manual_ground_truth_w0138_c54_i000,manual_ground_truth,138,54,PO7,58,2471,0.232,9.884,690.232,699.884,9.652000000000001,,
manual_ground_truth_w0138_c55_i000,manual_ground_truth,138,55,PO8,58,2471,0.232,9.884,690.232,699.884,9.652000000000001,,
manual_ground_truth_w0138_c56_i000,manual_ground_truth,138,56,Oz,58,2471,0.232,9.884,690.232,699.884,9.652000000000001,,
manual_ground_truth_w0138_c57_i000,manual_ground_truth,138,57,O1,58,2471,0.232,9.884,690.232,699.884,9.652000000000001,,
manual_ground_truth_w0138_c58_i000,manual_ground_truth,138,58,O2,58,2471,0.232,9.884,690.232,699.884,9.652000000000001,,
manual_ground_truth_w0139_c00_i000,manual_ground_truth,139,0,Fpz,0,1221,0.0,4.884,695.0,699.884,4.884,,
manual_ground_truth_w0139_c01_i000,manual_ground_truth,139,1,Fp1,0,1221,0.0,4.884,695.0,699.884,4.884,,
manual_ground_truth_w0139_c02_i000,manual_ground_truth,139,2,Fp2,0,1221,0.0,4.884,695.0,699.884,4.884,,
manual_ground_truth_w0139_c03_i000,manual_ground_truth,139,3,AF3,0,1221,0.0,4.884,695.0,699.884,4.884,,
manual_ground_truth_w0139_c04_i000,manual_ground_truth,139,4,AF4,0,1221,0.0,4.884,695.0,699.884,4.884,,
manual_ground_truth_w0139_c05_i000,manual_ground_truth,139,5,AF7,0,1221,0.0,4.884,695.0,699.884,4.884,,
manual_ground_truth_w0139_c06_i000,manual_ground_truth,139,6,AF8,0,1221,0.0,4.884,695.0,699.884,4.884,,
manual_ground_truth_w0139_c07_i000,manual_ground_truth,139,7,Fz,0,1221,0.0,4.884,695.0,699.884,4.884,,
manual_ground_truth_w0139_c08_i000,manual_ground_truth,139,8,F1,0,1221,0.0,4.884,695.0,699.884,4.884,,
manual_ground_truth_w0139_c09_i000,manual_ground_truth,139,9,F2,0,1221,0.0,4.884,695.0,699.884,4.884,,
manual_ground_truth_w0139_c10_i000,manual_ground_truth,139,10,F3,0,1221,0.0,4.884,695.0,699.884,4.884,,
manual_ground_truth_w0139_c11_i000,manual_ground_truth,139,11,F4,0,1221,0.0,4.884,695.0,699.884,4.884,,
manual_ground_truth_w0139_c12_i000,manual_ground_truth,139,12,F5,0,1221,0.0,4.884,695.0,699.884,4.884,,
manual_ground_truth_w0139_c13_i000,manual_ground_truth,139,13,F6,0,1221,0.0,4.884,695.0,699.884,4.884,,
manual_ground_truth_w0139_c14_i000,manual_ground_truth,139,14,F7,0,1221,0.0,4.884,695.0,699.884,4.884,,
manual_ground_truth_w0139_c15_i000,manual_ground_truth,139,15,F8,0,1221,0.0,4.884,695.0,699.884,4.884,,
manual_ground_truth_w0139_c16_i000,manual_ground_truth,139,16,FCz,0,1221,0.0,4.884,695.0,699.884,4.884,,
manual_ground_truth_w0139_c17_i000,manual_ground_truth,139,17,FC1,0,1221,0.0,4.884,695.0,699.884,4.884,,
manual_ground_truth_w0139_c18_i000,manual_ground_truth,139,18,FC2,0,1221,0.0,4.884,695.0,699.884,4.884,,
manual_ground_truth_w0139_c19_i000,manual_ground_truth,139,19,FC3,0,1221,0.0,4.884,695.0,699.884,4.884,,
manual_ground_truth_w0139_c20_i000,manual_ground_truth,139,20,FC4,0,1221,0.0,4.884,695.0,699.884,4.884,,
manual_ground_truth_w0139_c21_i000,manual_ground_truth,139,21,FC5,0,1221,0.0,4.884,695.0,699.884,4.884,,
manual_ground_truth_w0139_c22_i000,manual_ground_truth,139,22,FC6,0,1221,0.0,4.884,695.0,699.884,4.884,,
manual_ground_truth_w0139_c23_i000,manual_ground_truth,139,23,FT7,0,1221,0.0,4.884,695.0,699.884,4.884,,
manual_ground_truth_w0139_c24_i000,manual_ground_truth,139,24,FT8,0,1221,0.0,4.884,695.0,699.884,4.884,,
manual_ground_truth_w0139_c25_i000,manual_ground_truth,139,25,Cz,0,1221,0.0,4.884,695.0,699.884,4.884,,
manual_ground_truth_w0139_c26_i000,manual_ground_truth,139,26,C1,0,1221,0.0,4.884,695.0,699.884,4.884,,
manual_ground_truth_w0139_c27_i000,manual_ground_truth,139,27,C2,0,1221,0.0,4.884,695.0,699.884,4.884,,
manual_ground_truth_w0139_c28_i000,manual_ground_truth,139,28,C3,0,1221,0.0,4.884,695.0,699.884,4.884,,
manual_ground_truth_w0139_c29_i000,manual_ground_truth,139,29,C4,0,1221,0.0,4.884,695.0,699.884,4.884,,
manual_ground_truth_w0139_c30_i000,manual_ground_truth,139,30,C5,0,1221,0.0,4.884,695.0,699.884,4.884,,
manual_ground_truth_w0139_c31_i000,manual_ground_truth,139,31,C6,0,1221,0.0,4.884,695.0,699.884,4.884,,
manual_ground_truth_w0139_c32_i000,manual_ground_truth,139,32,T7,0,1221,0.0,4.884,695.0,699.884,4.884,,
manual_ground_truth_w0139_c33_i000,manual_ground_truth,139,33,T8,0,1221,0.0,4.884,695.0,699.884,4.884,,
manual_ground_truth_w0139_c34_i000,manual_ground_truth,139,34,CP1,0,1221,0.0,4.884,695.0,699.884,4.884,,
manual_ground_truth_w0139_c35_i000,manual_ground_truth,139,35,CP2,0,1221,0.0,4.884,695.0,699.884,4.884,,
manual_ground_truth_w0139_c36_i000,manual_ground_truth,139,36,CP3,0,1221,0.0,4.884,695.0,699.884,4.884,,
manual_ground_truth_w0139_c37_i000,manual_ground_truth,139,37,CP4,0,1221,0.0,4.884,695.0,699.884,4.884,,
manual_ground_truth_w0139_c38_i000,manual_ground_truth,139,38,CP5,0,1221,0.0,4.884,695.0,699.884,4.884,,
manual_ground_truth_w0139_c39_i000,manual_ground_truth,139,39,CP6,0,1221,0.0,4.884,695.0,699.884,4.884,,
manual_ground_truth_w0139_c40_i000,manual_ground_truth,139,40,TP7,0,1221,0.0,4.884,695.0,699.884,4.884,,
manual_ground_truth_w0139_c41_i000,manual_ground_truth,139,41,TP8,0,1221,0.0,4.884,695.0,699.884,4.884,,
manual_ground_truth_w0139_c42_i000,manual_ground_truth,139,42,Pz,0,1221,0.0,4.884,695.0,699.884,4.884,,
manual_ground_truth_w0139_c43_i000,manual_ground_truth,139,43,P3,0,1221,0.0,4.884,695.0,699.884,4.884,,
manual_ground_truth_w0139_c44_i000,manual_ground_truth,139,44,P4,0,1221,0.0,4.884,695.0,699.884,4.884,,
manual_ground_truth_w0139_c45_i000,manual_ground_truth,139,45,P5,0,1221,0.0,4.884,695.0,699.884,4.884,,
manual_ground_truth_w0139_c46_i000,manual_ground_truth,139,46,P6,0,1221,0.0,4.884,695.0,699.884,4.884,,
manual_ground_truth_w0139_c47_i000,manual_ground_truth,139,47,P7,0,1221,0.0,4.884,695.0,699.884,4.884,,
manual_ground_truth_w0139_c48_i000,manual_ground_truth,139,48,P8,0,1221,0.0,4.884,695.0,699.884,4.884,,
manual_ground_truth_w0139_c49_i000,manual_ground_truth,139,49,POz,0,1221,0.0,4.884,695.0,699.884,4.884,,
manual_ground_truth_w0139_c50_i000,manual_ground_truth,139,50,PO3,0,1221,0.0,4.884,695.0,699.884,4.884,,
manual_ground_truth_w0139_c51_i000,manual_ground_truth,139,51,PO4,0,1221,0.0,4.884,695.0,699.884,4.884,,
manual_ground_truth_w0139_c52_i000,manual_ground_truth,139,52,PO5,0,1221,0.0,4.884,695.0,699.884,4.884,,
manual_ground_truth_w0139_c53_i000,manual_ground_truth,139,53,PO6,0,1221,0.0,4.884,695.0,699.884,4.884,,
manual_ground_truth_w0139_c54_i000,manual_ground_truth,139,54,PO7,0,1221,0.0,4.884,695.0,699.884,4.884,,
manual_ground_truth_w0139_c55_i000,manual_ground_truth,139,55,PO8,0,1221,0.0,4.884,695.0,699.884,4.884,,
manual_ground_truth_w0139_c56_i000,manual_ground_truth,139,56,Oz,0,1221,0.0,4.884,695.0,699.884,4.884,,
manual_ground_truth_w0139_c57_i000,manual_ground_truth,139,57,O1,0,1221,0.0,4.884,695.0,699.884,4.884,,
manual_ground_truth_w0139_c58_i000,manual_ground_truth,139,58,O2,0,1221,0.0,4.884,695.0,699.884,4.884,,
manual_ground_truth_w0152_c01_i000,manual_ground_truth,152,1,Fp1,1426,2500,5.704,10.0,765.704,770.0,4.296,,
manual_ground_truth_w0152_c02_i000,manual_ground_truth,152,2,Fp2,1426,2500,5.704,10.0,765.704,770.0,4.296,,
manual_ground_truth_w0152_c07_i000,manual_ground_truth,152,7,Fz,1426,2500,5.704,10.0,765.704,770.0,4.296,,
manual_ground_truth_w0152_c10_i000,manual_ground_truth,152,10,F3,1426,2500,5.704,10.0,765.704,770.0,4.296,,
manual_ground_truth_w0152_c11_i000,manual_ground_truth,152,11,F4,1426,2500,5.704,10.0,765.704,770.0,4.296,,
manual_ground_truth_w0152_c14_i000,manual_ground_truth,152,14,F7,1426,2500,5.704,10.0,765.704,770.0,4.296,,
manual_ground_truth_w0152_c15_i000,manual_ground_truth,152,15,F8,1426,2500,5.704,10.0,765.704,770.0,4.296,,
manual_ground_truth_w0152_c28_i000,manual_ground_truth,152,28,C3,1426,2500,5.704,10.0,765.704,770.0,4.296,,
manual_ground_truth_w0152_c29_i000,manual_ground_truth,152,29,C4,1426,2500,5.704,10.0,765.704,770.0,4.296,,
manual_ground_truth_w0152_c32_i000,manual_ground_truth,152,32,T7,1426,2500,5.704,10.0,765.704,770.0,4.296,,
manual_ground_truth_w0152_c47_i000,manual_ground_truth,152,47,P7,1426,2500,5.704,10.0,765.704,770.0,4.296,,
manual_ground_truth_w0153_c01_i000,manual_ground_truth,153,1,Fp1,176,2323,0.704,9.292,765.704,774.292,8.588,,
manual_ground_truth_w0153_c02_i000,manual_ground_truth,153,2,Fp2,176,2323,0.704,9.292,765.704,774.292,8.588,,
manual_ground_truth_w0153_c07_i000,manual_ground_truth,153,7,Fz,176,2323,0.704,9.292,765.704,774.292,8.588,,
manual_ground_truth_w0153_c10_i000,manual_ground_truth,153,10,F3,176,2323,0.704,9.292,765.704,774.292,8.588,,
manual_ground_truth_w0153_c11_i000,manual_ground_truth,153,11,F4,176,2323,0.704,9.292,765.704,774.292,8.588,,
manual_ground_truth_w0153_c14_i000,manual_ground_truth,153,14,F7,176,2323,0.704,9.292,765.704,774.292,8.588,,
manual_ground_truth_w0153_c15_i000,manual_ground_truth,153,15,F8,176,2323,0.704,9.292,765.704,774.292,8.588,,
manual_ground_truth_w0153_c28_i000,manual_ground_truth,153,28,C3,176,2323,0.704,9.292,765.704,774.292,8.588,,
manual_ground_truth_w0153_c29_i000,manual_ground_truth,153,29,C4,176,2323,0.704,9.292,765.704,774.292,8.588,,
manual_ground_truth_w0153_c32_i000,manual_ground_truth,153,32,T7,176,2323,0.704,9.292,765.704,774.292,8.588,,
manual_ground_truth_w0153_c47_i000,manual_ground_truth,153,47,P7,176,2323,0.704,9.292,765.704,774.292,8.588,,
manual_ground_truth_w0154_c01_i000,manual_ground_truth,154,1,Fp1,0,1073,0.0,4.292,770.0,774.292,4.292,,
manual_ground_truth_w0154_c02_i000,manual_ground_truth,154,2,Fp2,0,1073,0.0,4.292,770.0,774.292,4.292,,
manual_ground_truth_w0154_c07_i000,manual_ground_truth,154,7,Fz,0,1073,0.0,4.292,770.0,774.292,4.292,,
manual_ground_truth_w0154_c10_i000,manual_ground_truth,154,10,F3,0,1073,0.0,4.292,770.0,774.292,4.292,,
manual_ground_truth_w0154_c11_i000,manual_ground_truth,154,11,F4,0,1073,0.0,4.292,770.0,774.292,4.292,,
manual_ground_truth_w0154_c14_i000,manual_ground_truth,154,14,F7,0,1073,0.0,4.292,770.0,774.292,4.292,,
manual_ground_truth_w0154_c15_i000,manual_ground_truth,154,15,F8,0,1073,0.0,4.292,770.0,774.292,4.292,,
manual_ground_truth_w0154_c28_i000,manual_ground_truth,154,28,C3,0,1073,0.0,4.292,770.0,774.292,4.292,,
manual_ground_truth_w0154_c29_i000,manual_ground_truth,154,29,C4,0,1073,0.0,4.292,770.0,774.292,4.292,,
manual_ground_truth_w0154_c32_i000,manual_ground_truth,154,32,T7,0,1073,0.0,4.292,770.0,774.292,4.292,,
manual_ground_truth_w0154_c47_i000,manual_ground_truth,154,47,P7,0,1073,0.0,4.292,770.0,774.292,4.292,,
manual_ground_truth_w0158_c01_i000,manual_ground_truth,158,1,Fp1,1438,2500,5.752,10.0,795.752,800.0,4.248,,
manual_ground_truth_w0158_c02_i000,manual_ground_truth,158,2,Fp2,1438,2500,5.752,10.0,795.752,800.0,4.248,,
manual_ground_truth_w0158_c07_i000,manual_ground_truth,158,7,Fz,1438,2500,5.752,10.0,795.752,800.0,4.248,,
manual_ground_truth_w0158_c10_i000,manual_ground_truth,158,10,F3,1438,2500,5.752,10.0,795.752,800.0,4.248,,
manual_ground_truth_w0158_c11_i000,manual_ground_truth,158,11,F4,1438,2500,5.752,10.0,795.752,800.0,4.248,,
manual_ground_truth_w0158_c14_i000,manual_ground_truth,158,14,F7,1438,2500,5.752,10.0,795.752,800.0,4.248,,
manual_ground_truth_w0158_c15_i000,manual_ground_truth,158,15,F8,1438,2500,5.752,10.0,795.752,800.0,4.248,,
manual_ground_truth_w0158_c28_i000,manual_ground_truth,158,28,C3,1438,2500,5.752,10.0,795.752,800.0,4.248,,
manual_ground_truth_w0158_c29_i000,manual_ground_truth,158,29,C4,1438,2500,5.752,10.0,795.752,800.0,4.248,,
manual_ground_truth_w0158_c32_i000,manual_ground_truth,158,32,T7,1438,2500,5.752,10.0,795.752,800.0,4.248,,
manual_ground_truth_w0158_c47_i000,manual_ground_truth,158,47,P7,1438,2500,5.752,10.0,795.752,800.0,4.248,,
manual_ground_truth_w0159_c01_i000,manual_ground_truth,159,1,Fp1,188,2408,0.752,9.632,795.752,804.632,8.879999999999999,,
manual_ground_truth_w0159_c02_i000,manual_ground_truth,159,2,Fp2,188,2408,0.752,9.632,795.752,804.632,8.879999999999999,,
manual_ground_truth_w0159_c07_i000,manual_ground_truth,159,7,Fz,188,2408,0.752,9.632,795.752,804.632,8.879999999999999,,
manual_ground_truth_w0159_c10_i000,manual_ground_truth,159,10,F3,188,2408,0.752,9.632,795.752,804.632,8.879999999999999,,
manual_ground_truth_w0159_c11_i000,manual_ground_truth,159,11,F4,188,2408,0.752,9.632,795.752,804.632,8.879999999999999,,
manual_ground_truth_w0159_c14_i000,manual_ground_truth,159,14,F7,188,2408,0.752,9.632,795.752,804.632,8.879999999999999,,
manual_ground_truth_w0159_c15_i000,manual_ground_truth,159,15,F8,188,2408,0.752,9.632,795.752,804.632,8.879999999999999,,
manual_ground_truth_w0159_c28_i000,manual_ground_truth,159,28,C3,188,2408,0.752,9.632,795.752,804.632,8.879999999999999,,
manual_ground_truth_w0159_c29_i000,manual_ground_truth,159,29,C4,188,2408,0.752,9.632,795.752,804.632,8.879999999999999,,
manual_ground_truth_w0159_c32_i000,manual_ground_truth,159,32,T7,188,2408,0.752,9.632,795.752,804.632,8.879999999999999,,
manual_ground_truth_w0159_c47_i000,manual_ground_truth,159,47,P7,188,2408,0.752,9.632,795.752,804.632,8.879999999999999,,
manual_ground_truth_w0160_c01_i000,manual_ground_truth,160,1,Fp1,0,1158,0.0,4.632,800.0,804.632,4.632,,
manual_ground_truth_w0160_c02_i000,manual_ground_truth,160,2,Fp2,0,1158,0.0,4.632,800.0,804.632,4.632,,
manual_ground_truth_w0160_c07_i000,manual_ground_truth,160,7,Fz,0,1158,0.0,4.632,800.0,804.632,4.632,,
manual_ground_truth_w0160_c10_i000,manual_ground_truth,160,10,F3,0,1158,0.0,4.632,800.0,804.632,4.632,,
manual_ground_truth_w0160_c11_i000,manual_ground_truth,160,11,F4,0,1158,0.0,4.632,800.0,804.632,4.632,,
manual_ground_truth_w0160_c14_i000,manual_ground_truth,160,14,F7,0,1158,0.0,4.632,800.0,804.632,4.632,,
manual_ground_truth_w0160_c15_i000,manual_ground_truth,160,15,F8,0,1158,0.0,4.632,800.0,804.632,4.632,,
manual_ground_truth_w0160_c28_i000,manual_ground_truth,160,28,C3,0,1158,0.0,4.632,800.0,804.632,4.632,,
manual_ground_truth_w0160_c29_i000,manual_ground_truth,160,29,C4,0,1158,0.0,4.632,800.0,804.632,4.632,,
manual_ground_truth_w0160_c32_i000,manual_ground_truth,160,32,T7,0,1158,0.0,4.632,800.0,804.632,4.632,,
manual_ground_truth_w0160_c47_i000,manual_ground_truth,160,47,P7,0,1158,0.0,4.632,800.0,804.632,4.632,,
manual_ground_truth_w0163_c01_i000,manual_ground_truth,163,1,Fp1,1515,2500,6.06,10.0,821.06,825.0,3.9400000000000004,,
manual_ground_truth_w0163_c02_i000,manual_ground_truth,163,2,Fp2,1515,2500,6.06,10.0,821.06,825.0,3.9400000000000004,,
manual_ground_truth_w0163_c14_i000,manual_ground_truth,163,14,F7,1515,2500,6.06,10.0,821.06,825.0,3.9400000000000004,,
manual_ground_truth_w0163_c15_i000,manual_ground_truth,163,15,F8,1515,2500,6.06,10.0,821.06,825.0,3.9400000000000004,,
manual_ground_truth_w0163_c32_i000,manual_ground_truth,163,32,T7,1515,2500,6.06,10.0,821.06,825.0,3.9400000000000004,,
manual_ground_truth_w0163_c33_i000,manual_ground_truth,163,33,T8,1515,2500,6.06,10.0,821.06,825.0,3.9400000000000004,,
manual_ground_truth_w0164_c01_i000,manual_ground_truth,164,1,Fp1,265,1303,1.06,5.212,821.06,825.212,4.151999999999999,,
manual_ground_truth_w0164_c01_i001,manual_ground_truth,164,1,Fp1,1640,2500,6.56,10.0,826.56,830.0,3.4400000000000004,,
manual_ground_truth_w0164_c02_i000,manual_ground_truth,164,2,Fp2,265,1303,1.06,5.212,821.06,825.212,4.151999999999999,,
manual_ground_truth_w0164_c02_i001,manual_ground_truth,164,2,Fp2,1640,2500,6.56,10.0,826.56,830.0,3.4400000000000004,,
manual_ground_truth_w0164_c14_i000,manual_ground_truth,164,14,F7,265,1303,1.06,5.212,821.06,825.212,4.151999999999999,,
manual_ground_truth_w0164_c14_i001,manual_ground_truth,164,14,F7,1640,2500,6.56,10.0,826.56,830.0,3.4400000000000004,,
manual_ground_truth_w0164_c15_i000,manual_ground_truth,164,15,F8,265,1303,1.06,5.212,821.06,825.212,4.151999999999999,,
manual_ground_truth_w0164_c15_i001,manual_ground_truth,164,15,F8,1640,2500,6.56,10.0,826.56,830.0,3.4400000000000004,,
manual_ground_truth_w0164_c32_i000,manual_ground_truth,164,32,T7,265,1303,1.06,5.212,821.06,825.212,4.151999999999999,,
manual_ground_truth_w0164_c32_i001,manual_ground_truth,164,32,T7,1640,2500,6.56,10.0,826.56,830.0,3.4400000000000004,,
manual_ground_truth_w0164_c33_i000,manual_ground_truth,164,33,T8,265,1303,1.06,5.212,821.06,825.212,4.151999999999999,,
manual_ground_truth_w0164_c33_i001,manual_ground_truth,164,33,T8,1640,2500,6.56,10.0,826.56,830.0,3.4400000000000004,,
manual_ground_truth_w0165_c01_i000,manual_ground_truth,165,1,Fp1,0,53,0.0,0.212,825.0,825.212,0.212,,
manual_ground_truth_w0165_c01_i001,manual_ground_truth,165,1,Fp1,390,1428,1.56,5.712,826.56,830.712,4.151999999999999,,
manual_ground_truth_w0165_c01_i002,manual_ground_truth,165,1,Fp1,1813,2500,7.252,10.0,832.252,835.0,2.748,,
manual_ground_truth_w0165_c02_i000,manual_ground_truth,165,2,Fp2,0,53,0.0,0.212,825.0,825.212,0.212,,
manual_ground_truth_w0165_c02_i001,manual_ground_truth,165,2,Fp2,390,1428,1.56,5.712,826.56,830.712,4.151999999999999,,
manual_ground_truth_w0165_c02_i002,manual_ground_truth,165,2,Fp2,1813,2500,7.252,10.0,832.252,835.0,2.748,,
manual_ground_truth_w0165_c14_i000,manual_ground_truth,165,14,F7,0,53,0.0,0.212,825.0,825.212,0.212,,
manual_ground_truth_w0165_c14_i001,manual_ground_truth,165,14,F7,390,1428,1.56,5.712,826.56,830.712,4.151999999999999,,
manual_ground_truth_w0165_c14_i002,manual_ground_truth,165,14,F7,1813,2500,7.252,10.0,832.252,835.0,2.748,,
manual_ground_truth_w0165_c15_i000,manual_ground_truth,165,15,F8,0,53,0.0,0.212,825.0,825.212,0.212,,
manual_ground_truth_w0165_c15_i001,manual_ground_truth,165,15,F8,390,1428,1.56,5.712,826.56,830.712,4.151999999999999,,
manual_ground_truth_w0165_c15_i002,manual_ground_truth,165,15,F8,1813,2500,7.252,10.0,832.252,835.0,2.748,,
manual_ground_truth_w0165_c32_i000,manual_ground_truth,165,32,T7,0,53,0.0,0.212,825.0,825.212,0.212,,
manual_ground_truth_w0165_c32_i001,manual_ground_truth,165,32,T7,390,1428,1.56,5.712,826.56,830.712,4.151999999999999,,
manual_ground_truth_w0165_c32_i002,manual_ground_truth,165,32,T7,1813,2500,7.252,10.0,832.252,835.0,2.748,,
manual_ground_truth_w0165_c33_i000,manual_ground_truth,165,33,T8,0,53,0.0,0.212,825.0,825.212,0.212,,
manual_ground_truth_w0165_c33_i001,manual_ground_truth,165,33,T8,390,1428,1.56,5.712,826.56,830.712,4.151999999999999,,
manual_ground_truth_w0165_c33_i002,manual_ground_truth,165,33,T8,1813,2500,7.252,10.0,832.252,835.0,2.748,,
manual_ground_truth_w0166_c01_i000,manual_ground_truth,166,1,Fp1,0,178,0.0,0.712,830.0,830.712,0.712,,
manual_ground_truth_w0166_c01_i001,manual_ground_truth,166,1,Fp1,563,1564,2.252,6.256,832.252,836.256,4.0040000000000004,,
manual_ground_truth_w0166_c01_i002,manual_ground_truth,166,1,Fp1,2094,2500,8.376,10.0,838.376,840.0,1.6240000000000006,,
manual_ground_truth_w0166_c02_i000,manual_ground_truth,166,2,Fp2,0,178,0.0,0.712,830.0,830.712,0.712,,
manual_ground_truth_w0166_c02_i001,manual_ground_truth,166,2,Fp2,563,1564,2.252,6.256,832.252,836.256,4.0040000000000004,,
manual_ground_truth_w0166_c02_i002,manual_ground_truth,166,2,Fp2,2094,2500,8.376,10.0,838.376,840.0,1.6240000000000006,,
manual_ground_truth_w0166_c14_i000,manual_ground_truth,166,14,F7,0,178,0.0,0.712,830.0,830.712,0.712,,
manual_ground_truth_w0166_c14_i001,manual_ground_truth,166,14,F7,563,1564,2.252,6.256,832.252,836.256,4.0040000000000004,,
manual_ground_truth_w0166_c14_i002,manual_ground_truth,166,14,F7,2094,2500,8.376,10.0,838.376,840.0,1.6240000000000006,,
manual_ground_truth_w0166_c15_i000,manual_ground_truth,166,15,F8,0,178,0.0,0.712,830.0,830.712,0.712,,
manual_ground_truth_w0166_c15_i001,manual_ground_truth,166,15,F8,563,1564,2.252,6.256,832.252,836.256,4.0040000000000004,,
manual_ground_truth_w0166_c15_i002,manual_ground_truth,166,15,F8,2094,2500,8.376,10.0,838.376,840.0,1.6240000000000006,,
manual_ground_truth_w0166_c32_i000,manual_ground_truth,166,32,T7,0,178,0.0,0.712,830.0,830.712,0.712,,
manual_ground_truth_w0166_c32_i001,manual_ground_truth,166,32,T7,563,1564,2.252,6.256,832.252,836.256,4.0040000000000004,,
manual_ground_truth_w0166_c32_i002,manual_ground_truth,166,32,T7,2094,2500,8.376,10.0,838.376,840.0,1.6240000000000006,,
manual_ground_truth_w0166_c33_i000,manual_ground_truth,166,33,T8,0,178,0.0,0.712,830.0,830.712,0.712,,
manual_ground_truth_w0166_c33_i001,manual_ground_truth,166,33,T8,563,1564,2.252,6.256,832.252,836.256,4.0040000000000004,,
manual_ground_truth_w0166_c33_i002,manual_ground_truth,166,33,T8,2094,2500,8.376,10.0,838.376,840.0,1.6240000000000006,,
manual_ground_truth_w0167_c01_i000,manual_ground_truth,167,1,Fp1,0,314,0.0,1.256,835.0,836.256,1.256,,
manual_ground_truth_w0167_c01_i001,manual_ground_truth,167,1,Fp1,844,1858,3.376,7.432,838.376,842.432,4.056000000000001,,
manual_ground_truth_w0167_c02_i000,manual_ground_truth,167,2,Fp2,0,314,0.0,1.256,835.0,836.256,1.256,,
manual_ground_truth_w0167_c02_i001,manual_ground_truth,167,2,Fp2,844,1858,3.376,7.432,838.376,842.432,4.056000000000001,,
manual_ground_truth_w0167_c14_i000,manual_ground_truth,167,14,F7,0,314,0.0,1.256,835.0,836.256,1.256,,
manual_ground_truth_w0167_c14_i001,manual_ground_truth,167,14,F7,844,1858,3.376,7.432,838.376,842.432,4.056000000000001,,
manual_ground_truth_w0167_c15_i000,manual_ground_truth,167,15,F8,0,314,0.0,1.256,835.0,836.256,1.256,,
manual_ground_truth_w0167_c15_i001,manual_ground_truth,167,15,F8,844,1858,3.376,7.432,838.376,842.432,4.056000000000001,,
manual_ground_truth_w0167_c32_i000,manual_ground_truth,167,32,T7,0,314,0.0,1.256,835.0,836.256,1.256,,
manual_ground_truth_w0167_c32_i001,manual_ground_truth,167,32,T7,844,1858,3.376,7.432,838.376,842.432,4.056000000000001,,
manual_ground_truth_w0167_c33_i000,manual_ground_truth,167,33,T8,0,314,0.0,1.256,835.0,836.256,1.256,,
manual_ground_truth_w0167_c33_i001,manual_ground_truth,167,33,T8,844,1858,3.376,7.432,838.376,842.432,4.056000000000001,,
manual_ground_truth_w0168_c01_i000,manual_ground_truth,168,1,Fp1,0,608,0.0,2.432,840.0,842.432,2.432,,
manual_ground_truth_w0168_c01_i001,manual_ground_truth,168,1,Fp1,1270,2164,5.08,8.656,845.08,848.656,3.5760000000000005,,
manual_ground_truth_w0168_c02_i000,manual_ground_truth,168,2,Fp2,0,608,0.0,2.432,840.0,842.432,2.432,,
manual_ground_truth_w0168_c02_i001,manual_ground_truth,168,2,Fp2,1270,2164,5.08,8.656,845.08,848.656,3.5760000000000005,,
manual_ground_truth_w0168_c14_i000,manual_ground_truth,168,14,F7,0,608,0.0,2.432,840.0,842.432,2.432,,
manual_ground_truth_w0168_c14_i001,manual_ground_truth,168,14,F7,1270,2164,5.08,8.656,845.08,848.656,3.5760000000000005,,
manual_ground_truth_w0168_c15_i000,manual_ground_truth,168,15,F8,0,608,0.0,2.432,840.0,842.432,2.432,,
manual_ground_truth_w0168_c15_i001,manual_ground_truth,168,15,F8,1270,2164,5.08,8.656,845.08,848.656,3.5760000000000005,,
manual_ground_truth_w0168_c32_i000,manual_ground_truth,168,32,T7,0,608,0.0,2.432,840.0,842.432,2.432,,
manual_ground_truth_w0168_c32_i001,manual_ground_truth,168,32,T7,1270,2164,5.08,8.656,845.08,848.656,3.5760000000000005,,
manual_ground_truth_w0168_c33_i000,manual_ground_truth,168,33,T8,0,608,0.0,2.432,840.0,842.432,2.432,,
manual_ground_truth_w0168_c33_i001,manual_ground_truth,168,33,T8,1270,2164,5.08,8.656,845.08,848.656,3.5760000000000005,,
manual_ground_truth_w0169_c01_i000,manual_ground_truth,169,1,Fp1,20,914,0.08,3.656,845.08,848.656,3.576,,
manual_ground_truth_w0169_c01_i001,manual_ground_truth,169,1,Fp1,1407,2312,5.628,9.248,850.628,854.248,3.619999999999999,,
manual_ground_truth_w0169_c02_i000,manual_ground_truth,169,2,Fp2,20,914,0.08,3.656,845.08,848.656,3.576,,
manual_ground_truth_w0169_c02_i001,manual_ground_truth,169,2,Fp2,1407,2312,5.628,9.248,850.628,854.248,3.619999999999999,,
manual_ground_truth_w0169_c14_i000,manual_ground_truth,169,14,F7,20,914,0.08,3.656,845.08,848.656,3.576,,
manual_ground_truth_w0169_c14_i001,manual_ground_truth,169,14,F7,1407,2312,5.628,9.248,850.628,854.248,3.619999999999999,,
manual_ground_truth_w0169_c15_i000,manual_ground_truth,169,15,F8,20,914,0.08,3.656,845.08,848.656,3.576,,
manual_ground_truth_w0169_c15_i001,manual_ground_truth,169,15,F8,1407,2312,5.628,9.248,850.628,854.248,3.619999999999999,,
manual_ground_truth_w0169_c32_i000,manual_ground_truth,169,32,T7,20,914,0.08,3.656,845.08,848.656,3.576,,
manual_ground_truth_w0169_c32_i001,manual_ground_truth,169,32,T7,1407,2312,5.628,9.248,850.628,854.248,3.619999999999999,,
manual_ground_truth_w0169_c33_i000,manual_ground_truth,169,33,T8,20,914,0.08,3.656,845.08,848.656,3.576,,
manual_ground_truth_w0169_c33_i001,manual_ground_truth,169,33,T8,1407,2312,5.628,9.248,850.628,854.248,3.619999999999999,,
manual_ground_truth_w0170_c01_i000,manual_ground_truth,170,1,Fp1,157,1062,0.628,4.248,850.628,854.248,3.62,,
manual_ground_truth_w0170_c01_i001,manual_ground_truth,170,1,Fp1,1749,2500,6.996,10.0,856.996,860.0,3.0039999999999996,,
manual_ground_truth_w0170_c02_i000,manual_ground_truth,170,2,Fp2,157,1062,0.628,4.248,850.628,854.248,3.62,,
manual_ground_truth_w0170_c02_i001,manual_ground_truth,170,2,Fp2,1749,2500,6.996,10.0,856.996,860.0,3.0039999999999996,,
manual_ground_truth_w0170_c14_i000,manual_ground_truth,170,14,F7,157,1062,0.628,4.248,850.628,854.248,3.62,,
manual_ground_truth_w0170_c14_i001,manual_ground_truth,170,14,F7,1749,2500,6.996,10.0,856.996,860.0,3.0039999999999996,,
manual_ground_truth_w0170_c15_i000,manual_ground_truth,170,15,F8,157,1062,0.628,4.248,850.628,854.248,3.62,,
manual_ground_truth_w0170_c15_i001,manual_ground_truth,170,15,F8,1749,2500,6.996,10.0,856.996,860.0,3.0039999999999996,,
manual_ground_truth_w0170_c32_i000,manual_ground_truth,170,32,T7,157,1062,0.628,4.248,850.628,854.248,3.62,,
manual_ground_truth_w0170_c32_i001,manual_ground_truth,170,32,T7,1749,2500,6.996,10.0,856.996,860.0,3.0039999999999996,,
manual_ground_truth_w0170_c33_i000,manual_ground_truth,170,33,T8,157,1062,0.628,4.248,850.628,854.248,3.62,,
manual_ground_truth_w0170_c33_i001,manual_ground_truth,170,33,T8,1749,2500,6.996,10.0,856.996,860.0,3.0039999999999996,,
manual_ground_truth_w0171_c01_i000,manual_ground_truth,171,1,Fp1,499,1295,1.996,5.18,856.996,860.18,3.1839999999999997,,
manual_ground_truth_w0171_c01_i001,manual_ground_truth,171,1,Fp1,1945,2500,7.78,10.0,862.78,865.0,2.2199999999999998,,
manual_ground_truth_w0171_c02_i000,manual_ground_truth,171,2,Fp2,499,1295,1.996,5.18,856.996,860.18,3.1839999999999997,,
manual_ground_truth_w0171_c02_i001,manual_ground_truth,171,2,Fp2,1945,2500,7.78,10.0,862.78,865.0,2.2199999999999998,,
manual_ground_truth_w0171_c14_i000,manual_ground_truth,171,14,F7,499,1295,1.996,5.18,856.996,860.18,3.1839999999999997,,
manual_ground_truth_w0171_c14_i001,manual_ground_truth,171,14,F7,1945,2500,7.78,10.0,862.78,865.0,2.2199999999999998,,
manual_ground_truth_w0171_c15_i000,manual_ground_truth,171,15,F8,499,1295,1.996,5.18,856.996,860.18,3.1839999999999997,,
manual_ground_truth_w0171_c15_i001,manual_ground_truth,171,15,F8,1945,2500,7.78,10.0,862.78,865.0,2.2199999999999998,,
manual_ground_truth_w0171_c32_i000,manual_ground_truth,171,32,T7,499,1295,1.996,5.18,856.996,860.18,3.1839999999999997,,
manual_ground_truth_w0171_c32_i001,manual_ground_truth,171,32,T7,1945,2500,7.78,10.0,862.78,865.0,2.2199999999999998,,
manual_ground_truth_w0171_c33_i000,manual_ground_truth,171,33,T8,499,1295,1.996,5.18,856.996,860.18,3.1839999999999997,,
manual_ground_truth_w0171_c33_i001,manual_ground_truth,171,33,T8,1945,2500,7.78,10.0,862.78,865.0,2.2199999999999998,,
manual_ground_truth_w0172_c01_i000,manual_ground_truth,172,1,Fp1,0,45,0.0,0.18,860.0,860.18,0.18,,
manual_ground_truth_w0172_c01_i001,manual_ground_truth,172,1,Fp1,695,1601,2.78,6.404,862.78,866.404,3.624,,
manual_ground_truth_w0172_c01_i002,manual_ground_truth,172,1,Fp1,2203,2500,8.812,10.0,868.812,870.0,1.1880000000000006,,
manual_ground_truth_w0172_c02_i000,manual_ground_truth,172,2,Fp2,0,45,0.0,0.18,860.0,860.18,0.18,,
manual_ground_truth_w0172_c02_i001,manual_ground_truth,172,2,Fp2,695,1601,2.78,6.404,862.78,866.404,3.624,,
manual_ground_truth_w0172_c02_i002,manual_ground_truth,172,2,Fp2,2203,2500,8.812,10.0,868.812,870.0,1.1880000000000006,,
manual_ground_truth_w0172_c14_i000,manual_ground_truth,172,14,F7,0,45,0.0,0.18,860.0,860.18,0.18,,
manual_ground_truth_w0172_c14_i001,manual_ground_truth,172,14,F7,695,1601,2.78,6.404,862.78,866.404,3.624,,
manual_ground_truth_w0172_c14_i002,manual_ground_truth,172,14,F7,2203,2500,8.812,10.0,868.812,870.0,1.1880000000000006,,
manual_ground_truth_w0172_c15_i000,manual_ground_truth,172,15,F8,0,45,0.0,0.18,860.0,860.18,0.18,,
manual_ground_truth_w0172_c15_i001,manual_ground_truth,172,15,F8,695,1601,2.78,6.404,862.78,866.404,3.624,,
manual_ground_truth_w0172_c15_i002,manual_ground_truth,172,15,F8,2203,2500,8.812,10.0,868.812,870.0,1.1880000000000006,,
manual_ground_truth_w0172_c32_i000,manual_ground_truth,172,32,T7,0,45,0.0,0.18,860.0,860.18,0.18,,
manual_ground_truth_w0172_c32_i001,manual_ground_truth,172,32,T7,695,1601,2.78,6.404,862.78,866.404,3.624,,
manual_ground_truth_w0172_c32_i002,manual_ground_truth,172,32,T7,2203,2500,8.812,10.0,868.812,870.0,1.1880000000000006,,
manual_ground_truth_w0172_c33_i000,manual_ground_truth,172,33,T8,0,45,0.0,0.18,860.0,860.18,0.18,,
manual_ground_truth_w0172_c33_i001,manual_ground_truth,172,33,T8,695,1601,2.78,6.404,862.78,866.404,3.624,,
manual_ground_truth_w0172_c33_i002,manual_ground_truth,172,33,T8,2203,2500,8.812,10.0,868.812,870.0,1.1880000000000006,,
manual_ground_truth_w0173_c01_i000,manual_ground_truth,173,1,Fp1,0,351,0.0,1.404,865.0,866.404,1.404,,
manual_ground_truth_w0173_c01_i001,manual_ground_truth,173,1,Fp1,953,1822,3.812,7.288,868.812,872.288,3.4760000000000004,,
manual_ground_truth_w0173_c01_i002,manual_ground_truth,173,1,Fp1,2484,2500,9.936,10.0,874.936,875.0,0.06400000000000006,,
manual_ground_truth_w0173_c02_i000,manual_ground_truth,173,2,Fp2,0,351,0.0,1.404,865.0,866.404,1.404,,
manual_ground_truth_w0173_c02_i001,manual_ground_truth,173,2,Fp2,953,1822,3.812,7.288,868.812,872.288,3.4760000000000004,,
manual_ground_truth_w0173_c02_i002,manual_ground_truth,173,2,Fp2,2484,2500,9.936,10.0,874.936,875.0,0.06400000000000006,,
manual_ground_truth_w0173_c14_i000,manual_ground_truth,173,14,F7,0,351,0.0,1.404,865.0,866.404,1.404,,
manual_ground_truth_w0173_c14_i001,manual_ground_truth,173,14,F7,953,1822,3.812,7.288,868.812,872.288,3.4760000000000004,,
manual_ground_truth_w0173_c14_i002,manual_ground_truth,173,14,F7,2484,2500,9.936,10.0,874.936,875.0,0.06400000000000006,,
manual_ground_truth_w0173_c15_i000,manual_ground_truth,173,15,F8,0,351,0.0,1.404,865.0,866.404,1.404,,
manual_ground_truth_w0173_c15_i001,manual_ground_truth,173,15,F8,953,1822,3.812,7.288,868.812,872.288,3.4760000000000004,,
manual_ground_truth_w0173_c15_i002,manual_ground_truth,173,15,F8,2484,2500,9.936,10.0,874.936,875.0,0.06400000000000006,,
manual_ground_truth_w0173_c32_i000,manual_ground_truth,173,32,T7,0,351,0.0,1.404,865.0,866.404,1.404,,
manual_ground_truth_w0173_c32_i001,manual_ground_truth,173,32,T7,953,1822,3.812,7.288,868.812,872.288,3.4760000000000004,,
manual_ground_truth_w0173_c32_i002,manual_ground_truth,173,32,T7,2484,2500,9.936,10.0,874.936,875.0,0.06400000000000006,,
manual_ground_truth_w0173_c33_i000,manual_ground_truth,173,33,T8,0,351,0.0,1.404,865.0,866.404,1.404,,
manual_ground_truth_w0173_c33_i001,manual_ground_truth,173,33,T8,953,1822,3.812,7.288,868.812,872.288,3.4760000000000004,,
manual_ground_truth_w0173_c33_i002,manual_ground_truth,173,33,T8,2484,2500,9.936,10.0,874.936,875.0,0.06400000000000006,,
manual_ground_truth_w0174_c01_i000,manual_ground_truth,174,1,Fp1,0,572,0.0,2.288,870.0,872.288,2.288,,
manual_ground_truth_w0174_c01_i001,manual_ground_truth,174,1,Fp1,1234,2067,4.936,8.268,874.936,878.268,3.3320000000000007,,
manual_ground_truth_w0174_c02_i000,manual_ground_truth,174,2,Fp2,0,572,0.0,2.288,870.0,872.288,2.288,,
manual_ground_truth_w0174_c02_i001,manual_ground_truth,174,2,Fp2,1234,2067,4.936,8.268,874.936,878.268,3.3320000000000007,,
manual_ground_truth_w0174_c14_i000,manual_ground_truth,174,14,F7,0,572,0.0,2.288,870.0,872.288,2.288,,
manual_ground_truth_w0174_c14_i001,manual_ground_truth,174,14,F7,1234,2067,4.936,8.268,874.936,878.268,3.3320000000000007,,
manual_ground_truth_w0174_c15_i000,manual_ground_truth,174,15,F8,0,572,0.0,2.288,870.0,872.288,2.288,,
manual_ground_truth_w0174_c15_i001,manual_ground_truth,174,15,F8,1234,2067,4.936,8.268,874.936,878.268,3.3320000000000007,,
manual_ground_truth_w0174_c32_i000,manual_ground_truth,174,32,T7,0,572,0.0,2.288,870.0,872.288,2.288,,
manual_ground_truth_w0174_c32_i001,manual_ground_truth,174,32,T7,1234,2067,4.936,8.268,874.936,878.268,3.3320000000000007,,
manual_ground_truth_w0174_c33_i000,manual_ground_truth,174,33,T8,0,572,0.0,2.288,870.0,872.288,2.288,,
manual_ground_truth_w0174_c33_i001,manual_ground_truth,174,33,T8,1234,2067,4.936,8.268,874.936,878.268,3.3320000000000007,,
manual_ground_truth_w0175_c01_i000,manual_ground_truth,175,1,Fp1,0,817,0.0,3.268,875.0,878.268,3.268,,
manual_ground_truth_w0175_c02_i000,manual_ground_truth,175,2,Fp2,0,817,0.0,3.268,875.0,878.268,3.268,,
manual_ground_truth_w0175_c14_i000,manual_ground_truth,175,14,F7,0,817,0.0,3.268,875.0,878.268,3.268,,
manual_ground_truth_w0175_c15_i000,manual_ground_truth,175,15,F8,0,817,0.0,3.268,875.0,878.268,3.268,,
manual_ground_truth_w0175_c32_i000,manual_ground_truth,175,32,T7,0,817,0.0,3.268,875.0,878.268,3.268,,
manual_ground_truth_w0175_c33_i000,manual_ground_truth,175,33,T8,0,817,0.0,3.268,875.0,878.268,3.268,,
manual_ground_truth_w0182_c00_i000,manual_ground_truth,182,0,Fpz,2361,2500,9.444,10.0,919.444,920.0,0.5559999999999992,,
manual_ground_truth_w0182_c01_i000,manual_ground_truth,182,1,Fp1,2361,2500,9.444,10.0,919.444,920.0,0.5559999999999992,,
manual_ground_truth_w0182_c02_i000,manual_ground_truth,182,2,Fp2,2361,2500,9.444,10.0,919.444,920.0,0.5559999999999992,,
manual_ground_truth_w0182_c03_i000,manual_ground_truth,182,3,AF3,2361,2500,9.444,10.0,919.444,920.0,0.5559999999999992,,
manual_ground_truth_w0182_c04_i000,manual_ground_truth,182,4,AF4,2361,2500,9.444,10.0,919.444,920.0,0.5559999999999992,,
manual_ground_truth_w0182_c05_i000,manual_ground_truth,182,5,AF7,2361,2500,9.444,10.0,919.444,920.0,0.5559999999999992,,
manual_ground_truth_w0182_c06_i000,manual_ground_truth,182,6,AF8,2361,2500,9.444,10.0,919.444,920.0,0.5559999999999992,,
manual_ground_truth_w0182_c07_i000,manual_ground_truth,182,7,Fz,2361,2500,9.444,10.0,919.444,920.0,0.5559999999999992,,
manual_ground_truth_w0182_c08_i000,manual_ground_truth,182,8,F1,2361,2500,9.444,10.0,919.444,920.0,0.5559999999999992,,
manual_ground_truth_w0182_c09_i000,manual_ground_truth,182,9,F2,2361,2500,9.444,10.0,919.444,920.0,0.5559999999999992,,
manual_ground_truth_w0182_c10_i000,manual_ground_truth,182,10,F3,2361,2500,9.444,10.0,919.444,920.0,0.5559999999999992,,
manual_ground_truth_w0182_c11_i000,manual_ground_truth,182,11,F4,2361,2500,9.444,10.0,919.444,920.0,0.5559999999999992,,
manual_ground_truth_w0182_c12_i000,manual_ground_truth,182,12,F5,2361,2500,9.444,10.0,919.444,920.0,0.5559999999999992,,
manual_ground_truth_w0182_c13_i000,manual_ground_truth,182,13,F6,2361,2500,9.444,10.0,919.444,920.0,0.5559999999999992,,
manual_ground_truth_w0182_c14_i000,manual_ground_truth,182,14,F7,2361,2500,9.444,10.0,919.444,920.0,0.5559999999999992,,
manual_ground_truth_w0182_c15_i000,manual_ground_truth,182,15,F8,2361,2500,9.444,10.0,919.444,920.0,0.5559999999999992,,
manual_ground_truth_w0182_c16_i000,manual_ground_truth,182,16,FCz,2361,2500,9.444,10.0,919.444,920.0,0.5559999999999992,,
manual_ground_truth_w0182_c17_i000,manual_ground_truth,182,17,FC1,2361,2500,9.444,10.0,919.444,920.0,0.5559999999999992,,
manual_ground_truth_w0182_c18_i000,manual_ground_truth,182,18,FC2,2361,2500,9.444,10.0,919.444,920.0,0.5559999999999992,,
manual_ground_truth_w0182_c19_i000,manual_ground_truth,182,19,FC3,2361,2500,9.444,10.0,919.444,920.0,0.5559999999999992,,
manual_ground_truth_w0182_c20_i000,manual_ground_truth,182,20,FC4,2361,2500,9.444,10.0,919.444,920.0,0.5559999999999992,,
manual_ground_truth_w0182_c21_i000,manual_ground_truth,182,21,FC5,2361,2500,9.444,10.0,919.444,920.0,0.5559999999999992,,
manual_ground_truth_w0182_c22_i000,manual_ground_truth,182,22,FC6,2361,2500,9.444,10.0,919.444,920.0,0.5559999999999992,,
manual_ground_truth_w0182_c23_i000,manual_ground_truth,182,23,FT7,2361,2500,9.444,10.0,919.444,920.0,0.5559999999999992,,
manual_ground_truth_w0182_c24_i000,manual_ground_truth,182,24,FT8,2361,2500,9.444,10.0,919.444,920.0,0.5559999999999992,,
manual_ground_truth_w0182_c25_i000,manual_ground_truth,182,25,Cz,2361,2500,9.444,10.0,919.444,920.0,0.5559999999999992,,
manual_ground_truth_w0182_c26_i000,manual_ground_truth,182,26,C1,2361,2500,9.444,10.0,919.444,920.0,0.5559999999999992,,
manual_ground_truth_w0182_c27_i000,manual_ground_truth,182,27,C2,2361,2500,9.444,10.0,919.444,920.0,0.5559999999999992,,
manual_ground_truth_w0182_c28_i000,manual_ground_truth,182,28,C3,2361,2500,9.444,10.0,919.444,920.0,0.5559999999999992,,
manual_ground_truth_w0182_c29_i000,manual_ground_truth,182,29,C4,2361,2500,9.444,10.0,919.444,920.0,0.5559999999999992,,
manual_ground_truth_w0182_c30_i000,manual_ground_truth,182,30,C5,2361,2500,9.444,10.0,919.444,920.0,0.5559999999999992,,
manual_ground_truth_w0182_c31_i000,manual_ground_truth,182,31,C6,2361,2500,9.444,10.0,919.444,920.0,0.5559999999999992,,
manual_ground_truth_w0182_c32_i000,manual_ground_truth,182,32,T7,2361,2500,9.444,10.0,919.444,920.0,0.5559999999999992,,
manual_ground_truth_w0182_c33_i000,manual_ground_truth,182,33,T8,2361,2500,9.444,10.0,919.444,920.0,0.5559999999999992,,
manual_ground_truth_w0182_c34_i000,manual_ground_truth,182,34,CP1,2361,2500,9.444,10.0,919.444,920.0,0.5559999999999992,,
manual_ground_truth_w0182_c35_i000,manual_ground_truth,182,35,CP2,2361,2500,9.444,10.0,919.444,920.0,0.5559999999999992,,
manual_ground_truth_w0182_c36_i000,manual_ground_truth,182,36,CP3,2361,2500,9.444,10.0,919.444,920.0,0.5559999999999992,,
manual_ground_truth_w0182_c37_i000,manual_ground_truth,182,37,CP4,2361,2500,9.444,10.0,919.444,920.0,0.5559999999999992,,
manual_ground_truth_w0182_c38_i000,manual_ground_truth,182,38,CP5,2361,2500,9.444,10.0,919.444,920.0,0.5559999999999992,,
manual_ground_truth_w0182_c39_i000,manual_ground_truth,182,39,CP6,2361,2500,9.444,10.0,919.444,920.0,0.5559999999999992,,
manual_ground_truth_w0182_c40_i000,manual_ground_truth,182,40,TP7,2361,2500,9.444,10.0,919.444,920.0,0.5559999999999992,,
manual_ground_truth_w0182_c41_i000,manual_ground_truth,182,41,TP8,2361,2500,9.444,10.0,919.444,920.0,0.5559999999999992,,
manual_ground_truth_w0182_c42_i000,manual_ground_truth,182,42,Pz,2361,2500,9.444,10.0,919.444,920.0,0.5559999999999992,,
manual_ground_truth_w0182_c43_i000,manual_ground_truth,182,43,P3,2361,2500,9.444,10.0,919.444,920.0,0.5559999999999992,,
manual_ground_truth_w0182_c44_i000,manual_ground_truth,182,44,P4,2361,2500,9.444,10.0,919.444,920.0,0.5559999999999992,,
manual_ground_truth_w0182_c45_i000,manual_ground_truth,182,45,P5,2361,2500,9.444,10.0,919.444,920.0,0.5559999999999992,,
manual_ground_truth_w0182_c46_i000,manual_ground_truth,182,46,P6,2361,2500,9.444,10.0,919.444,920.0,0.5559999999999992,,
manual_ground_truth_w0182_c47_i000,manual_ground_truth,182,47,P7,2361,2500,9.444,10.0,919.444,920.0,0.5559999999999992,,
manual_ground_truth_w0182_c48_i000,manual_ground_truth,182,48,P8,2361,2500,9.444,10.0,919.444,920.0,0.5559999999999992,,
manual_ground_truth_w0182_c49_i000,manual_ground_truth,182,49,POz,2361,2500,9.444,10.0,919.444,920.0,0.5559999999999992,,
manual_ground_truth_w0182_c50_i000,manual_ground_truth,182,50,PO3,2361,2500,9.444,10.0,919.444,920.0,0.5559999999999992,,
manual_ground_truth_w0182_c51_i000,manual_ground_truth,182,51,PO4,2361,2500,9.444,10.0,919.444,920.0,0.5559999999999992,,
manual_ground_truth_w0182_c52_i000,manual_ground_truth,182,52,PO5,2361,2500,9.444,10.0,919.444,920.0,0.5559999999999992,,
manual_ground_truth_w0182_c53_i000,manual_ground_truth,182,53,PO6,2361,2500,9.444,10.0,919.444,920.0,0.5559999999999992,,
manual_ground_truth_w0182_c54_i000,manual_ground_truth,182,54,PO7,2361,2500,9.444,10.0,919.444,920.0,0.5559999999999992,,
manual_ground_truth_w0182_c55_i000,manual_ground_truth,182,55,PO8,2361,2500,9.444,10.0,919.444,920.0,0.5559999999999992,,
manual_ground_truth_w0182_c56_i000,manual_ground_truth,182,56,Oz,2361,2500,9.444,10.0,919.444,920.0,0.5559999999999992,,
manual_ground_truth_w0182_c57_i000,manual_ground_truth,182,57,O1,2361,2500,9.444,10.0,919.444,920.0,0.5559999999999992,,
manual_ground_truth_w0182_c58_i000,manual_ground_truth,182,58,O2,2361,2500,9.444,10.0,919.444,920.0,0.5559999999999992,,
manual_ground_truth_w0183_c00_i000,manual_ground_truth,183,0,Fpz,1111,1329,4.444,5.316,919.444,920.316,0.8719999999999999,,
manual_ground_truth_w0183_c01_i000,manual_ground_truth,183,1,Fp1,1111,1329,4.444,5.316,919.444,920.316,0.8719999999999999,,
manual_ground_truth_w0183_c02_i000,manual_ground_truth,183,2,Fp2,1111,1329,4.444,5.316,919.444,920.316,0.8719999999999999,,
manual_ground_truth_w0183_c03_i000,manual_ground_truth,183,3,AF3,1111,1329,4.444,5.316,919.444,920.316,0.8719999999999999,,
manual_ground_truth_w0183_c04_i000,manual_ground_truth,183,4,AF4,1111,1329,4.444,5.316,919.444,920.316,0.8719999999999999,,
manual_ground_truth_w0183_c05_i000,manual_ground_truth,183,5,AF7,1111,1329,4.444,5.316,919.444,920.316,0.8719999999999999,,
manual_ground_truth_w0183_c06_i000,manual_ground_truth,183,6,AF8,1111,1329,4.444,5.316,919.444,920.316,0.8719999999999999,,
manual_ground_truth_w0183_c07_i000,manual_ground_truth,183,7,Fz,1111,1329,4.444,5.316,919.444,920.316,0.8719999999999999,,
manual_ground_truth_w0183_c08_i000,manual_ground_truth,183,8,F1,1111,1329,4.444,5.316,919.444,920.316,0.8719999999999999,,
manual_ground_truth_w0183_c09_i000,manual_ground_truth,183,9,F2,1111,1329,4.444,5.316,919.444,920.316,0.8719999999999999,,
manual_ground_truth_w0183_c10_i000,manual_ground_truth,183,10,F3,1111,1329,4.444,5.316,919.444,920.316,0.8719999999999999,,
manual_ground_truth_w0183_c11_i000,manual_ground_truth,183,11,F4,1111,1329,4.444,5.316,919.444,920.316,0.8719999999999999,,
manual_ground_truth_w0183_c12_i000,manual_ground_truth,183,12,F5,1111,1329,4.444,5.316,919.444,920.316,0.8719999999999999,,
manual_ground_truth_w0183_c13_i000,manual_ground_truth,183,13,F6,1111,1329,4.444,5.316,919.444,920.316,0.8719999999999999,,
manual_ground_truth_w0183_c14_i000,manual_ground_truth,183,14,F7,1111,1329,4.444,5.316,919.444,920.316,0.8719999999999999,,
manual_ground_truth_w0183_c15_i000,manual_ground_truth,183,15,F8,1111,1329,4.444,5.316,919.444,920.316,0.8719999999999999,,
manual_ground_truth_w0183_c16_i000,manual_ground_truth,183,16,FCz,1111,1329,4.444,5.316,919.444,920.316,0.8719999999999999,,
manual_ground_truth_w0183_c17_i000,manual_ground_truth,183,17,FC1,1111,1329,4.444,5.316,919.444,920.316,0.8719999999999999,,
manual_ground_truth_w0183_c18_i000,manual_ground_truth,183,18,FC2,1111,1329,4.444,5.316,919.444,920.316,0.8719999999999999,,
manual_ground_truth_w0183_c19_i000,manual_ground_truth,183,19,FC3,1111,1329,4.444,5.316,919.444,920.316,0.8719999999999999,,
manual_ground_truth_w0183_c20_i000,manual_ground_truth,183,20,FC4,1111,1329,4.444,5.316,919.444,920.316,0.8719999999999999,,
manual_ground_truth_w0183_c21_i000,manual_ground_truth,183,21,FC5,1111,1329,4.444,5.316,919.444,920.316,0.8719999999999999,,
manual_ground_truth_w0183_c22_i000,manual_ground_truth,183,22,FC6,1111,1329,4.444,5.316,919.444,920.316,0.8719999999999999,,
manual_ground_truth_w0183_c23_i000,manual_ground_truth,183,23,FT7,1111,1329,4.444,5.316,919.444,920.316,0.8719999999999999,,
manual_ground_truth_w0183_c24_i000,manual_ground_truth,183,24,FT8,1111,1329,4.444,5.316,919.444,920.316,0.8719999999999999,,
manual_ground_truth_w0183_c25_i000,manual_ground_truth,183,25,Cz,1111,1329,4.444,5.316,919.444,920.316,0.8719999999999999,,
manual_ground_truth_w0183_c26_i000,manual_ground_truth,183,26,C1,1111,1329,4.444,5.316,919.444,920.316,0.8719999999999999,,
manual_ground_truth_w0183_c27_i000,manual_ground_truth,183,27,C2,1111,1329,4.444,5.316,919.444,920.316,0.8719999999999999,,
manual_ground_truth_w0183_c28_i000,manual_ground_truth,183,28,C3,1111,1329,4.444,5.316,919.444,920.316,0.8719999999999999,,
manual_ground_truth_w0183_c29_i000,manual_ground_truth,183,29,C4,1111,1329,4.444,5.316,919.444,920.316,0.8719999999999999,,
manual_ground_truth_w0183_c30_i000,manual_ground_truth,183,30,C5,1111,1329,4.444,5.316,919.444,920.316,0.8719999999999999,,
manual_ground_truth_w0183_c31_i000,manual_ground_truth,183,31,C6,1111,1329,4.444,5.316,919.444,920.316,0.8719999999999999,,
manual_ground_truth_w0183_c32_i000,manual_ground_truth,183,32,T7,1111,1329,4.444,5.316,919.444,920.316,0.8719999999999999,,
manual_ground_truth_w0183_c33_i000,manual_ground_truth,183,33,T8,1111,1329,4.444,5.316,919.444,920.316,0.8719999999999999,,
manual_ground_truth_w0183_c34_i000,manual_ground_truth,183,34,CP1,1111,1329,4.444,5.316,919.444,920.316,0.8719999999999999,,
manual_ground_truth_w0183_c35_i000,manual_ground_truth,183,35,CP2,1111,1329,4.444,5.316,919.444,920.316,0.8719999999999999,,
manual_ground_truth_w0183_c36_i000,manual_ground_truth,183,36,CP3,1111,1329,4.444,5.316,919.444,920.316,0.8719999999999999,,
manual_ground_truth_w0183_c37_i000,manual_ground_truth,183,37,CP4,1111,1329,4.444,5.316,919.444,920.316,0.8719999999999999,,
manual_ground_truth_w0183_c38_i000,manual_ground_truth,183,38,CP5,1111,1329,4.444,5.316,919.444,920.316,0.8719999999999999,,
manual_ground_truth_w0183_c39_i000,manual_ground_truth,183,39,CP6,1111,1329,4.444,5.316,919.444,920.316,0.8719999999999999,,
manual_ground_truth_w0183_c40_i000,manual_ground_truth,183,40,TP7,1111,1329,4.444,5.316,919.444,920.316,0.8719999999999999,,
manual_ground_truth_w0183_c41_i000,manual_ground_truth,183,41,TP8,1111,1329,4.444,5.316,919.444,920.316,0.8719999999999999,,
manual_ground_truth_w0183_c42_i000,manual_ground_truth,183,42,Pz,1111,1329,4.444,5.316,919.444,920.316,0.8719999999999999,,
manual_ground_truth_w0183_c43_i000,manual_ground_truth,183,43,P3,1111,1329,4.444,5.316,919.444,920.316,0.8719999999999999,,
manual_ground_truth_w0183_c44_i000,manual_ground_truth,183,44,P4,1111,1329,4.444,5.316,919.444,920.316,0.8719999999999999,,
manual_ground_truth_w0183_c45_i000,manual_ground_truth,183,45,P5,1111,1329,4.444,5.316,919.444,920.316,0.8719999999999999,,
manual_ground_truth_w0183_c46_i000,manual_ground_truth,183,46,P6,1111,1329,4.444,5.316,919.444,920.316,0.8719999999999999,,
manual_ground_truth_w0183_c47_i000,manual_ground_truth,183,47,P7,1111,1329,4.444,5.316,919.444,920.316,0.8719999999999999,,
manual_ground_truth_w0183_c48_i000,manual_ground_truth,183,48,P8,1111,1329,4.444,5.316,919.444,920.316,0.8719999999999999,,
manual_ground_truth_w0183_c49_i000,manual_ground_truth,183,49,POz,1111,1329,4.444,5.316,919.444,920.316,0.8719999999999999,,
manual_ground_truth_w0183_c50_i000,manual_ground_truth,183,50,PO3,1111,1329,4.444,5.316,919.444,920.316,0.8719999999999999,,
manual_ground_truth_w0183_c51_i000,manual_ground_truth,183,51,PO4,1111,1329,4.444,5.316,919.444,920.316,0.8719999999999999,,
manual_ground_truth_w0183_c52_i000,manual_ground_truth,183,52,PO5,1111,1329,4.444,5.316,919.444,920.316,0.8719999999999999,,
manual_ground_truth_w0183_c53_i000,manual_ground_truth,183,53,PO6,1111,1329,4.444,5.316,919.444,920.316,0.8719999999999999,,
manual_ground_truth_w0183_c54_i000,manual_ground_truth,183,54,PO7,1111,1329,4.444,5.316,919.444,920.316,0.8719999999999999,,
manual_ground_truth_w0183_c55_i000,manual_ground_truth,183,55,PO8,1111,1329,4.444,5.316,919.444,920.316,0.8719999999999999,,
manual_ground_truth_w0183_c56_i000,manual_ground_truth,183,56,Oz,1111,1329,4.444,5.316,919.444,920.316,0.8719999999999999,,
manual_ground_truth_w0183_c57_i000,manual_ground_truth,183,57,O1,1111,1329,4.444,5.316,919.444,920.316,0.8719999999999999,,
manual_ground_truth_w0183_c58_i000,manual_ground_truth,183,58,O2,1111,1329,4.444,5.316,919.444,920.316,0.8719999999999999,,
manual_ground_truth_w0184_c00_i000,manual_ground_truth,184,0,Fpz,0,79,0.0,0.316,920.0,920.316,0.316,,
manual_ground_truth_w0184_c01_i000,manual_ground_truth,184,1,Fp1,0,79,0.0,0.316,920.0,920.316,0.316,,
manual_ground_truth_w0184_c02_i000,manual_ground_truth,184,2,Fp2,0,79,0.0,0.316,920.0,920.316,0.316,,
manual_ground_truth_w0184_c03_i000,manual_ground_truth,184,3,AF3,0,79,0.0,0.316,920.0,920.316,0.316,,
manual_ground_truth_w0184_c04_i000,manual_ground_truth,184,4,AF4,0,79,0.0,0.316,920.0,920.316,0.316,,
manual_ground_truth_w0184_c05_i000,manual_ground_truth,184,5,AF7,0,79,0.0,0.316,920.0,920.316,0.316,,
manual_ground_truth_w0184_c06_i000,manual_ground_truth,184,6,AF8,0,79,0.0,0.316,920.0,920.316,0.316,,
manual_ground_truth_w0184_c07_i000,manual_ground_truth,184,7,Fz,0,79,0.0,0.316,920.0,920.316,0.316,,
manual_ground_truth_w0184_c08_i000,manual_ground_truth,184,8,F1,0,79,0.0,0.316,920.0,920.316,0.316,,
manual_ground_truth_w0184_c09_i000,manual_ground_truth,184,9,F2,0,79,0.0,0.316,920.0,920.316,0.316,,
manual_ground_truth_w0184_c10_i000,manual_ground_truth,184,10,F3,0,79,0.0,0.316,920.0,920.316,0.316,,
manual_ground_truth_w0184_c11_i000,manual_ground_truth,184,11,F4,0,79,0.0,0.316,920.0,920.316,0.316,,
manual_ground_truth_w0184_c12_i000,manual_ground_truth,184,12,F5,0,79,0.0,0.316,920.0,920.316,0.316,,
manual_ground_truth_w0184_c13_i000,manual_ground_truth,184,13,F6,0,79,0.0,0.316,920.0,920.316,0.316,,
manual_ground_truth_w0184_c14_i000,manual_ground_truth,184,14,F7,0,79,0.0,0.316,920.0,920.316,0.316,,
manual_ground_truth_w0184_c15_i000,manual_ground_truth,184,15,F8,0,79,0.0,0.316,920.0,920.316,0.316,,
manual_ground_truth_w0184_c16_i000,manual_ground_truth,184,16,FCz,0,79,0.0,0.316,920.0,920.316,0.316,,
manual_ground_truth_w0184_c17_i000,manual_ground_truth,184,17,FC1,0,79,0.0,0.316,920.0,920.316,0.316,,
manual_ground_truth_w0184_c18_i000,manual_ground_truth,184,18,FC2,0,79,0.0,0.316,920.0,920.316,0.316,,
manual_ground_truth_w0184_c19_i000,manual_ground_truth,184,19,FC3,0,79,0.0,0.316,920.0,920.316,0.316,,
manual_ground_truth_w0184_c20_i000,manual_ground_truth,184,20,FC4,0,79,0.0,0.316,920.0,920.316,0.316,,
manual_ground_truth_w0184_c21_i000,manual_ground_truth,184,21,FC5,0,79,0.0,0.316,920.0,920.316,0.316,,
manual_ground_truth_w0184_c22_i000,manual_ground_truth,184,22,FC6,0,79,0.0,0.316,920.0,920.316,0.316,,
manual_ground_truth_w0184_c23_i000,manual_ground_truth,184,23,FT7,0,79,0.0,0.316,920.0,920.316,0.316,,
manual_ground_truth_w0184_c24_i000,manual_ground_truth,184,24,FT8,0,79,0.0,0.316,920.0,920.316,0.316,,
manual_ground_truth_w0184_c25_i000,manual_ground_truth,184,25,Cz,0,79,0.0,0.316,920.0,920.316,0.316,,
manual_ground_truth_w0184_c26_i000,manual_ground_truth,184,26,C1,0,79,0.0,0.316,920.0,920.316,0.316,,
manual_ground_truth_w0184_c27_i000,manual_ground_truth,184,27,C2,0,79,0.0,0.316,920.0,920.316,0.316,,
manual_ground_truth_w0184_c28_i000,manual_ground_truth,184,28,C3,0,79,0.0,0.316,920.0,920.316,0.316,,
manual_ground_truth_w0184_c29_i000,manual_ground_truth,184,29,C4,0,79,0.0,0.316,920.0,920.316,0.316,,
manual_ground_truth_w0184_c30_i000,manual_ground_truth,184,30,C5,0,79,0.0,0.316,920.0,920.316,0.316,,
manual_ground_truth_w0184_c31_i000,manual_ground_truth,184,31,C6,0,79,0.0,0.316,920.0,920.316,0.316,,
manual_ground_truth_w0184_c32_i000,manual_ground_truth,184,32,T7,0,79,0.0,0.316,920.0,920.316,0.316,,
manual_ground_truth_w0184_c33_i000,manual_ground_truth,184,33,T8,0,79,0.0,0.316,920.0,920.316,0.316,,
manual_ground_truth_w0184_c34_i000,manual_ground_truth,184,34,CP1,0,79,0.0,0.316,920.0,920.316,0.316,,
manual_ground_truth_w0184_c35_i000,manual_ground_truth,184,35,CP2,0,79,0.0,0.316,920.0,920.316,0.316,,
manual_ground_truth_w0184_c36_i000,manual_ground_truth,184,36,CP3,0,79,0.0,0.316,920.0,920.316,0.316,,
manual_ground_truth_w0184_c37_i000,manual_ground_truth,184,37,CP4,0,79,0.0,0.316,920.0,920.316,0.316,,
manual_ground_truth_w0184_c38_i000,manual_ground_truth,184,38,CP5,0,79,0.0,0.316,920.0,920.316,0.316,,
manual_ground_truth_w0184_c39_i000,manual_ground_truth,184,39,CP6,0,79,0.0,0.316,920.0,920.316,0.316,,
manual_ground_truth_w0184_c40_i000,manual_ground_truth,184,40,TP7,0,79,0.0,0.316,920.0,920.316,0.316,,
manual_ground_truth_w0184_c41_i000,manual_ground_truth,184,41,TP8,0,79,0.0,0.316,920.0,920.316,0.316,,
manual_ground_truth_w0184_c42_i000,manual_ground_truth,184,42,Pz,0,79,0.0,0.316,920.0,920.316,0.316,,
manual_ground_truth_w0184_c43_i000,manual_ground_truth,184,43,P3,0,79,0.0,0.316,920.0,920.316,0.316,,
manual_ground_truth_w0184_c44_i000,manual_ground_truth,184,44,P4,0,79,0.0,0.316,920.0,920.316,0.316,,
manual_ground_truth_w0184_c45_i000,manual_ground_truth,184,45,P5,0,79,0.0,0.316,920.0,920.316,0.316,,
manual_ground_truth_w0184_c46_i000,manual_ground_truth,184,46,P6,0,79,0.0,0.316,920.0,920.316,0.316,,
manual_ground_truth_w0184_c47_i000,manual_ground_truth,184,47,P7,0,79,0.0,0.316,920.0,920.316,0.316,,
manual_ground_truth_w0184_c48_i000,manual_ground_truth,184,48,P8,0,79,0.0,0.316,920.0,920.316,0.316,,
manual_ground_truth_w0184_c49_i000,manual_ground_truth,184,49,POz,0,79,0.0,0.316,920.0,920.316,0.316,,
manual_ground_truth_w0184_c50_i000,manual_ground_truth,184,50,PO3,0,79,0.0,0.316,920.0,920.316,0.316,,
manual_ground_truth_w0184_c51_i000,manual_ground_truth,184,51,PO4,0,79,0.0,0.316,920.0,920.316,0.316,,
manual_ground_truth_w0184_c52_i000,manual_ground_truth,184,52,PO5,0,79,0.0,0.316,920.0,920.316,0.316,,
manual_ground_truth_w0184_c53_i000,manual_ground_truth,184,53,PO6,0,79,0.0,0.316,920.0,920.316,0.316,,
manual_ground_truth_w0184_c54_i000,manual_ground_truth,184,54,PO7,0,79,0.0,0.316,920.0,920.316,0.316,,
manual_ground_truth_w0184_c55_i000,manual_ground_truth,184,55,PO8,0,79,0.0,0.316,920.0,920.316,0.316,,
manual_ground_truth_w0184_c56_i000,manual_ground_truth,184,56,Oz,0,79,0.0,0.316,920.0,920.316,0.316,,
manual_ground_truth_w0184_c57_i000,manual_ground_truth,184,57,O1,0,79,0.0,0.316,920.0,920.316,0.316,,
manual_ground_truth_w0184_c58_i000,manual_ground_truth,184,58,O2,0,79,0.0,0.316,920.0,920.316,0.316,,
manual_ground_truth_w0188_c01_i000,manual_ground_truth,188,1,Fp1,1776,2308,7.104,9.232,947.104,949.232,2.1279999999999992,,
manual_ground_truth_w0188_c02_i000,manual_ground_truth,188,2,Fp2,1776,2308,7.104,9.232,947.104,949.232,2.1279999999999992,,
manual_ground_truth_w0188_c10_i000,manual_ground_truth,188,10,F3,1776,2308,7.104,9.232,947.104,949.232,2.1279999999999992,,
manual_ground_truth_w0188_c11_i000,manual_ground_truth,188,11,F4,1776,2308,7.104,9.232,947.104,949.232,2.1279999999999992,,
manual_ground_truth_w0188_c14_i000,manual_ground_truth,188,14,F7,1776,2308,7.104,9.232,947.104,949.232,2.1279999999999992,,
manual_ground_truth_w0188_c15_i000,manual_ground_truth,188,15,F8,1776,2308,7.104,9.232,947.104,949.232,2.1279999999999992,,
manual_ground_truth_w0188_c32_i000,manual_ground_truth,188,32,T7,1776,2308,7.104,9.232,947.104,949.232,2.1279999999999992,,
manual_ground_truth_w0188_c33_i000,manual_ground_truth,188,33,T8,1776,2308,7.104,9.232,947.104,949.232,2.1279999999999992,,
manual_ground_truth_w0189_c01_i000,manual_ground_truth,189,1,Fp1,526,1058,2.104,4.232,947.104,949.232,2.128,,
manual_ground_truth_w0189_c02_i000,manual_ground_truth,189,2,Fp2,526,1058,2.104,4.232,947.104,949.232,2.128,,
manual_ground_truth_w0189_c10_i000,manual_ground_truth,189,10,F3,526,1058,2.104,4.232,947.104,949.232,2.128,,
manual_ground_truth_w0189_c11_i000,manual_ground_truth,189,11,F4,526,1058,2.104,4.232,947.104,949.232,2.128,,
manual_ground_truth_w0189_c14_i000,manual_ground_truth,189,14,F7,526,1058,2.104,4.232,947.104,949.232,2.128,,
manual_ground_truth_w0189_c15_i000,manual_ground_truth,189,15,F8,526,1058,2.104,4.232,947.104,949.232,2.128,,
manual_ground_truth_w0189_c32_i000,manual_ground_truth,189,32,T7,526,1058,2.104,4.232,947.104,949.232,2.128,,
manual_ground_truth_w0189_c33_i000,manual_ground_truth,189,33,T8,526,1058,2.104,4.232,947.104,949.232,2.128,,
manual_ground_truth_w0194_c01_i000,manual_ground_truth,194,1,Fp1,1547,2235,6.188,8.94,976.188,978.94,2.752,,
manual_ground_truth_w0194_c02_i000,manual_ground_truth,194,2,Fp2,1547,2235,6.188,8.94,976.188,978.94,2.752,,
manual_ground_truth_w0194_c10_i000,manual_ground_truth,194,10,F3,1547,2235,6.188,8.94,976.188,978.94,2.752,,
manual_ground_truth_w0194_c11_i000,manual_ground_truth,194,11,F4,1547,2235,6.188,8.94,976.188,978.94,2.752,,
manual_ground_truth_w0194_c14_i000,manual_ground_truth,194,14,F7,1547,2235,6.188,8.94,976.188,978.94,2.752,,
manual_ground_truth_w0194_c15_i000,manual_ground_truth,194,15,F8,1547,2235,6.188,8.94,976.188,978.94,2.752,,
manual_ground_truth_w0194_c32_i000,manual_ground_truth,194,32,T7,1547,2235,6.188,8.94,976.188,978.94,2.752,,
manual_ground_truth_w0194_c33_i000,manual_ground_truth,194,33,T8,1547,2235,6.188,8.94,976.188,978.94,2.752,,
manual_ground_truth_w0195_c01_i000,manual_ground_truth,195,1,Fp1,297,985,1.188,3.94,976.188,978.94,2.752,,
manual_ground_truth_w0195_c02_i000,manual_ground_truth,195,2,Fp2,297,985,1.188,3.94,976.188,978.94,2.752,,
manual_ground_truth_w0195_c10_i000,manual_ground_truth,195,10,F3,297,985,1.188,3.94,976.188,978.94,2.752,,
manual_ground_truth_w0195_c11_i000,manual_ground_truth,195,11,F4,297,985,1.188,3.94,976.188,978.94,2.752,,
manual_ground_truth_w0195_c14_i000,manual_ground_truth,195,14,F7,297,985,1.188,3.94,976.188,978.94,2.752,,
manual_ground_truth_w0195_c15_i000,manual_ground_truth,195,15,F8,297,985,1.188,3.94,976.188,978.94,2.752,,
manual_ground_truth_w0195_c32_i000,manual_ground_truth,195,32,T7,297,985,1.188,3.94,976.188,978.94,2.752,,
manual_ground_truth_w0195_c33_i000,manual_ground_truth,195,33,T8,297,985,1.188,3.94,976.188,978.94,2.752,,
manual_ground_truth_w0219_c01_i000,manual_ground_truth,219,1,Fp1,1562,1804,6.248,7.216,1101.248,1102.216,0.968,,
manual_ground_truth_w0219_c02_i000,manual_ground_truth,219,2,Fp2,1562,1804,6.248,7.216,1101.248,1102.216,0.968,,
manual_ground_truth_w0219_c10_i000,manual_ground_truth,219,10,F3,1562,1804,6.248,7.216,1101.248,1102.216,0.968,,
manual_ground_truth_w0219_c11_i000,manual_ground_truth,219,11,F4,1562,1804,6.248,7.216,1101.248,1102.216,0.968,,
manual_ground_truth_w0219_c14_i000,manual_ground_truth,219,14,F7,1562,1804,6.248,7.216,1101.248,1102.216,0.968,,
manual_ground_truth_w0219_c15_i000,manual_ground_truth,219,15,F8,1562,1804,6.248,7.216,1101.248,1102.216,0.968,,
manual_ground_truth_w0219_c29_i000,manual_ground_truth,219,29,C4,1562,1804,6.248,7.216,1101.248,1102.216,0.968,,
manual_ground_truth_w0219_c32_i000,manual_ground_truth,219,32,T7,1562,1804,6.248,7.216,1101.248,1102.216,0.968,,
manual_ground_truth_w0219_c33_i000,manual_ground_truth,219,33,T8,1562,1804,6.248,7.216,1101.248,1102.216,0.968,,
manual_ground_truth_w0219_c48_i000,manual_ground_truth,219,48,P8,1562,1804,6.248,7.216,1101.248,1102.216,0.968,,
manual_ground_truth_w0220_c01_i000,manual_ground_truth,220,1,Fp1,312,554,1.248,2.216,1101.248,1102.216,0.9680000000000002,,
manual_ground_truth_w0220_c02_i000,manual_ground_truth,220,2,Fp2,312,554,1.248,2.216,1101.248,1102.216,0.9680000000000002,,
manual_ground_truth_w0220_c10_i000,manual_ground_truth,220,10,F3,312,554,1.248,2.216,1101.248,1102.216,0.9680000000000002,,
manual_ground_truth_w0220_c11_i000,manual_ground_truth,220,11,F4,312,554,1.248,2.216,1101.248,1102.216,0.9680000000000002,,
manual_ground_truth_w0220_c14_i000,manual_ground_truth,220,14,F7,312,554,1.248,2.216,1101.248,1102.216,0.9680000000000002,,
manual_ground_truth_w0220_c15_i000,manual_ground_truth,220,15,F8,312,554,1.248,2.216,1101.248,1102.216,0.9680000000000002,,
manual_ground_truth_w0220_c29_i000,manual_ground_truth,220,29,C4,312,554,1.248,2.216,1101.248,1102.216,0.9680000000000002,,
manual_ground_truth_w0220_c32_i000,manual_ground_truth,220,32,T7,312,554,1.248,2.216,1101.248,1102.216,0.9680000000000002,,
manual_ground_truth_w0220_c33_i000,manual_ground_truth,220,33,T8,312,554,1.248,2.216,1101.248,1102.216,0.9680000000000002,,
manual_ground_truth_w0220_c48_i000,manual_ground_truth,220,48,P8,312,554,1.248,2.216,1101.248,1102.216,0.9680000000000002,,
manual_ground_truth_w0225_c01_i000,manual_ground_truth,225,1,Fp1,1802,2032,7.208,8.128,1132.208,1133.128,0.9199999999999999,,
manual_ground_truth_w0225_c02_i000,manual_ground_truth,225,2,Fp2,1802,2032,7.208,8.128,1132.208,1133.128,0.9199999999999999,,
manual_ground_truth_w0225_c10_i000,manual_ground_truth,225,10,F3,1802,2032,7.208,8.128,1132.208,1133.128,0.9199999999999999,,
manual_ground_truth_w0225_c11_i000,manual_ground_truth,225,11,F4,1802,2032,7.208,8.128,1132.208,1133.128,0.9199999999999999,,
manual_ground_truth_w0225_c14_i000,manual_ground_truth,225,14,F7,1802,2032,7.208,8.128,1132.208,1133.128,0.9199999999999999,,
manual_ground_truth_w0225_c15_i000,manual_ground_truth,225,15,F8,1802,2032,7.208,8.128,1132.208,1133.128,0.9199999999999999,,
manual_ground_truth_w0225_c29_i000,manual_ground_truth,225,29,C4,1802,2032,7.208,8.128,1132.208,1133.128,0.9199999999999999,,
manual_ground_truth_w0225_c32_i000,manual_ground_truth,225,32,T7,1802,2032,7.208,8.128,1132.208,1133.128,0.9199999999999999,,
manual_ground_truth_w0225_c33_i000,manual_ground_truth,225,33,T8,1802,2032,7.208,8.128,1132.208,1133.128,0.9199999999999999,,
manual_ground_truth_w0225_c48_i000,manual_ground_truth,225,48,P8,1802,2032,7.208,8.128,1132.208,1133.128,0.9199999999999999,,
